video,170050715865916,1000000000,170050.74187866668,true
video,170050740865708,1000000000,170050.74227895835,true
video,170050757532250,1000000000,170050.7526692917,true
audio,170050735382958,1000000000,170050.75922920834,true
video,170050774198916,1000000000,170050.77055175,true
audio,170050755382958,1000000000,170050.77964929168,true
video,170050790865500,1000000000,170050.78849025,true
audio,170050775382958,1000000000,170050.80088275002,true
video,170050807532083,1000000000,170050.8054689167,true
audio,170050795382958,1000000000,170050.82226770834,true
video,170050824198708,1000000000,170050.82257770834,true
video,170050840865291,1000000000,170050.83953908333,true
audio,170050815382958,1000000000,170050.84361841666,true
video,170050857532000,1000000000,170050.85640516668,true
audio,170050835382958,1000000000,170050.86496229167,true
video,170050874198500,1000000000,170050.87406620834,true
audio,170050855382958,1000000000,170050.88631016668,true
video,170050890865208,1000000000,170050.89102991667,true
audio,170050875382916,1000000000,170050.90764337502,true
video,170050907531708,1000000000,170050.9077534167,true
video,170050932531583,1000000000,170050.92718570834,true
audio,170050895382958,1000000000,170050.9289045,true
video,170050949198208,1000000000,170050.9440705,true
audio,170050915382958,1000000000,170050.95025245834,true
video,170050965864791,1000000000,170050.96156254166,true
audio,170050935382958,1000000000,170050.97163891667,true
video,170050982531458,1000000000,170050.97942554168,true
audio,170050955382958,1000000000,170050.99297054167,true
video,170050999197916,1000000000,170050.99661079168,true
video,170051015864541,1000000000,170051.01399525002,true
audio,170050975382958,1000000000,170051.01425104166,true
video,170051032531125,1000000000,170051.03105766667,true
audio,170050995382958,1000000000,170051.035609125,true
audio,170051015382958,1000000000,170051.03565204167,true
video,170051049197833,1000000000,170051.04805150002,true
audio,170051035382958,1000000000,170051.05693166668,true
video,170051065864458,1000000000,170051.065156625,true
audio,170051055382958,1000000000,170051.07827854168,true
video,170051082530958,1000000000,170051.08188820834,true
video,170051099197541,1000000000,170051.0992820417,true
audio,170051075382958,1000000000,170051.09962020835,true
video,170051115864125,1000000000,170051.116140625,true
audio,170051095382916,1000000000,170051.12098375,true
video,170051132530708,1000000000,170051.13286995835,true
audio,170051115382958,1000000000,170051.14228458333,true
video,170051157530625,1000000000,170051.153193875,true
audio,170051135382958,1000000000,170051.16362541667,true
video,170051174197208,1000000000,170051.170969,true
audio,170051155382916,1000000000,170051.18494958334,true
video,170051190863916,1000000000,170051.18787570833,true
video,170051207530416,1000000000,170051.20491945834,true
audio,170051175382958,1000000000,170051.2062649167,true
video,170051224197125,1000000000,170051.22170708334,true
audio,170051195382958,1000000000,170051.22767583333,true
video,170051240863750,1000000000,170051.23929316667,true
audio,170051215382958,1000000000,170051.24894320834,true
video,170051257530208,1000000000,170051.25589416668,true
audio,170051235382958,1000000000,170051.27027133334,true
video,170051274196875,1000000000,170051.27368208335,true
video,170051290863416,1000000000,170051.29118391668,true
audio,170051255382958,1000000000,170051.29154641667,true
video,170051315863416,1000000000,170051.31110020835,true
audio,170051275382958,1000000000,170051.31295104168,true
video,170051332530041,1000000000,170051.3291892917,true
audio,170051295382958,1000000000,170051.33424808335,true
video,170051349196625,1000000000,170051.34683770835,true
audio,170051315382958,1000000000,170051.35566958334,true
audio,170051335382958,1000000000,170051.355748375,true
video,170051365863125,1000000000,170051.364722125,true
audio,170051355382958,1000000000,170051.37702008334,true
video,170051382529708,1000000000,170051.38144325002,true
audio,170051375382916,1000000000,170051.39834554167,true
video,170051399196333,1000000000,170051.39876050001,true
video,170051415862916,1000000000,170051.41603800002,true
audio,170051395382958,1000000000,170051.41959595834,true
video,170051432529500,1000000000,170051.43276516668,true
audio,170051415382958,1000000000,170051.44093441666,true
video,170051449196125,1000000000,170051.449518625,true
audio,170051435382958,1000000000,170051.46223341668,true
video,170051474196125,1000000000,170051.46931645833,true
audio,170051455382958,1000000000,170051.48357100002,true
video,170051490862625,1000000000,170051.48668716667,true
video,170051507529208,1000000000,170051.50375612502,true
audio,170051475382958,1000000000,170051.50491258333,true
video,170051524195833,1000000000,170051.52054658334,true
audio,170051495382958,1000000000,170051.52626954167,true
video,170051540862375,1000000000,170051.53768554167,true
audio,170051515382958,1000000000,170051.54767079168,true
video,170051557528958,1000000000,170051.55515875,true
audio,170051535382958,1000000000,170051.56896408333,true
video,170051574195583,1000000000,170051.57208291668,true
video,170051590862166,1000000000,170051.58935304167,true
audio,170051555382958,1000000000,170051.59023329167,true
video,170051607528875,1000000000,170051.60613908333,true
audio,170051575382958,1000000000,170051.61161683334,true
video,170051624195375,1000000000,170051.62352391667,true
audio,170051595382916,1000000000,170051.6329594167,true
video,170051640862083,1000000000,170051.64086975,true
audio,170051615382958,1000000000,170051.654281625,true
video,170051657528583,1000000000,170051.65776395836,true
audio,170051635382958,1000000000,170051.67560754166,true
audio,170051655382916,1000000000,170051.67567712502,true
video,170051682528458,1000000000,170051.676982375,true
video,170051699195083,1000000000,170051.69403879167,true
audio,170051675382958,1000000000,170051.6969229167,true
video,170051715861666,1000000000,170051.71071520835,true
video,170051732528250,1000000000,170051.72865241667,true
audio,170051695382958,1000000000,170051.73964758334,true
video,170051749194958,1000000000,170051.7453415,true
audio,170051715382958,1000000000,170051.76105083333,true
video,170051765861458,1000000000,170051.7627405,true
video,170051782528083,1000000000,170051.779569125,true
audio,170051735382958,1000000000,170051.78227525,true
video,170051799194666,1000000000,170051.79650704167,true
audio,170051755382958,1000000000,170051.803599875,true
video,170051815861375,1000000000,170051.81404129168,true
audio,170051775382958,1000000000,170051.8250195417,true
video,170051832527875,1000000000,170051.83133425002,true
audio,170051795382958,1000000000,170051.8463236667,true
audio,170051815382958,1000000000,170051.84636041668,true
video,170051849194458,1000000000,170051.848402625,true
video,170051865861083,1000000000,170051.86531333334,true
audio,170051835382958,1000000000,170051.86764900002,true
video,170051882527625,1000000000,170051.88224550002,true
audio,170051855382958,1000000000,170051.88898791667,true
video,170051899194250,1000000000,170051.89952383333,true
audio,170051875382916,1000000000,170051.91027704166,true
video,170051915860833,1000000000,170051.916005,true
audio,170051895382958,1000000000,170051.93163783333,true
video,170051932527416,1000000000,170051.9327585,true
audio,170051915382958,1000000000,170051.95294808334,true
video,170051957527375,1000000000,170051.95330270834,true
video,170051974193958,1000000000,170051.9707236667,true
audio,170051935382958,1000000000,170051.97429904167,true
video,170051990860541,1000000000,170051.98768366667,true
audio,170051955382958,1000000000,170051.99566191668,true
video,170052007527250,1000000000,170052.00515491667,true
audio,170051975382958,1000000000,170052.01698933335,true
video,170052024193875,1000000000,170052.021825,true
audio,170051995382958,1000000000,170052.03829908333,true
video,170052040860333,1000000000,170052.03923704167,true
video,170052057526916,1000000000,170052.05595983335,true
audio,170052015382958,1000000000,170052.05954695833,true
video,170052074193541,1000000000,170052.07376683335,true
audio,170052035382958,1000000000,170052.08096204168,true
video,170052090860083,1000000000,170052.091217,true
audio,170052055382958,1000000000,170052.10227,true
video,170052107526791,1000000000,170052.10775870836,true
audio,170052075382958,1000000000,170052.12378529168,true
video,170052124193416,1000000000,170052.124442875,true
audio,170052095382916,1000000000,170052.14501391668,true
video,170052149193208,1000000000,170052.14534658333,true
video,170052165859791,1000000000,170052.16294345833,true
audio,170052115382958,1000000000,170052.16624583333,true
audio,170052135382958,1000000000,170052.16628358336,true
video,170052182526375,1000000000,170052.179773125,true
audio,170052155382916,1000000000,170052.18761633334,true
video,170052199193000,1000000000,170052.19649408336,true
audio,170052175382958,1000000000,170052.20896762502,true
video,170052215859583,1000000000,170052.21443479168,true
audio,170052195382958,1000000000,170052.23030925,true
video,170052232526166,1000000000,170052.23120308336,true
video,170052249192791,1000000000,170052.24777333334,true
audio,170052215382958,1000000000,170052.25168854167,true
video,170052265859500,1000000000,170052.26534970835,true
audio,170052235382958,1000000000,170052.27300508335,true
video,170052282526000,1000000000,170052.28209083335,true
audio,170052255382958,1000000000,170052.29424125,true
video,170052299192583,1000000000,170052.29935441667,true
audio,170052275382958,1000000000,170052.31563066668,true
video,170052324192500,1000000000,170052.31883770836,true
video,170052340859083,1000000000,170052.33576008334,true
audio,170052295382958,1000000000,170052.3369517917,true
video,170052357525666,1000000000,170052.35329520833,true
audio,170052315382958,1000000000,170052.35831620835,true
video,170052374192291,1000000000,170052.37030837502,true
audio,170052335382958,1000000000,170052.3796840417,true
video,170052390859041,1000000000,170052.387144375,true
audio,170052355382958,1000000000,170052.40090741668,true
video,170052407525500,1000000000,170052.40479708335,true
video,170052424192083,1000000000,170052.42224775002,true
audio,170052375382916,1000000000,170052.42231308334,true
video,170052440858708,1000000000,170052.43913837502,true
audio,170052395382958,1000000000,170052.44362241667,true
video,170052457525291,1000000000,170052.45632533333,true
audio,170052415382958,1000000000,170052.4649756667,true
video,170052474191875,1000000000,170052.473322625,true
audio,170052435382958,1000000000,170052.48626233335,true
audio,170052455382958,1000000000,170052.48631779168,true
video,170052490858500,1000000000,170052.49035904167,true
video,170052507525083,1000000000,170052.50722370835,true
audio,170052475382958,1000000000,170052.50757670833,true
video,170052524191833,1000000000,170052.52406329167,true
audio,170052495382958,1000000000,170052.52894933335,true
video,170052540858291,1000000000,170052.54125445834,true
audio,170052515382958,1000000000,170052.55030366668,true
video,170052565858208,1000000000,170052.56210620835,true
audio,170052535382958,1000000000,170052.57171645833,true
video,170052582524916,1000000000,170052.57975225002,true
audio,170052555382958,1000000000,170052.592932625,true
video,170052599191375,1000000000,170052.59680270834,true
video,170052615858083,1000000000,170052.614201875,true
audio,170052575382958,1000000000,170052.61427295834,true
video,170052632524500,1000000000,170052.63130954167,true
audio,170052595382916,1000000000,170052.635650375,true
video,170052649191166,1000000000,170052.64827620835,true
audio,170052615382958,1000000000,170052.6569890417,true
video,170052665857750,1000000000,170052.66550375,true
audio,170052635382958,1000000000,170052.67833533333,true
video,170052682524458,1000000000,170052.68223554167,true
video,170052699190958,1000000000,170052.69961554167,true
audio,170052655382916,1000000000,170052.69966775,true
video,170052724190833,1000000000,170052.71994937502,true
audio,170052675382958,1000000000,170052.72095508335,true
audio,170052695382958,1000000000,170052.731592,true
video,170052740857583,1000000000,170052.737284125,true
audio,170052715382958,1000000000,170052.75302691667,true
video,170052757524000,1000000000,170052.75460304169,true
video,170052774190583,1000000000,170052.77152525002,true
audio,170052735382958,1000000000,170052.7742031667,true
video,170052790857208,1000000000,170052.78818175002,true
audio,170052755382958,1000000000,170052.795683,true
video,170052807523916,1000000000,170052.80519116667,true
audio,170052775382958,1000000000,170052.816912625,true
video,170052824190541,1000000000,170052.82260929167,true
audio,170052795382958,1000000000,170052.83830475,true
audio,170052815382958,1000000000,170052.838354625,true
video,170052840857041,1000000000,170052.84056479167,true
video,170052857523666,1000000000,170052.85739445835,true
audio,170052835382958,1000000000,170052.85959208335,true
video,170052874190208,1000000000,170052.87393583334,true
audio,170052855382958,1000000000,170052.881004375,true
video,170052890856916,1000000000,170052.89107983335,true
audio,170052875382916,1000000000,170052.90235479167,true
video,170052907523416,1000000000,170052.9077497917,true
audio,170052895382958,1000000000,170052.923583625,true
video,170052932523291,1000000000,170052.92852795834,true
audio,170052915382958,1000000000,170052.94501366667,true
video,170052949189916,1000000000,170052.94533870835,true
video,170052965856500,1000000000,170052.96220966667,true
audio,170052935382958,1000000000,170052.966277875,true
video,170052982523083,1000000000,170052.97993025,true
audio,170052955382958,1000000000,170052.98766925,true
video,170052999189833,1000000000,170052.9971375,true
audio,170052975382958,1000000000,170053.00896295835,true
video,170053015856416,1000000000,170053.01435975,true
audio,170052995382958,1000000000,170053.03029416667,true
video,170053032522916,1000000000,170053.03216333335,true
video,170053049189500,1000000000,170053.04935629168,true
audio,170053015382958,1000000000,170053.05164333334,true
video,170053065856208,1000000000,170053.06619625,true
audio,170053035382958,1000000000,170053.07304800002,true
video,170053082522708,1000000000,170053.0829160417,true
audio,170053055382958,1000000000,170053.09431883335,true
video,170053107522583,1000000000,170053.10213808334,true
audio,170053075382958,1000000000,170053.11560583336,true
video,170053124189208,1000000000,170053.12016908335,true
video,170053140855916,1000000000,170053.13688875,true
audio,170053095382916,1000000000,170053.13694491668,true
video,170053157522541,1000000000,170053.1550249167,true
audio,170053115382958,1000000000,170053.15831866668,true
audio,170053135382958,1000000000,170053.158361,true
video,170053174188958,1000000000,170053.17232666668,true
audio,170053155382916,1000000000,170053.17968,true
video,170053190855625,1000000000,170053.18933870835,true
audio,170053175382958,1000000000,170053.20090695834,true
video,170053207522166,1000000000,170053.206348125,true
audio,170053195382958,1000000000,170053.22230141668,true
video,170053224188750,1000000000,170053.22381570833,true
video,170053240855458,1000000000,170053.24105233335,true
audio,170053215382958,1000000000,170053.24366391668,true
video,170053257522083,1000000000,170053.25772675002,true
audio,170053235382958,1000000000,170053.26498958335,true
video,170053274188583,1000000000,170053.27445108336,true
audio,170053255382958,1000000000,170053.286376625,true
video,170053290855166,1000000000,170053.29111033335,true
audio,170053275382958,1000000000,170053.307635375,true
video,170053315855166,1000000000,170053.3107535,true
video,170053332521666,1000000000,170053.3287495417,true
audio,170053295382958,1000000000,170053.32891454166,true
video,170053349188250,1000000000,170053.34635320836,true
audio,170053315382958,1000000000,170053.3503104167,true
video,170053365854958,1000000000,170053.36306641667,true
audio,170053335382958,1000000000,170053.37159445835,true
video,170053382521458,1000000000,170053.38026508334,true
audio,170053355382958,1000000000,170053.39292933335,true
video,170053399188083,1000000000,170053.3972652917,true
video,170053415854666,1000000000,170053.414338875,true
audio,170053375382916,1000000000,170053.41439350002,true
video,170053432521375,1000000000,170053.431238875,true
audio,170053395382958,1000000000,170053.43569529167,true
video,170053449187875,1000000000,170053.44895566668,true
audio,170053415382958,1000000000,170053.45694720835,true
video,170053465854458,1000000000,170053.46556520835,true
audio,170053435382958,1000000000,170053.4782841667,true
audio,170053455382958,1000000000,170053.47834233334,true
video,170053482521041,1000000000,170053.48272033336,true
video,170053499187666,1000000000,170053.499400375,true
audio,170053475382958,1000000000,170053.49949470835,true
video,170053515854250,1000000000,170053.51612475002,true
audio,170053495382958,1000000000,170053.520961875,true
video,170053540854166,1000000000,170053.53712170833,true
audio,170053515382958,1000000000,170053.54225775,true
video,170053557520750,1000000000,170053.55566320833,true
audio,170053535382958,1000000000,170053.56361145835,true
video,170053574187375,1000000000,170053.57279808333,true
audio,170053555382958,1000000000,170053.58499320835,true
video,170053590853958,1000000000,170053.59034791667,true
audio,170053575382958,1000000000,170053.606306,true
video,170053607520541,1000000000,170053.60774045833,true
video,170053624187166,1000000000,170053.62436479167,true
audio,170053595382916,1000000000,170053.62766404168,true
video,170053640853708,1000000000,170053.64122758334,true
audio,170053615382958,1000000000,170053.64900233335,true
video,170053665853625,1000000000,170053.66071841668,true
audio,170053635382958,1000000000,170053.67031825002,true
video,170053682520375,1000000000,170053.678686875,true
audio,170053655382916,1000000000,170053.69160025002,true
video,170053699186833,1000000000,170053.69601408334,true
audio,170053675382958,1000000000,170053.71301225002,true
video,170053715853500,1000000000,170053.71312675002,true
video,170053732520000,1000000000,170053.72980808336,true
audio,170053695382958,1000000000,170053.734322,true
video,170053749186625,1000000000,170053.7468136667,true
audio,170053715382958,1000000000,170053.7556312917,true
video,170053765853250,1000000000,170053.76423445833,true
audio,170053735382958,1000000000,170053.77693145836,true
video,170053782519791,1000000000,170053.78105408335,true
video,170053799186375,1000000000,170053.79784154167,true
audio,170053755382958,1000000000,170053.79824158334,true
video,170053815853083,1000000000,170053.8153475,true
audio,170053775382958,1000000000,170053.81964070833,true
video,170053832519583,1000000000,170053.83229525,true
audio,170053795382958,1000000000,170053.84091312502,true
audio,170053815382958,1000000000,170053.84093641667,true
video,170053849186166,1000000000,170053.84943804168,true
audio,170053835382958,1000000000,170053.86235491667,true
video,170053865852916,1000000000,170053.86619070833,true
audio,170053855382958,1000000000,170053.8835710417,true
video,170053890852833,1000000000,170053.88719512502,true
video,170053907519291,1000000000,170053.90399129168,true
audio,170053875382916,1000000000,170053.90494120834,true
video,170053924185875,1000000000,170053.92099412502,true
audio,170053895382958,1000000000,170053.92626375,true
video,170053940852583,1000000000,170053.93806566668,true
audio,170053915382958,1000000000,170053.94764195834,true
video,170053957519083,1000000000,170053.95503512502,true
audio,170053935382958,1000000000,170053.969020875,true
video,170053974185666,1000000000,170053.97216570834,true
video,170053990852375,1000000000,170053.98920704168,true
audio,170053955382958,1000000000,170053.990268875,true
video,170054007519000,1000000000,170054.006168875,true
audio,170053975382958,1000000000,170054.01158066667,true
video,170054024185583,1000000000,170054.02338670834,true
audio,170053995382958,1000000000,170054.033013625,true
video,170054040852083,1000000000,170054.04038716666,true
audio,170054015382958,1000000000,170054.05432570833,true
video,170054057518791,1000000000,170054.058024125,true
audio,170054035382958,1000000000,170054.0756535,true
video,170054082518583,1000000000,170054.0778324167,true
video,170054099185166,1000000000,170054.09522629168,true
audio,170054055382958,1000000000,170054.09704179168,true
video,170054115851875,1000000000,170054.11286466668,true
audio,170054075382958,1000000000,170054.11826758334,true
video,170054132518375,1000000000,170054.12950345833,true
audio,170054095382916,1000000000,170054.13966908335,true
video,170054149185083,1000000000,170054.146312,true
audio,170054115382958,1000000000,170054.16095241669,true
audio,170054135382958,1000000000,170054.16100358334,true
video,170054165851708,1000000000,170054.16306054167,true
video,170054182518166,1000000000,170054.18002383335,true
audio,170054155382916,1000000000,170054.18228704168,true
video,170054199184791,1000000000,170054.19720737502,true
audio,170054175382958,1000000000,170054.20360145834,true
video,170054215851375,1000000000,170054.2143870417,true
audio,170054195382958,1000000000,170054.22494012502,true
video,170054232517958,1000000000,170054.23129691667,true
audio,170054215382958,1000000000,170054.2462707917,true
video,170054249184541,1000000000,170054.24810520833,true
video,170054265851125,1000000000,170054.26517054168,true
audio,170054235382958,1000000000,170054.26758270833,true
video,170054282517750,1000000000,170054.2820945,true
audio,170054255382958,1000000000,170054.28898270836,true
video,170054299184333,1000000000,170054.298947875,true
audio,170054275382958,1000000000,170054.3104530417,true
video,170054315851041,1000000000,170054.31601325,true
audio,170054295382958,1000000000,170054.33157620835,true
video,170054332517666,1000000000,170054.3327165,true
video,170054357517416,1000000000,170054.35222641667,true
audio,170054315382958,1000000000,170054.35296254168,true
video,170054374184041,1000000000,170054.36931075001,true
audio,170054335382958,1000000000,170054.37432404168,true
video,170054390850625,1000000000,170054.38687841667,true
audio,170054355382958,1000000000,170054.3956145,true
video,170054407517250,1000000000,170054.40376266668,true
audio,170054375382916,1000000000,170054.4169415,true
video,170054424183833,1000000000,170054.42056983334,true
video,170054440850541,1000000000,170054.43750691667,true
audio,170054395382958,1000000000,170054.43827408334,true
video,170054457517041,1000000000,170054.45422404166,true
audio,170054415382958,1000000000,170054.45956579168,true
video,170054474183625,1000000000,170054.47090554168,true
audio,170054435382958,1000000000,170054.480932875,true
audio,170054455382958,1000000000,170054.480989875,true
video,170054490850375,1000000000,170054.48867516668,true
audio,170054475382958,1000000000,170054.50226950002,true
video,170054507516833,1000000000,170054.50588408334,true
video,170054524183416,1000000000,170054.52324883334,true
audio,170054495382958,1000000000,170054.52354770835,true
video,170054540850041,1000000000,170054.5409370417,true
audio,170054515382958,1000000000,170054.5449424167,true
video,170054557516750,1000000000,170054.55759270836,true
audio,170054535382958,1000000000,170054.56623958334,true
video,170054574183250,1000000000,170054.57443645835,true
audio,170054555382958,1000000000,170054.58769220836,true
video,170054599183125,1000000000,170054.59497758336,true
audio,170054575382958,1000000000,170054.60895716667,true
video,170054615849833,1000000000,170054.612032375,true
video,170054632516333,1000000000,170054.63037975001,true
audio,170054595382916,1000000000,170054.63044704168,true
video,170054649182916,1000000000,170054.64719120835,true
audio,170054615382958,1000000000,170054.65163641667,true
video,170054665849625,1000000000,170054.66446325002,true
audio,170054635382958,1000000000,170054.672933625,true
video,170054682516125,1000000000,170054.68136916668,true
audio,170054655382916,1000000000,170054.69432683336,true
video,170054699182750,1000000000,170054.69877645833,true
audio,170054675382958,1000000000,170054.715565625,true
video,170054715849333,1000000000,170054.716068,true
video,170054740849250,1000000000,170054.73699345835,true
audio,170054695382958,1000000000,170054.73704425,true
video,170054757515833,1000000000,170054.75434062502,true
audio,170054715382958,1000000000,170054.75823245835,true
video,170054774182416,1000000000,170054.77140675002,true
audio,170054735382958,1000000000,170054.77961466668,true
video,170054790848958,1000000000,170054.7882135,true
audio,170054755382958,1000000000,170054.8009115,true
video,170054807515541,1000000000,170054.80517154167,true
audio,170054775382958,1000000000,170054.82224625,true
video,170054824182291,1000000000,170054.822596,true
video,170054840848916,1000000000,170054.839362625,true
audio,170054795382958,1000000000,170054.8435795417,true
audio,170054815382958,1000000000,170054.84361895834,true
video,170054857515375,1000000000,170054.85630591668,true
audio,170054835382958,1000000000,170054.86490725,true
video,170054874182000,1000000000,170054.87329766667,true
audio,170054855382958,1000000000,170054.88630308333,true
video,170054890848583,1000000000,170054.89060383334,true
video,170054907515166,1000000000,170054.90738945836,true
audio,170054875382916,1000000000,170054.907530625,true
video,170054924181750,1000000000,170054.92440812502,true
audio,170054895382958,1000000000,170054.92892245835,true
video,170054940848458,1000000000,170054.94133341667,true
audio,170054915382958,1000000000,170054.95022495833,true
video,170054965848291,1000000000,170054.96194354168,true
audio,170054935382958,1000000000,170054.971675125,true
video,170054982514875,1000000000,170054.97966829166,true
audio,170054955382958,1000000000,170054.99292745834,true
video,170054999181500,1000000000,170054.99711379167,true
video,170055015848208,1000000000,170055.0142694167,true
audio,170054975382958,1000000000,170055.014337375,true
video,170055032514666,1000000000,170055.03124166667,true
audio,170054995382958,1000000000,170055.03557670835,true
video,170055049181250,1000000000,170055.04904879167,true
audio,170055015382958,1000000000,170055.05697525002,true
video,170055065847958,1000000000,170055.06620520834,true
audio,170055035382958,1000000000,170055.078314125,true
video,170055082514458,1000000000,170055.08276058335,true
video,170055099181041,1000000000,170055.09949845835,true
audio,170055055382958,1000000000,170055.09956616667,true
video,170055124180958,1000000000,170055.11974779167,true
audio,170055075382958,1000000000,170055.12094695834,true
video,170055140847583,1000000000,170055.13733229166,true
audio,170055095382916,1000000000,170055.14228408335,true
video,170055157514166,1000000000,170055.15424666667,true
audio,170055115382958,1000000000,170055.16358337502,true
audio,170055135382958,1000000000,170055.163626625,true
video,170055174180750,1000000000,170055.17260733334,true
audio,170055155382916,1000000000,170055.18501412502,true
video,170055190847458,1000000000,170055.19022275,true
audio,170055175382958,1000000000,170055.2062990417,true
video,170055207513958,1000000000,170055.20719916667,true
video,170055224180541,1000000000,170055.22402545833,true
audio,170055195382958,1000000000,170055.22762745834,true
video,170055240847291,1000000000,170055.24112195833,true
audio,170055215382958,1000000000,170055.24895379168,true
video,170055265847083,1000000000,170055.260927375,true
audio,170055235382958,1000000000,170055.27029679168,true
video,170055282513666,1000000000,170055.278708625,true
audio,170055255382958,1000000000,170055.29164345833,true
video,170055299180250,1000000000,170055.29577358335,true
audio,170055275382958,1000000000,170055.31301758334,true
video,170055315846958,1000000000,170055.31328258335,true
video,170055332513416,1000000000,170055.33120087502,true
audio,170055295382958,1000000000,170055.334255875,true
video,170055349180000,1000000000,170055.348176625,true
audio,170055315382958,1000000000,170055.35560216667,true
video,170055365846708,1000000000,170055.36599904168,true
audio,170055335382958,1000000000,170055.37694641668,true
video,170055382513333,1000000000,170055.38275475,true
audio,170055355382958,1000000000,170055.39831566668,true
video,170055399179833,1000000000,170055.39941658336,true
video,170055424179708,1000000000,170055.41930170835,true
audio,170055375382916,1000000000,170055.41953191668,true
video,170055440846416,1000000000,170055.43712012502,true
audio,170055395382958,1000000000,170055.44086962502,true
video,170055457512916,1000000000,170055.45385529168,true
audio,170055415382958,1000000000,170055.46242737502,true
video,170055474179625,1000000000,170055.470932,true
audio,170055435382958,1000000000,170055.483592375,true
audio,170055455382958,1000000000,170055.48367850002,true
video,170055490846208,1000000000,170055.48812245834,true
audio,170055475382958,1000000000,170055.5049125,true
video,170055507512750,1000000000,170055.50578391668,true
video,170055524179333,1000000000,170055.52276483335,true
audio,170055495382958,1000000000,170055.52624966667,true
video,170055540846041,1000000000,170055.5402679167,true
audio,170055515382958,1000000000,170055.54762041668,true
video,170055557512625,1000000000,170055.557418,true
audio,170055535382958,1000000000,170055.56897866668,true
video,170055574179125,1000000000,170055.57439045835,true
audio,170055555382958,1000000000,170055.59033575002,true
video,170055590845708,1000000000,170055.5912519167,true
video,170055615845708,1000000000,170055.61074616667,true
audio,170055575382958,1000000000,170055.61157391669,true
video,170055632512250,1000000000,170055.627534875,true
audio,170055595382916,1000000000,170055.63296475002,true
video,170055649178833,1000000000,170055.64526416667,true
audio,170055615382958,1000000000,170055.65432225002,true
video,170055665845583,1000000000,170055.66191658334,true
audio,170055635382958,1000000000,170055.67556716668,true
video,170055682512000,1000000000,170055.6799454167,true
audio,170055655382916,1000000000,170055.69692320834,true
video,170055699178625,1000000000,170055.69752266668,true
video,170055715845333,1000000000,170055.71515179166,true
audio,170055675382958,1000000000,170055.71833670835,true
video,170055732511791,1000000000,170055.73232133334,true
audio,170055695382958,1000000000,170055.73966216668,true
video,170055749178458,1000000000,170055.74925720834,true
audio,170055715382958,1000000000,170055.76093245833,true
video,170055774178333,1000000000,170055.76931641667,true
audio,170055735382958,1000000000,170055.78228866667,true
video,170055790845083,1000000000,170055.78726308333,true
audio,170055755382958,1000000000,170055.80360254168,true
video,170055807511500,1000000000,170055.80475454166,true
video,170055824178125,1000000000,170055.82167758336,true
audio,170055775382958,1000000000,170055.82493595834,true
video,170055840844875,1000000000,170055.83932304167,true
audio,170055795382958,1000000000,170055.84627675,true
audio,170055815382958,1000000000,170055.84630708335,true
video,170055857511333,1000000000,170055.85626962502,true
audio,170055835382958,1000000000,170055.86763108335,true
video,170055874177916,1000000000,170055.87354920834,true
audio,170055855382958,1000000000,170055.8889827917,true
video,170055890844500,1000000000,170055.89051279167,true
video,170055907511041,1000000000,170055.90735333334,true
audio,170055875382916,1000000000,170055.91029020835,true
video,170055924177666,1000000000,170055.92438691668,true
audio,170055895382958,1000000000,170055.93162604168,true
video,170055949177625,1000000000,170055.94408850002,true
audio,170055915382958,1000000000,170055.95301045835,true
video,170055965844208,1000000000,170055.96187795835,true
audio,170055935382958,1000000000,170055.97428333334,true
video,170055982510791,1000000000,170055.97965795835,true
audio,170055955382958,1000000000,170055.99557895833,true
video,170055999177416,1000000000,170055.99692475,true
video,170056015844041,1000000000,170056.01396220835,true
audio,170055975382958,1000000000,170056.01695875,true
video,170056032510583,1000000000,170056.03083304167,true
audio,170055995382958,1000000000,170056.03830454167,true
video,170056049177208,1000000000,170056.048172,true
audio,170056015382958,1000000000,170056.05970537502,true
video,170056065843916,1000000000,170056.06517833335,true
audio,170056035382958,1000000000,170056.0809584167,true
video,170056082510416,1000000000,170056.08205366667,true
video,170056099177125,1000000000,170056.09878866668,true
audio,170056055382958,1000000000,170056.10228966668,true
video,170056115843708,1000000000,170056.11603875,true
audio,170056075382958,1000000000,170056.12364920834,true
video,170056132510333,1000000000,170056.13263900002,true
audio,170056095382916,1000000000,170056.144978,true
video,170056157510083,1000000000,170056.15228408333,true
audio,170056115382958,1000000000,170056.1662882917,true
audio,170056135382958,1000000000,170056.16631925,true
video,170056174176833,1000000000,170056.16899204167,true
video,170056190843416,1000000000,170056.1876415,true
audio,170056155382916,1000000000,170056.187694375,true
video,170056207509916,1000000000,170056.20478204166,true
audio,170056175382958,1000000000,170056.208984375,true
video,170056224176500,1000000000,170056.22219683335,true
audio,170056195382958,1000000000,170056.23025020835,true
video,170056240843208,1000000000,170056.23914945836,true
audio,170056215382958,1000000000,170056.251625375,true
video,170056257509708,1000000000,170056.25637191668,true
audio,170056235382958,1000000000,170056.27296237502,true
video,170056274176291,1000000000,170056.27386708334,true
video,170056290843000,1000000000,170056.29101629168,true
audio,170056255382958,1000000000,170056.29435512502,true
video,170056307509625,1000000000,170056.30779808335,true
audio,170056275382958,1000000000,170056.315554625,true
video,170056332509416,1000000000,170056.32787645835,true
audio,170056295382958,1000000000,170056.33696570835,true
video,170056349176000,1000000000,170056.34576358335,true
audio,170056315382958,1000000000,170056.35835295834,true
video,170056365842708,1000000000,170056.36285162502,true
audio,170056335382958,1000000000,170056.37964233334,true
video,170056382509208,1000000000,170056.38099245835,true
video,170056399175791,1000000000,170056.39824470834,true
audio,170056355382958,1000000000,170056.40091695834,true
video,170056415842375,1000000000,170056.41531937502,true
audio,170056375382916,1000000000,170056.42223608334,true
video,170056432509083,1000000000,170056.43259087502,true
audio,170056395382958,1000000000,170056.443615375,true
video,170056449175583,1000000000,170056.44929558336,true
audio,170056415382958,1000000000,170056.46493033334,true
video,170056465842166,1000000000,170056.46594320834,true
video,170056482508750,1000000000,170056.48265995833,true
audio,170056435382958,1000000000,170056.4862647917,true
audio,170056455382958,1000000000,170056.48630583336,true
video,170056507508666,1000000000,170056.50189266668,true
audio,170056475382958,1000000000,170056.50765016666,true
video,170056524175250,1000000000,170056.518927,true
audio,170056495382958,1000000000,170056.52895470834,true
video,170056540841958,1000000000,170056.53560345835,true
audio,170056515382958,1000000000,170056.550312625,true
video,170056557508458,1000000000,170056.553473,true
video,170056574175083,1000000000,170056.571082,true
audio,170056535382958,1000000000,170056.57157679167,true
video,170056590841666,1000000000,170056.58787479167,true
audio,170056555382958,1000000000,170056.59295725002,true
video,170056607508250,1000000000,170056.60506745835,true
audio,170056575382958,1000000000,170056.61426791668,true
video,170056624174875,1000000000,170056.62272041666,true
audio,170056595382916,1000000000,170056.6356464167,true
video,170056640841458,1000000000,170056.64044141668,true
audio,170056615382958,1000000000,170056.65692204167,true
video,170056657508041,1000000000,170056.65736883334,true
video,170056674174791,1000000000,170056.67395141668,true
audio,170056635382958,1000000000,170056.67828012502,true
video,170056690841291,1000000000,170056.69130383333,true
audio,170056655382916,1000000000,170056.69963495835,true
video,170056715841166,1000000000,170056.71093333335,true
audio,170056675382958,1000000000,170056.720989375,true
video,170056732507750,1000000000,170056.7286702917,true
audio,170056695382958,1000000000,170056.731569375,true
video,170056749174375,1000000000,170056.74709645833,true
audio,170056715382958,1000000000,170056.7529545,true
video,170056765841083,1000000000,170056.76416391667,true
audio,170056735382958,1000000000,170056.77426562502,true
video,170056782507583,1000000000,170056.780899,true
audio,170056755382958,1000000000,170056.795575125,true
video,170056799174208,1000000000,170056.7981725417,true
video,170056815840791,1000000000,170056.81530295833,true
audio,170056775382958,1000000000,170056.81690391668,true
video,170056832507375,1000000000,170056.83239670834,true
audio,170056795382958,1000000000,170056.83822166667,true
audio,170056815382958,1000000000,170056.83826733334,true
video,170056849174083,1000000000,170056.84949508336,true
audio,170056835382958,1000000000,170056.85957170834,true
video,170056874173916,1000000000,170056.86855745834,true
audio,170056855382958,1000000000,170056.88091991667,true
video,170056890840625,1000000000,170056.886315375,true
audio,170056875382916,1000000000,170056.90231383336,true
video,170056907507083,1000000000,170056.90427979166,true
video,170056924173708,1000000000,170056.92134108333,true
audio,170056895382958,1000000000,170056.92372220833,true
video,170056940840416,1000000000,170056.93785908335,true
audio,170056915382958,1000000000,170056.9449735417,true
video,170056957506875,1000000000,170056.954758125,true
audio,170056935382958,1000000000,170056.96625341667,true
video,170056974173458,1000000000,170056.972313,true
audio,170056955382958,1000000000,170056.98772975002,true
video,170056990840083,1000000000,170056.98944329168,true
video,170057007506666,1000000000,170057.00608133335,true
audio,170056975382958,1000000000,170057.00893383333,true
video,170057024173250,1000000000,170057.02272579167,true
audio,170056995382958,1000000000,170057.03030570835,true
video,170057040839958,1000000000,170057.04028487502,true
audio,170057015382958,1000000000,170057.05158370835,true
video,170057057506458,1000000000,170057.05712037502,true
audio,170057035382958,1000000000,170057.07290475,true
video,170057074173166,1000000000,170057.07442008334,true
video,170057090839666,1000000000,170057.0913325417,true
audio,170057055382958,1000000000,170057.09432704168,true
video,170057107506250,1000000000,170057.1079765,true
audio,170057075382958,1000000000,170057.11560129168,true
video,170057124172875,1000000000,170057.12469316667,true
audio,170057095382916,1000000000,170057.13697170836,true
video,170057149172750,1000000000,170057.144844625,true
audio,170057115382958,1000000000,170057.15823658335,true
audio,170057135382958,1000000000,170057.15825950002,true
video,170057165839458,1000000000,170057.1622257917,true
audio,170057155382916,1000000000,170057.17956945836,true
video,170057182505958,1000000000,170057.17980320833,true
video,170057199172583,1000000000,170057.19644708335,true
audio,170057175382958,1000000000,170057.20088941668,true
video,170057215839166,1000000000,170057.21418316668,true
audio,170057195382958,1000000000,170057.22231025,true
video,170057232505750,1000000000,170057.23122629168,true
audio,170057215382958,1000000000,170057.24368670833,true
video,170057249172375,1000000000,170057.24888395835,true
audio,170057235382958,1000000000,170057.26495850002,true
video,170057265838958,1000000000,170057.266473,true
video,170057282505541,1000000000,170057.28286025,true
audio,170057255382958,1000000000,170057.28630016668,true
video,170057307505500,1000000000,170057.302046875,true
audio,170057275382958,1000000000,170057.307647125,true
video,170057324172083,1000000000,170057.31958508334,true
audio,170057295382958,1000000000,170057.32897025,true
video,170057340838666,1000000000,170057.33668520834,true
audio,170057315382958,1000000000,170057.3503475,true
video,170057357505250,1000000000,170057.35440225,true
video,170057374171916,1000000000,170057.37140095833,true
audio,170057335382958,1000000000,170057.37152125002,true
video,170057390838500,1000000000,170057.388079125,true
audio,170057355382958,1000000000,170057.39293354168,true
video,170057407505083,1000000000,170057.405162375,true
audio,170057375382916,1000000000,170057.41430391668,true
video,170057424171708,1000000000,170057.42217591667,true
audio,170057395382958,1000000000,170057.43563179168,true
video,170057440838291,1000000000,170057.43942504167,true
video,170057457505041,1000000000,170057.45626775,true
audio,170057415382958,1000000000,170057.45693920835,true
video,170057474171708,1000000000,170057.47317441666,true
audio,170057435382958,1000000000,170057.47829383335,true
audio,170057455382958,1000000000,170057.478344,true
video,170057490838250,1000000000,170057.48986833333,true
audio,170057475382958,1000000000,170057.4995692917,true
video,170057507504666,1000000000,170057.50740020836,true
audio,170057495382958,1000000000,170057.52091025002,true
video,170057524171250,1000000000,170057.52437304167,true
video,170057540837958,1000000000,170057.5413230417,true
audio,170057515382958,1000000000,170057.542223625,true
video,170057565837750,1000000000,170057.5611257917,true
audio,170057535382958,1000000000,170057.56356595835,true
video,170057582504458,1000000000,170057.57877108335,true
audio,170057555382958,1000000000,170057.58493570835,true
video,170057599170958,1000000000,170057.59580683336,true
audio,170057575382958,1000000000,170057.60628575002,true
video,170057615837708,1000000000,170057.612818375,true
audio,170057595382916,1000000000,170057.62763654167,true
video,170057632504291,1000000000,170057.62990570834,true
video,170057649170750,1000000000,170057.64698475,true
audio,170057615382958,1000000000,170057.64889450002,true
video,170057665837458,1000000000,170057.664021625,true
audio,170057635382958,1000000000,170057.67031570835,true
video,170057682504083,1000000000,170057.68097837502,true
audio,170057655382916,1000000000,170057.691646625,true
video,170057699170541,1000000000,170057.69825429167,true
audio,170057675382958,1000000000,170057.7129455417,true
video,170057715837166,1000000000,170057.71512112502,true
video,170057732503750,1000000000,170057.73202995834,true
audio,170057695382958,1000000000,170057.73421287502,true
video,170057749170375,1000000000,170057.74932754168,true
audio,170057715382958,1000000000,170057.75563420836,true
video,170057774170416,1000000000,170057.76896083335,true
audio,170057735382958,1000000000,170057.77689891667,true
video,170057790836916,1000000000,170057.78676541668,true
audio,170057755382958,1000000000,170057.7982561667,true
video,170057807503500,1000000000,170057.80375533336,true
audio,170057775382958,1000000000,170057.819606125,true
video,170057824170083,1000000000,170057.82022679166,true
video,170057840836666,1000000000,170057.83799987502,true
audio,170057795382958,1000000000,170057.8409255,true
audio,170057815382958,1000000000,170057.84099416668,true
video,170057857503291,1000000000,170057.85537120834,true
audio,170057835382958,1000000000,170057.86230329168,true
video,170057874169916,1000000000,170057.87232225,true
audio,170057855382958,1000000000,170057.88359191667,true
video,170057890836500,1000000000,170057.88944483333,true
audio,170057875382916,1000000000,170057.90500870833,true
video,170057907503083,1000000000,170057.90717991668,true
video,170057924169708,1000000000,170057.92392395835,true
audio,170057895382958,1000000000,170057.92627650002,true
video,170057940836291,1000000000,170057.94096425,true
audio,170057915382958,1000000000,170057.9476415,true
video,170057957503000,1000000000,170057.95760895836,true
audio,170057935382958,1000000000,170057.968935125,true
video,170057982502791,1000000000,170057.97712716667,true
audio,170057955382958,1000000000,170057.99028725002,true
video,170057999169416,1000000000,170057.99397633335,true
audio,170057975382958,1000000000,170058.01167641667,true
video,170058015836000,1000000000,170058.0118985,true
video,170058032502583,1000000000,170058.02903912502,true
audio,170057995382958,1000000000,170058.03291675,true
video,170058049169166,1000000000,170058.04560845834,true
audio,170058015382958,1000000000,170058.05431395833,true
video,170058065835750,1000000000,170058.06317554167,true
audio,170058035382958,1000000000,170058.07560691668,true
video,170058082502458,1000000000,170058.08020700002,true
audio,170058055382958,1000000000,170058.09693408335,true
video,170058099168958,1000000000,170058.0974785,true
video,170058115835666,1000000000,170058.11511416666,true
audio,170058075382958,1000000000,170058.11825358335,true
video,170058132502166,1000000000,170058.13224733336,true
audio,170058095382916,1000000000,170058.13961891667,true
video,170058149168916,1000000000,170058.14912941668,true
audio,170058115382958,1000000000,170058.16091270835,true
audio,170058135382958,1000000000,170058.16095750002,true
video,170058165835500,1000000000,170058.16598800002,true
audio,170058155382916,1000000000,170058.18227350002,true
video,170058182502000,1000000000,170058.18267891667,true
video,170058199168583,1000000000,170058.19936854168,true
audio,170058175382958,1000000000,170058.20360116666,true
video,170058215835208,1000000000,170058.21635066668,true
audio,170058195382958,1000000000,170058.224912375,true
video,170058240835208,1000000000,170058.23604595836,true
audio,170058215382958,1000000000,170058.24631120835,true
video,170058257501708,1000000000,170058.25362204167,true
audio,170058235382958,1000000000,170058.2675607917,true
video,170058274168416,1000000000,170058.27029804167,true
video,170058290835000,1000000000,170058.28788833335,true
audio,170058255382958,1000000000,170058.28891858333,true
video,170058307501500,1000000000,170058.30457720836,true
audio,170058275382958,1000000000,170058.3103727917,true
video,170058324168083,1000000000,170058.32197929168,true
audio,170058295382958,1000000000,170058.33162812502,true
video,170058340834791,1000000000,170058.33928466667,true
audio,170058315382958,1000000000,170058.35291516667,true
video,170058357501291,1000000000,170058.35704579166,true
video,170058374167916,1000000000,170058.37434320836,true
audio,170058335382958,1000000000,170058.37440379168,true
video,170058390834500,1000000000,170058.39104450002,true
audio,170058355382958,1000000000,170058.39560383334,true
video,170058407501083,1000000000,170058.40769575,true
audio,170058375382916,1000000000,170058.41693458334,true
video,170058424167708,1000000000,170058.42435208336,true
audio,170058395382958,1000000000,170058.4382967917,true
video,170058449167708,1000000000,170058.44433,true
audio,170058415382958,1000000000,170058.45968875,true
video,170058465834208,1000000000,170058.46118462502,true
video,170058482500750,1000000000,170058.47904158334,true
audio,170058435382958,1000000000,170058.48093133335,true
audio,170058455382958,1000000000,170058.480977125,true
video,170058499167416,1000000000,170058.49572770833,true
audio,170058475382958,1000000000,170058.50224158334,true
video,170058515834166,1000000000,170058.51319783335,true
audio,170058495382958,1000000000,170058.52366933334,true
video,170058532500625,1000000000,170058.52998366667,true
audio,170058515382958,1000000000,170058.54500283336,true
video,170058549167375,1000000000,170058.54706808334,true
video,170058565833833,1000000000,170058.56454025002,true
audio,170058535382958,1000000000,170058.56621145835,true
video,170058582500416,1000000000,170058.58235033334,true
audio,170058555382958,1000000000,170058.58764608335,true
video,170058599167000,1000000000,170058.59915941668,true
audio,170058575382958,1000000000,170058.60898008334,true
video,170058615833625,1000000000,170058.61613166667,true
audio,170058595382916,1000000000,170058.63027041667,true
video,170058640833500,1000000000,170058.63552820834,true
audio,170058615382958,1000000000,170058.65162029167,true
video,170058657500083,1000000000,170058.65225462502,true
video,170058674166708,1000000000,170058.66998958334,true
audio,170058635382958,1000000000,170058.67294904168,true
video,170058690833291,1000000000,170058.68669108333,true
audio,170058655382916,1000000000,170058.69439945836,true
video,170058707499875,1000000000,170058.70369804167,true
audio,170058675382958,1000000000,170058.71562325,true
video,170058724166500,1000000000,170058.72095629168,true
audio,170058695382958,1000000000,170058.73697991666,true
video,170058740833125,1000000000,170058.73808145834,true
video,170058757499708,1000000000,170058.755141625,true
audio,170058715382958,1000000000,170058.75829733335,true
video,170058774166291,1000000000,170058.77207937502,true
audio,170058735382958,1000000000,170058.77968208335,true
video,170058790833041,1000000000,170058.78927295835,true
audio,170058755382958,1000000000,170058.80096079168,true
video,170058807499541,1000000000,170058.80626616668,true
audio,170058775382958,1000000000,170058.82230433336,true
video,170058824166166,1000000000,170058.82349629168,true
video,170058840832833,1000000000,170058.84086358335,true
audio,170058795382958,1000000000,170058.84369795833,true
audio,170058815382958,1000000000,170058.84376233333,true
video,170058857499416,1000000000,170058.857708,true
audio,170058835382958,1000000000,170058.86499708335,true
video,170058874165958,1000000000,170058.87438333334,true
audio,170058855382958,1000000000,170058.88627858335,true
video,170058899165833,1000000000,170058.89445041667,true
audio,170058875382916,1000000000,170058.9077191667,true
video,170058915832458,1000000000,170058.91098083335,true
video,170058932499041,1000000000,170058.92766595836,true
audio,170058895382958,1000000000,170058.929038875,true
video,170058949165625,1000000000,170058.944438375,true
audio,170058915382958,1000000000,170058.950262125,true
video,170058965832333,1000000000,170058.961113125,true
audio,170058935382958,1000000000,170058.97168245833,true
video,170058982498833,1000000000,170058.97800200002,true
audio,170058955382958,1000000000,170058.99294129168,true
video,170058999165458,1000000000,170058.99565970834,true
video,170059015832041,1000000000,170059.01273591668,true
audio,170058975382958,1000000000,170059.01423325,true
video,170059032498750,1000000000,170059.02973179167,true
audio,170058995382958,1000000000,170059.03568775,true
video,170059049165250,1000000000,170059.04707070833,true
audio,170059015382958,1000000000,170059.05696145835,true
video,170059065832000,1000000000,170059.06421420834,true
audio,170059035382958,1000000000,170059.07824320835,true
video,170059082498458,1000000000,170059.08194591667,true
video,170059099165083,1000000000,170059.09891270834,true
audio,170059055382958,1000000000,170059.0996530417,true
video,170059115831750,1000000000,170059.11607979168,true
audio,170059075382958,1000000000,170059.121066625,true
video,170059132498375,1000000000,170059.13277287502,true
audio,170059095382916,1000000000,170059.14229133335,true
video,170059149164833,1000000000,170059.14943400002,true
audio,170059115382958,1000000000,170059.16365804168,true
audio,170059135382958,1000000000,170059.16370775,true
video,170059165831583,1000000000,170059.16613320835,true
audio,170059155382916,1000000000,170059.18495816668,true
video,170059190831333,1000000000,170059.18619950002,true
video,170059207497916,1000000000,170059.20356154168,true
audio,170059175382958,1000000000,170059.20623125002,true
video,170059224164541,1000000000,170059.22126712502,true
audio,170059195382958,1000000000,170059.22760879167,true
video,170059240831166,1000000000,170059.23800670836,true
audio,170059215382958,1000000000,170059.2489120417,true
video,170059257497750,1000000000,170059.25491075002,true
audio,170059235382958,1000000000,170059.27032466666,true
video,170059274164333,1000000000,170059.27259679168,true
video,170059290831041,1000000000,170059.28938970834,true
audio,170059255382958,1000000000,170059.29161954168,true
video,170059307497666,1000000000,170059.306342875,true
audio,170059275382958,1000000000,170059.312931875,true
video,170059324164125,1000000000,170059.32336654168,true
audio,170059295382958,1000000000,170059.33433133335,true
video,170059340830875,1000000000,170059.3403347917,true
audio,170059315382958,1000000000,170059.3556725,true
video,170059357497333,1000000000,170059.35747075002,true
video,170059374163958,1000000000,170059.37440083333,true
audio,170059335382958,1000000000,170059.37693725002,true
video,170059399163875,1000000000,170059.39372191668,true
audio,170059355382958,1000000000,170059.398274625,true
video,170059415830583,1000000000,170059.41157904168,true
audio,170059375382916,1000000000,170059.41973945833,true
video,170059432497083,1000000000,170059.42916591666,true
audio,170059395382958,1000000000,170059.44092458335,true
video,170059449163666,1000000000,170059.44565254168,true
audio,170059415382958,1000000000,170059.46226016668,true
video,170059465830375,1000000000,170059.46424191666,true
video,170059482496875,1000000000,170059.48116129168,true
audio,170059435382958,1000000000,170059.48361741667,true
audio,170059455382958,1000000000,170059.4836620417,true
video,170059499163500,1000000000,170059.498311875,true
audio,170059475382958,1000000000,170059.5050086667,true
video,170059515830083,1000000000,170059.51546433335,true
audio,170059495382958,1000000000,170059.52624279168,true
video,170059532496666,1000000000,170059.53209400002,true
audio,170059515382958,1000000000,170059.547663,true
video,170059549163291,1000000000,170059.54890041667,true
video,170059565829875,1000000000,170059.56619858334,true
audio,170059535382958,1000000000,170059.568941875,true
video,170059590829875,1000000000,170059.586622625,true
audio,170059555382958,1000000000,170059.59031445836,true
video,170059607496416,1000000000,170059.60359245836,true
audio,170059575382958,1000000000,170059.61159816667,true
video,170059624163000,1000000000,170059.62074645836,true
audio,170059595382916,1000000000,170059.6329705417,true
video,170059640829583,1000000000,170059.638203125,true
audio,170059615382958,1000000000,170059.65444591668,true
video,170059657496208,1000000000,170059.65515833333,true
video,170059674162833,1000000000,170059.67170483334,true
audio,170059635382958,1000000000,170059.67564570834,true
video,170059690829375,1000000000,170059.6895506667,true
audio,170059655382916,1000000000,170059.69698470834,true
video,170059707495958,1000000000,170059.7065509167,true
audio,170059675382958,1000000000,170059.71838758336,true
video,170059724162708,1000000000,170059.72404250002,true
audio,170059695382958,1000000000,170059.73960533334,true
video,170059749162500,1000000000,170059.74204129167,true
video,170059765829041,1000000000,170059.76049629168,true
audio,170059715382958,1000000000,170059.76085516668,true
video,170059782495791,1000000000,170059.77817983335,true
audio,170059735382958,1000000000,170059.782286125,true
video,170059799162291,1000000000,170059.79516858334,true
audio,170059755382958,1000000000,170059.803560875,true
video,170059815828875,1000000000,170059.81171887502,true
audio,170059775382958,1000000000,170059.824968,true
video,170059832495458,1000000000,170059.828656625,true
video,170059849162083,1000000000,170059.845578375,true
audio,170059795382958,1000000000,170059.84617395836,true
audio,170059815382958,1000000000,170059.84620975002,true
video,170059865828791,1000000000,170059.8630000417,true
audio,170059835382958,1000000000,170059.867685375,true
video,170059882495291,1000000000,170059.88027325002,true
audio,170059855382958,1000000000,170059.88892995834,true
video,170059899161875,1000000000,170059.89767145834,true
audio,170059875382916,1000000000,170059.91025850002,true
video,170059915828583,1000000000,170059.9146219167,true
audio,170059895382958,1000000000,170059.93168591667,true
video,170059932495250,1000000000,170059.93241258335,true
video,170059949161708,1000000000,170059.94957025,true
audio,170059915382958,1000000000,170059.95304275,true
video,170059974161625,1000000000,170059.97051820834,true
audio,170059935382958,1000000000,170059.97420237502,true
video,170059990828375,1000000000,170059.98789566668,true
audio,170059955382958,1000000000,170059.99556820834,true
video,170060007494833,1000000000,170060.00527508336,true
audio,170059975382958,1000000000,170060.01693329168,true
video,170060024161416,1000000000,170060.0221505,true
audio,170059995382958,1000000000,170060.03824675002,true
video,170060040828125,1000000000,170060.039384375,true
video,170060057494625,1000000000,170060.05617245834,true
audio,170060015382958,1000000000,170060.059531125,true
video,170060074161208,1000000000,170060.07353720834,true
audio,170060035382958,1000000000,170060.08098633334,true
video,170060090827833,1000000000,170060.09067195834,true
audio,170060055382958,1000000000,170060.10246583333,true
video,170060107494583,1000000000,170060.1078096667,true
audio,170060075382958,1000000000,170060.12365041667,true
video,170060132494333,1000000000,170060.12753141669,true
video,170060149160916,1000000000,170060.14427170836,true
audio,170060095382916,1000000000,170060.14489625,true
video,170060165827625,1000000000,170060.162030625,true
audio,170060115382958,1000000000,170060.16628483334,true
audio,170060135382958,1000000000,170060.16631508333,true
video,170060182494166,1000000000,170060.17883170836,true
audio,170060155382916,1000000000,170060.18762125002,true
video,170060199160750,1000000000,170060.195610375,true
audio,170060175382958,1000000000,170060.20895320835,true
video,170060215827458,1000000000,170060.21301229167,true
video,170060232493916,1000000000,170060.22973341667,true
audio,170060195382958,1000000000,170060.2302222917,true
video,170060249160625,1000000000,170060.24728945835,true
audio,170060215382958,1000000000,170060.251637375,true
video,170060265827125,1000000000,170060.264307,true
audio,170060235382958,1000000000,170060.2729985,true
video,170060282493708,1000000000,170060.28090595835,true
audio,170060255382958,1000000000,170060.29425420833,true
video,170060299160333,1000000000,170060.29874404168,true
audio,170060275382958,1000000000,170060.31563654167,true
video,170060315827041,1000000000,170060.31598920835,true
video,170060340826916,1000000000,170060.33566112502,true
audio,170060295382958,1000000000,170060.336925,true
video,170060357493416,1000000000,170060.35386191666,true
audio,170060315382958,1000000000,170060.35831479167,true
video,170060374160125,1000000000,170060.37067583334,true
audio,170060335382958,1000000000,170060.37963729168,true
video,170060390826625,1000000000,170060.38782908334,true
audio,170060355382958,1000000000,170060.40099533333,true
video,170060407493208,1000000000,170060.404989625,true
video,170060424159833,1000000000,170060.42174141668,true
audio,170060375382916,1000000000,170060.42229508335,true
video,170060440826458,1000000000,170060.43949750002,true
audio,170060395382958,1000000000,170060.44367950002,true
video,170060457493041,1000000000,170060.456274,true
audio,170060415382958,1000000000,170060.46494766668,true
video,170060474159666,1000000000,170060.47307304168,true
audio,170060435382958,1000000000,170060.48631558334,true
audio,170060455382958,1000000000,170060.48636645835,true
video,170060490826375,1000000000,170060.490542,true
video,170060507492875,1000000000,170060.50734833334,true
audio,170060475382958,1000000000,170060.50758095834,true
video,170060524159458,1000000000,170060.52430558336,true
audio,170060495382958,1000000000,170060.52902175,true
video,170060549159375,1000000000,170060.54438575002,true
audio,170060515382958,1000000000,170060.550309125,true
video,170060565825958,1000000000,170060.56125316667,true
audio,170060535382958,1000000000,170060.57162233334,true
video,170060582492541,1000000000,170060.57894475,true
audio,170060555382958,1000000000,170060.593035375,true
video,170060599159166,1000000000,170060.59616454167,true
video,170060615825750,1000000000,170060.61299025,true
audio,170060575382958,1000000000,170060.61426204166,true
video,170060632492458,1000000000,170060.63034445833,true
audio,170060595382916,1000000000,170060.63564495835,true
video,170060649158958,1000000000,170060.64765733335,true
audio,170060615382958,1000000000,170060.65691062502,true
video,170060665825708,1000000000,170060.66450975,true
audio,170060635382958,1000000000,170060.67826516667,true
video,170060682492166,1000000000,170060.68225225,true
video,170060699158791,1000000000,170060.69934795835,true
audio,170060655382916,1000000000,170060.69960258334,true
video,170060715825541,1000000000,170060.71597362502,true
audio,170060675382958,1000000000,170060.720974375,true
audio,170060695382958,1000000000,170060.73162845834,true
video,170060732492000,1000000000,170060.73267279167,true
video,170060749158583,1000000000,170060.74932120834,true
audio,170060715382958,1000000000,170060.75292345835,true
video,170060774158500,1000000000,170060.76888145835,true
audio,170060735382958,1000000000,170060.77426354168,true
video,170060790825083,1000000000,170060.78561220833,true
audio,170060755382958,1000000000,170060.79569158333,true
video,170060807491666,1000000000,170060.80253979168,true
audio,170060775382958,1000000000,170060.81694675,true
video,170060824158250,1000000000,170060.81939954168,true
video,170060840824958,1000000000,170060.83715266667,true
audio,170060795382958,1000000000,170060.83825520833,true
audio,170060815382958,1000000000,170060.83829008334,true
video,170060857491458,1000000000,170060.8543087917,true
audio,170060835382958,1000000000,170060.8596205,true
video,170060874158041,1000000000,170060.871037375,true
audio,170060855382958,1000000000,170060.88091929167,true
video,170060890824666,1000000000,170060.88811370835,true
audio,170060875382916,1000000000,170060.902334125,true
video,170060907491375,1000000000,170060.90490854168,true
video,170060924158000,1000000000,170060.9220145417,true
audio,170060895382958,1000000000,170060.92361229166,true
video,170060940824500,1000000000,170060.93885550002,true
audio,170060915382958,1000000000,170060.945081,true
video,170060957491083,1000000000,170060.95616483333,true
audio,170060935382958,1000000000,170060.966289625,true
video,170060974157708,1000000000,170060.97375591667,true
audio,170060955382958,1000000000,170060.98761125002,true
video,170060990824291,1000000000,170060.9910234167,true
audio,170060975382958,1000000000,170061.00893195835,true
video,170061015824208,1000000000,170061.010958625,true
video,170061032490791,1000000000,170061.02853875002,true
audio,170060995382958,1000000000,170061.03030116667,true
video,170061049157416,1000000000,170061.0452425,true
audio,170061015382958,1000000000,170061.05166533333,true
video,170061065824125,1000000000,170061.06240429168,true
audio,170061035382958,1000000000,170061.07295533334,true
video,170061082490583,1000000000,170061.07963904168,true
audio,170061055382958,1000000000,170061.09426270836,true
video,170061099157333,1000000000,170061.097136,true
video,170061115823791,1000000000,170061.11430158335,true
audio,170061075382958,1000000000,170061.11555875,true
video,170061132490541,1000000000,170061.13104833334,true
audio,170061095382916,1000000000,170061.13693125002,true
video,170061149157000,1000000000,170061.14821870835,true
audio,170061115382958,1000000000,170061.15828270835,true
audio,170061135382958,1000000000,170061.15833058333,true
video,170061165823750,1000000000,170061.1653672917,true
audio,170061155382916,1000000000,170061.17959679168,true
video,170061182490208,1000000000,170061.18244858333,true
video,170061199156916,1000000000,170061.19947820835,true
audio,170061175382958,1000000000,170061.20092237502,true
video,170061224156750,1000000000,170061.21939520835,true
audio,170061195382958,1000000000,170061.2222415,true
video,170061240823333,1000000000,170061.23718300002,true
audio,170061215382958,1000000000,170061.24369033333,true
video,170061257490041,1000000000,170061.25419916667,true
audio,170061235382958,1000000000,170061.26506429169,true
video,170061274156541,1000000000,170061.27105579167,true
audio,170061255382958,1000000000,170061.28632170835,true
video,170061290823250,1000000000,170061.288018625,true
video,170061307489750,1000000000,170061.305004375,true
audio,170061275382958,1000000000,170061.30756241668,true
video,170061324156291,1000000000,170061.3222405417,true
audio,170061295382958,1000000000,170061.32896304168,true
video,170061340823000,1000000000,170061.3395925,true
audio,170061315382958,1000000000,170061.35031266668,true
video,170061357489500,1000000000,170061.35736054168,true
audio,170061335382958,1000000000,170061.37162025002,true
video,170061374156208,1000000000,170061.3741111667,true
video,170061390822708,1000000000,170061.39121054168,true
audio,170061355382958,1000000000,170061.39295112502,true
video,170061415822708,1000000000,170061.41038291669,true
audio,170061375382916,1000000000,170061.414276875,true
video,170061432489333,1000000000,170061.42711566668,true
audio,170061395382958,1000000000,170061.43558645833,true
video,170061449155833,1000000000,170061.44542254167,true
audio,170061415382958,1000000000,170061.4569827917,true
video,170061465822541,1000000000,170061.46281804168,true
audio,170061435382958,1000000000,170061.47827054167,true
audio,170061455382958,1000000000,170061.478318375,true
video,170061482489041,1000000000,170061.47968008334,true
video,170061499155625,1000000000,170061.49720345833,true
audio,170061475382958,1000000000,170061.49968554167,true
video,170061515822250,1000000000,170061.51445491667,true
audio,170061495382958,1000000000,170061.52107545835,true
video,170061532488833,1000000000,170061.53154770835,true
audio,170061515382958,1000000000,170061.54234783334,true
video,170061549155458,1000000000,170061.54833375002,true
audio,170061535382958,1000000000,170061.56368504168,true
video,170061565822041,1000000000,170061.56532291666,true
video,170061582488625,1000000000,170061.58232416667,true
audio,170061555382958,1000000000,170061.584901875,true
video,170061599155250,1000000000,170061.59932795833,true
audio,170061575382958,1000000000,170061.60632120835,true
video,170061615821833,1000000000,170061.61621966667,true
audio,170061595382916,1000000000,170061.627691125,true
video,170061640821791,1000000000,170061.63503654167,true
audio,170061615382958,1000000000,170061.64898654167,true
video,170061657488333,1000000000,170061.65227670834,true
video,170061674154958,1000000000,170061.66907379168,true
audio,170061635382958,1000000000,170061.67021087502,true
video,170061690821583,1000000000,170061.68654758335,true
audio,170061655382916,1000000000,170061.691608375,true
video,170061707488166,1000000000,170061.70337341668,true
audio,170061675382958,1000000000,170061.71298120834,true
video,170061724154791,1000000000,170061.72021691667,true
audio,170061695382958,1000000000,170061.73424179168,true
video,170061740821375,1000000000,170061.7376212917,true
video,170061757488083,1000000000,170061.75502308333,true
audio,170061715382958,1000000000,170061.75557333336,true
video,170061774154583,1000000000,170061.77207187502,true
audio,170061735382958,1000000000,170061.77699604168,true
video,170061790821291,1000000000,170061.78920808336,true
audio,170061755382958,1000000000,170061.79836679169,true
video,170061807487791,1000000000,170061.806214375,true
audio,170061775382958,1000000000,170061.81963933335,true
video,170061824154375,1000000000,170061.82338283333,true
video,170061840821083,1000000000,170061.84042608333,true
audio,170061795382958,1000000000,170061.84091445836,true
audio,170061815382958,1000000000,170061.84094333334,true
video,170061857487583,1000000000,170061.85773904168,true
audio,170061835382958,1000000000,170061.86230095834,true
video,170061874154250,1000000000,170061.87431033334,true
audio,170061855382958,1000000000,170061.883660875,true
video,170061890820791,1000000000,170061.89104166668,true
audio,170061875382916,1000000000,170061.90493429167,true
video,170061915820791,1000000000,170061.91121970833,true
audio,170061895382958,1000000000,170061.92631204167,true
video,170061932487291,1000000000,170061.92796720835,true
video,170061949153875,1000000000,170061.94487958335,true
audio,170061915382958,1000000000,170061.94757016667,true
video,170061965820583,1000000000,170061.96157908335,true
audio,170061935382958,1000000000,170061.9690154167,true
video,170061982487083,1000000000,170061.97851595836,true
audio,170061955382958,1000000000,170061.99027941667,true
video,170061999153666,1000000000,170061.9953846667,true
audio,170061975382958,1000000000,170062.01170433333,true
video,170062015820291,1000000000,170062.01350220834,true
video,170062032486875,1000000000,170062.03092012502,true
audio,170061995382958,1000000000,170062.03287816668,true
video,170062049153500,1000000000,170062.04768037502,true
audio,170062015382958,1000000000,170062.054302375,true
video,170062065820083,1000000000,170062.06447795834,true
audio,170062035382958,1000000000,170062.07557616668,true
video,170062082486666,1000000000,170062.08141933335,true
audio,170062055382958,1000000000,170062.09694737502,true
video,170062099153333,1000000000,170062.09832158335,true
video,170062115819916,1000000000,170062.11589541667,true
audio,170062075382958,1000000000,170062.118282375,true
video,170062132486500,1000000000,170062.13257245833,true
audio,170062095382916,1000000000,170062.1396401667,true
video,170062149153125,1000000000,170062.14928266668,true
audio,170062115382958,1000000000,170062.1610066667,true
audio,170062135382958,1000000000,170062.16106204168,true
video,170062165819833,1000000000,170062.16606254168,true
audio,170062155382916,1000000000,170062.18229479168,true
video,170062190819625,1000000000,170062.1858769167,true
video,170062207486208,1000000000,170062.20284958335,true
audio,170062175382958,1000000000,170062.20359008334,true
video,170062224152958,1000000000,170062.22011870836,true
audio,170062195382958,1000000000,170062.22493995834,true
video,170062240819416,1000000000,170062.23722141667,true
audio,170062215382958,1000000000,170062.24628491668,true
video,170062257486125,1000000000,170062.25390125002,true
audio,170062235382958,1000000000,170062.267608875,true
video,170062274152625,1000000000,170062.27103454169,true
video,170062290819333,1000000000,170062.2877785,true
audio,170062255382958,1000000000,170062.28894829168,true
video,170062307485833,1000000000,170062.30501279168,true
audio,170062275382958,1000000000,170062.3103025,true
video,170062324152416,1000000000,170062.32261741668,true
audio,170062295382958,1000000000,170062.331584875,true
video,170062340819166,1000000000,170062.340342,true
audio,170062315382958,1000000000,170062.3530091667,true
video,170062357485666,1000000000,170062.35732508334,true
audio,170062335382958,1000000000,170062.3743629167,true
video,170062374152375,1000000000,170062.37447866666,true
video,170062399152125,1000000000,170062.394677125,true
audio,170062355382958,1000000000,170062.395643,true
video,170062415818750,1000000000,170062.41182358333,true
audio,170062375382916,1000000000,170062.41700054167,true
video,170062432485333,1000000000,170062.42906337502,true
audio,170062395382958,1000000000,170062.43828991667,true
video,170062449151916,1000000000,170062.44657766668,true
audio,170062415382958,1000000000,170062.45959216668,true
video,170062465818625,1000000000,170062.46361570834,true
audio,170062435382958,1000000000,170062.48096470835,true
audio,170062455382958,1000000000,170062.48101504167,true
video,170062482485250,1000000000,170062.48109433334,true
video,170062499151833,1000000000,170062.49836341667,true
audio,170062475382958,1000000000,170062.50227658334,true
video,170062515818458,1000000000,170062.515397,true
audio,170062495382958,1000000000,170062.52363983335,true
video,170062532484916,1000000000,170062.53215533335,true
audio,170062515382958,1000000000,170062.54497175,true
video,170062549151541,1000000000,170062.549310375,true
video,170062565818291,1000000000,170062.566098125,true
audio,170062535382958,1000000000,170062.56617254167,true
video,170062590818208,1000000000,170062.58609004167,true
audio,170062555382958,1000000000,170062.5875212917,true
video,170062607484666,1000000000,170062.60325579168,true
audio,170062575382958,1000000000,170062.6089435,true
video,170062624151250,1000000000,170062.62012283335,true
audio,170062595382916,1000000000,170062.63034183334,true
video,170062640817875,1000000000,170062.63721975,true
audio,170062615382958,1000000000,170062.65170579168,true
video,170062657484458,1000000000,170062.65426558335,true
video,170062674151083,1000000000,170062.671087875,true
audio,170062635382958,1000000000,170062.67292225,true
video,170062690817666,1000000000,170062.68824054167,true
audio,170062655382916,1000000000,170062.69423708334,true
video,170062707484250,1000000000,170062.7051641667,true
audio,170062675382958,1000000000,170062.71563754167,true
video,170062724151000,1000000000,170062.72263320835,true
audio,170062695382958,1000000000,170062.7369965,true
video,170062740817458,1000000000,170062.73956170835,true
video,170062757484208,1000000000,170062.75620179166,true
audio,170062715382958,1000000000,170062.75819441667,true
video,170062774150708,1000000000,170062.77319270835,true
audio,170062735382958,1000000000,170062.779671,true
video,170062790817416,1000000000,170062.79029975002,true
audio,170062755382958,1000000000,170062.80093708335,true
video,170062807483916,1000000000,170062.80727225,true
audio,170062775382958,1000000000,170062.8222976667,true
video,170062824150500,1000000000,170062.82432416666,true
audio,170062795382958,1000000000,170062.84362175,true
audio,170062815382958,1000000000,170062.84366633336,true
video,170062849150416,1000000000,170062.84407608333,true
video,170062865817000,1000000000,170062.86107579168,true
audio,170062835382958,1000000000,170062.86494600002,true
video,170062882483625,1000000000,170062.8778721667,true
audio,170062855382958,1000000000,170062.886256375,true
video,170062899150208,1000000000,170062.89561245835,true
audio,170062875382916,1000000000,170062.9076466667,true
video,170062915816958,1000000000,170062.91282662502,true
audio,170062895382958,1000000000,170062.92898470836,true
video,170062932483416,1000000000,170062.93056954167,true
video,170062949149958,1000000000,170062.94762466667,true
audio,170062915382958,1000000000,170062.95026900002,true
video,170062965816666,1000000000,170062.96419475,true
audio,170062935382958,1000000000,170062.97165720834,true
video,170062982483208,1000000000,170062.98109016666,true
audio,170062955382958,1000000000,170062.99295158335,true
video,170062999149791,1000000000,170062.998151875,true
audio,170062975382958,1000000000,170063.01430458334,true
video,170063015816416,1000000000,170063.015301625,true
video,170063032483000,1000000000,170063.03245304167,true
audio,170062995382958,1000000000,170063.03567316668,true
video,170063049149625,1000000000,170063.04920008333,true
audio,170063015382958,1000000000,170063.05693475,true
video,170063065816333,1000000000,170063.06605845835,true
audio,170063035382958,1000000000,170063.07829416668,true
video,170063090816208,1000000000,170063.08576754166,true
audio,170063055382958,1000000000,170063.09962666666,true
video,170063107482708,1000000000,170063.10317358334,true
audio,170063075382958,1000000000,170063.1209732917,true
video,170063124149291,1000000000,170063.12108333333,true
video,170063140815916,1000000000,170063.13801166668,true
audio,170063095382916,1000000000,170063.14228075,true
video,170063157482541,1000000000,170063.155241875,true
audio,170063115382958,1000000000,170063.16368358335,true
audio,170063135382958,1000000000,170063.16372833334,true
video,170063174149125,1000000000,170063.17276320833,true
audio,170063155382916,1000000000,170063.184955875,true
video,170063190815708,1000000000,170063.189709125,true
audio,170063175382958,1000000000,170063.20628412502,true
video,170063207482458,1000000000,170063.20639775,true
video,170063224148958,1000000000,170063.22319566668,true
audio,170063195382958,1000000000,170063.227653,true
video,170063240815625,1000000000,170063.239945625,true
audio,170063215382958,1000000000,170063.24896004167,true
video,170063257482250,1000000000,170063.25702216668,true
audio,170063235382958,1000000000,170063.2704305,true
video,170063274148750,1000000000,170063.274390125,true
audio,170063255382958,1000000000,170063.29167,true
video,170063299148750,1000000000,170063.29465108336,true
video,170063315815250,1000000000,170063.312687625,true
audio,170063275382958,1000000000,170063.31287958333,true
video,170063332481833,1000000000,170063.32975354168,true
audio,170063295382958,1000000000,170063.33427504168,true
video,170063349148458,1000000000,170063.346574875,true
audio,170063315382958,1000000000,170063.35568945835,true
video,170063365815041,1000000000,170063.36358212502,true
audio,170063335382958,1000000000,170063.37696366667,true
video,170063382481833,1000000000,170063.381036,true
audio,170063355382958,1000000000,170063.398312625,true
video,170063399148291,1000000000,170063.39862158336,true
video,170063415814875,1000000000,170063.41599945835,true
audio,170063375382916,1000000000,170063.4196176667,true
video,170063432481500,1000000000,170063.4326857917,true
audio,170063395382958,1000000000,170063.44099783336,true
video,170063457481375,1000000000,170063.45228658334,true
audio,170063415382958,1000000000,170063.46231445833,true
video,170063474148000,1000000000,170063.46931500002,true
audio,170063435382958,1000000000,170063.48365083334,true
audio,170063455382958,1000000000,170063.483702875,true
video,170063490814541,1000000000,170063.4860811667,true
video,170063507481250,1000000000,170063.50304458334,true
audio,170063475382958,1000000000,170063.50488145836,true
video,170063524147750,1000000000,170063.52058062502,true
audio,170063495382958,1000000000,170063.526273125,true
video,170063540814333,1000000000,170063.53816020835,true
audio,170063515382958,1000000000,170063.54766604168,true
video,170063557480958,1000000000,170063.5548342917,true
audio,170063535382958,1000000000,170063.56896920834,true
video,170063574147500,1000000000,170063.57164208335,true
video,170063590814291,1000000000,170063.588513125,true
audio,170063555382958,1000000000,170063.59027504167,true
video,170063607480791,1000000000,170063.60554783334,true
audio,170063575382958,1000000000,170063.61164320834,true
video,170063624147375,1000000000,170063.62275125002,true
audio,170063595382916,1000000000,170063.63300525,true
video,170063640814000,1000000000,170063.64020133336,true
audio,170063615382958,1000000000,170063.65425404167,true
video,170063657480583,1000000000,170063.65743737502,true
video,170063674147291,1000000000,170063.674444,true
audio,170063635382958,1000000000,170063.67561987502,true
video,170063699147083,1000000000,170063.69469766668,true
audio,170063655382916,1000000000,170063.69697108335,true
video,170063715813791,1000000000,170063.71241475,true
audio,170063675382958,1000000000,170063.718271875,true
video,170063732480291,1000000000,170063.72927616668,true
audio,170063695382958,1000000000,170063.73964104167,true
video,170063749146875,1000000000,170063.74590845834,true
audio,170063715382958,1000000000,170063.76093283333,true
video,170063765813500,1000000000,170063.76368175002,true
video,170063782480166,1000000000,170063.78106154167,true
audio,170063735382958,1000000000,170063.78224625002,true
video,170063799146708,1000000000,170063.79770016667,true
audio,170063755382958,1000000000,170063.80364716667,true
video,170063815813291,1000000000,170063.81535770834,true
audio,170063775382958,1000000000,170063.82498708335,true
video,170063832480041,1000000000,170063.83265237501,true
audio,170063795382958,1000000000,170063.84630162502,true
audio,170063815382958,1000000000,170063.8463547917,true
video,170063849146541,1000000000,170063.84940791668,true
audio,170063835382958,1000000000,170063.86765679167,true
video,170063874146416,1000000000,170063.86949745833,true
video,170063890813041,1000000000,170063.88711970835,true
audio,170063855382958,1000000000,170063.8889101667,true
video,170063907479625,1000000000,170063.904179625,true
audio,170063875382916,1000000000,170063.91032233334,true
video,170063924146208,1000000000,170063.920848,true
audio,170063895382958,1000000000,170063.93161066668,true
video,170063940812833,1000000000,170063.938077875,true
audio,170063915382958,1000000000,170063.95299395834,true
video,170063957479416,1000000000,170063.95514291667,true
video,170063974146041,1000000000,170063.97276425,true
audio,170063935382958,1000000000,170063.974274125,true
video,170063990812625,1000000000,170063.99051895834,true
audio,170063955382958,1000000000,170063.99564591667,true
video,170064007479375,1000000000,170064.00761233334,true
audio,170063975382958,1000000000,170064.01700804167,true
video,170064024145833,1000000000,170064.024363,true
audio,170063995382958,1000000000,170064.0383344167,true
video,170064049145708,1000000000,170064.0440714167,true
audio,170064015382958,1000000000,170064.05973008333,true
video,170064065812333,1000000000,170064.06064654168,true
video,170064082478916,1000000000,170064.07744066668,true
audio,170064035382958,1000000000,170064.08098816668,true
video,170064099145541,1000000000,170064.0943059167,true
audio,170064055382958,1000000000,170064.10232133334,true
video,170064115812125,1000000000,170064.112092375,true
audio,170064075382958,1000000000,170064.12367745835,true
video,170064132478750,1000000000,170064.129171375,true
audio,170064095382916,1000000000,170064.14499545834,true
video,170064149145333,1000000000,170064.14614729167,true
video,170064165811916,1000000000,170064.16306075,true
audio,170064115382958,1000000000,170064.16624995833,true
audio,170064135382958,1000000000,170064.16631070833,true
video,170064182478541,1000000000,170064.17997754167,true
audio,170064155382916,1000000000,170064.1876966667,true
video,170064199145125,1000000000,170064.19700195835,true
audio,170064175382958,1000000000,170064.20891308333,true
video,170064215811875,1000000000,170064.21407395834,true
audio,170064195382958,1000000000,170064.23028095835,true
video,170064232478500,1000000000,170064.23129650002,true
video,170064249144958,1000000000,170064.24835316668,true
audio,170064215382958,1000000000,170064.251635625,true
video,170064265811708,1000000000,170064.26602341668,true
audio,170064235382958,1000000000,170064.27296358335,true
video,170064282478166,1000000000,170064.28278141667,true
audio,170064255382958,1000000000,170064.2943495,true
video,170064299144750,1000000000,170064.29959954167,true
audio,170064275382958,1000000000,170064.31564070834,true
video,170064324144666,1000000000,170064.31922883334,true
video,170064340811375,1000000000,170064.33696104167,true
audio,170064295382958,1000000000,170064.337031375,true
video,170064357477875,1000000000,170064.35462379167,true
audio,170064315382958,1000000000,170064.35824120833,true
video,170064374144458,1000000000,170064.371534625,true
audio,170064335382958,1000000000,170064.37968408334,true
video,170064390811125,1000000000,170064.38917608335,true
audio,170064355382958,1000000000,170064.40099429167,true
video,170064407477708,1000000000,170064.40610016667,true
audio,170064375382916,1000000000,170064.422272375,true
video,170064424144291,1000000000,170064.42339345833,true
video,170064440810916,1000000000,170064.44042825,true
audio,170064395382958,1000000000,170064.44374779167,true
video,170064457477500,1000000000,170064.45734920833,true
audio,170064415382958,1000000000,170064.46497120833,true
video,170064474144125,1000000000,170064.47426241668,true
audio,170064435382958,1000000000,170064.48631633335,true
audio,170064455382958,1000000000,170064.48639320835,true
video,170064499144000,1000000000,170064.49404558336,true
audio,170064475382958,1000000000,170064.50762750002,true
video,170064515810625,1000000000,170064.51206470834,true
video,170064532477208,1000000000,170064.52906416668,true
audio,170064495382958,1000000000,170064.52913291668,true
video,170064549143791,1000000000,170064.54719487502,true
audio,170064515382958,1000000000,170064.5502474167,true
video,170064565810375,1000000000,170064.56452395834,true
audio,170064535382958,1000000000,170064.57159458334,true
video,170064582477083,1000000000,170064.58162666668,true
audio,170064555382958,1000000000,170064.59290241668,true
video,170064599143583,1000000000,170064.598765875,true
audio,170064575382958,1000000000,170064.61431029168,true
video,170064615810291,1000000000,170064.61600483334,true
audio,170064595382916,1000000000,170064.63566375,true
video,170064640810125,1000000000,170064.6364264167,true
video,170064657476708,1000000000,170064.65362475,true
audio,170064615382958,1000000000,170064.65691808335,true
video,170064674143291,1000000000,170064.67057683333,true
audio,170064635382958,1000000000,170064.6783015,true
video,170064690809916,1000000000,170064.68806320833,true
audio,170064655382916,1000000000,170064.69963520835,true
video,170064707476625,1000000000,170064.7052441667,true
audio,170064675382958,1000000000,170064.72098758334,true
video,170064724143125,1000000000,170064.72243208333,true
audio,170064695382958,1000000000,170064.73164462502,true
video,170064740809708,1000000000,170064.73920220835,true
audio,170064715382958,1000000000,170064.752897875,true
video,170064757476416,1000000000,170064.7559165,true
video,170064774142916,1000000000,170064.77374708335,true
audio,170064735382958,1000000000,170064.77420945835,true
video,170064790809541,1000000000,170064.79123162501,true
audio,170064755382958,1000000000,170064.79562062502,true
video,170064807476250,1000000000,170064.80783875,true
audio,170064775382958,1000000000,170064.81698370836,true
video,170064824142750,1000000000,170064.82435887502,true
audio,170064795382958,1000000000,170064.83830566666,true
audio,170064815382958,1000000000,170064.83835291667,true
video,170064840809458,1000000000,170064.841068625,true
audio,170064835382958,1000000000,170064.859594125,true
video,170064865809250,1000000000,170064.86053458333,true
video,170064882475958,1000000000,170064.87846483334,true
audio,170064855382958,1000000000,170064.88093025002,true
video,170064899142583,1000000000,170064.8954765,true
audio,170064875382916,1000000000,170064.90225408334,true
video,170064915809041,1000000000,170064.9132307917,true
audio,170064895382958,1000000000,170064.92361004167,true
video,170064932475750,1000000000,170064.93023341667,true
audio,170064915382958,1000000000,170064.94497070834,true
video,170064949142250,1000000000,170064.94751283334,true
video,170064965808958,1000000000,170064.96485995833,true
audio,170064935382958,1000000000,170064.96618658333,true
video,170064982475458,1000000000,170064.9816742917,true
audio,170064955382958,1000000000,170064.98765995834,true
video,170064999142166,1000000000,170064.99855179168,true
audio,170064975382958,1000000000,170065.00893883334,true
video,170065015808708,1000000000,170065.01558716668,true
audio,170064995382958,1000000000,170065.03033208335,true
video,170065032475416,1000000000,170065.032883375,true
audio,170065015382958,1000000000,170065.05165983335,true
video,170065057475291,1000000000,170065.05234033335,true
video,170065074141791,1000000000,170065.07039425,true
audio,170065035382958,1000000000,170065.07293358335,true
video,170065090808500,1000000000,170065.087253,true
audio,170065055382958,1000000000,170065.09439991668,true
video,170065107474958,1000000000,170065.10405545833,true
audio,170065075382958,1000000000,170065.11569395833,true
video,170065124141541,1000000000,170065.12130212502,true
audio,170065095382916,1000000000,170065.13696662502,true
video,170065140808166,1000000000,170065.13806233334,true
video,170065157474875,1000000000,170065.15513441668,true
audio,170065115382958,1000000000,170065.15830487502,true
audio,170065135382958,1000000000,170065.15836300002,true
video,170065174141458,1000000000,170065.17211033334,true
audio,170065155382916,1000000000,170065.17967254168,true
video,170065190808000,1000000000,170065.18924887502,true
audio,170065175382958,1000000000,170065.2009937917,true
video,170065207474541,1000000000,170065.20667770834,true
audio,170065195382958,1000000000,170065.222321125,true
video,170065224141208,1000000000,170065.22399604166,true
video,170065240807791,1000000000,170065.24068204168,true
audio,170065215382958,1000000000,170065.24365804167,true
video,170065257474416,1000000000,170065.257829125,true
audio,170065235382958,1000000000,170065.26500841667,true
video,170065282474291,1000000000,170065.2775286667,true
audio,170065255382958,1000000000,170065.286333625,true
video,170065299141000,1000000000,170065.29513725,true
audio,170065275382958,1000000000,170065.307635625,true
video,170065315807500,1000000000,170065.31208391668,true
audio,170065295382958,1000000000,170065.32908004167,true
video,170065332474083,1000000000,170065.32940004166,true
video,170065349140708,1000000000,170065.34644954168,true
audio,170065315382958,1000000000,170065.35044500002,true
video,170065365807291,1000000000,170065.36297666669,true
audio,170065335382958,1000000000,170065.3716072917,true
video,170065382474000,1000000000,170065.3799969167,true
audio,170065355382958,1000000000,170065.39292133335,true
video,170065399140541,1000000000,170065.39720520834,true
audio,170065375382916,1000000000,170065.41437704168,true
video,170065415807125,1000000000,170065.41459579166,true
video,170065432473833,1000000000,170065.43228766668,true
audio,170065395382958,1000000000,170065.435629,true
video,170065449140458,1000000000,170065.4493081667,true
audio,170065415382958,1000000000,170065.4570395,true
video,170065465807041,1000000000,170065.4660724167,true
audio,170065435382958,1000000000,170065.47831616667,true
audio,170065455382958,1000000000,170065.478353,true
video,170065490806958,1000000000,170065.48591991668,true
audio,170065475382958,1000000000,170065.49968675,true
video,170065507473541,1000000000,170065.50287354167,true
video,170065524140041,1000000000,170065.52081720834,true
audio,170065495382958,1000000000,170065.520912,true
video,170065540806625,1000000000,170065.53757554168,true
audio,170065515382958,1000000000,170065.54232937502,true
video,170065557473416,1000000000,170065.55482762502,true
audio,170065535382958,1000000000,170065.56370308335,true
video,170065574139875,1000000000,170065.57250320836,true
audio,170065555382958,1000000000,170065.585063625,true
video,170065590806541,1000000000,170065.59017875002,true
audio,170065575382958,1000000000,170065.60636958334,true
video,170065607473083,1000000000,170065.60725041668,true
video,170065624139666,1000000000,170065.62420975,true
audio,170065595382916,1000000000,170065.62766687502,true
video,170065640806291,1000000000,170065.64103729167,true
audio,170065615382958,1000000000,170065.64895241667,true
video,170065665806125,1000000000,170065.66067541667,true
audio,170065635382958,1000000000,170065.67039770834,true
video,170065682472833,1000000000,170065.67760016667,true
audio,170065655382916,1000000000,170065.6917171667,true
video,170065699139333,1000000000,170065.6949739167,true
video,170065715806041,1000000000,170065.71224316666,true
audio,170065675382958,1000000000,170065.71297595833,true
video,170065732472541,1000000000,170065.72907091668,true
audio,170065695382958,1000000000,170065.734357625,true
video,170065749139125,1000000000,170065.7464237917,true
audio,170065715382958,1000000000,170065.75565375,true
video,170065765805750,1000000000,170065.76420729168,true
audio,170065735382958,1000000000,170065.7769955,true
video,170065782472458,1000000000,170065.78142220835,true
video,170065799139083,1000000000,170065.79829225002,true
audio,170065755382958,1000000000,170065.79835250002,true
video,170065815805625,1000000000,170065.81536825,true
audio,170065775382958,1000000000,170065.81963858334,true
video,170065832472166,1000000000,170065.83228925001,true
audio,170065795382958,1000000000,170065.84092629168,true
audio,170065815382958,1000000000,170065.84100412502,true
video,170065849138791,1000000000,170065.849295875,true
audio,170065835382958,1000000000,170065.86237816667,true
video,170065865805375,1000000000,170065.86605816666,true
audio,170065855382958,1000000000,170065.88364812502,true
video,170065890805291,1000000000,170065.88632008334,true
video,170065907471916,1000000000,170065.90391504168,true
audio,170065875382916,1000000000,170065.9050135417,true
video,170065924138583,1000000000,170065.92126170834,true
audio,170065895382958,1000000000,170065.92636908335,true
video,170065940805208,1000000000,170065.93784733335,true
audio,170065915382958,1000000000,170065.94763983335,true
video,170065957471708,1000000000,170065.95513470835,true
audio,170065935382958,1000000000,170065.9690195417,true
video,170065974138291,1000000000,170065.9729250417,true
video,170065990804916,1000000000,170065.9901709167,true
audio,170065955382958,1000000000,170065.9902629167,true
video,170066007471625,1000000000,170066.00715375002,true
audio,170065975382958,1000000000,170066.01161966668,true
video,170066024138125,1000000000,170066.02438037502,true
audio,170065995382958,1000000000,170066.0329871667,true
video,170066049138000,1000000000,170066.04415470833,true
audio,170066015382958,1000000000,170066.05434587502,true
video,170066065804625,1000000000,170066.06142891667,true
audio,170066035382958,1000000000,170066.07562775002,true
video,170066082471208,1000000000,170066.07903366667,true
video,170066099137833,1000000000,170066.09624412502,true
audio,170066055382958,1000000000,170066.09696858336,true
video,170066115804541,1000000000,170066.1129926667,true
audio,170066075382958,1000000000,170066.11828041667,true
video,170066132471125,1000000000,170066.13062450002,true
audio,170066095382916,1000000000,170066.13966829167,true
video,170066149137750,1000000000,170066.147772,true
audio,170066115382958,1000000000,170066.16092233334,true
audio,170066135382958,1000000000,170066.160954625,true
video,170066165804250,1000000000,170066.16474020833,true
audio,170066155382916,1000000000,170066.18224879168,true
video,170066182470958,1000000000,170066.18245579168,true
video,170066199137458,1000000000,170066.19933020836,true
audio,170066175382958,1000000000,170066.203615625,true
video,170066215804125,1000000000,170066.21614550002,true
audio,170066195382958,1000000000,170066.224939125,true
video,170066232470625,1000000000,170066.232793375,true
audio,170066215382958,1000000000,170066.24629858334,true
video,170066257470625,1000000000,170066.25198816668,true
audio,170066235382958,1000000000,170066.26761900002,true
video,170066274137125,1000000000,170066.27034595836,true
video,170066290803708,1000000000,170066.287641125,true
audio,170066255382958,1000000000,170066.28893508334,true
video,170066307470416,1000000000,170066.30539195833,true
audio,170066275382958,1000000000,170066.31026466668,true
video,170066324137041,1000000000,170066.32190608335,true
audio,170066295382958,1000000000,170066.33162075002,true
video,170066340803541,1000000000,170066.33920570835,true
audio,170066315382958,1000000000,170066.35293708334,true
video,170066357470125,1000000000,170066.35622170835,true
video,170066374136791,1000000000,170066.37334779167,true
audio,170066335382958,1000000000,170066.37426329168,true
video,170066390803375,1000000000,170066.39030816668,true
audio,170066355382958,1000000000,170066.39566070834,true
video,170066407469958,1000000000,170066.40731775,true
audio,170066375382916,1000000000,170066.416968875,true
video,170066424136541,1000000000,170066.42447033335,true
audio,170066395382958,1000000000,170066.43826750002,true
video,170066449136458,1000000000,170066.44565958335,true
audio,170066415382958,1000000000,170066.45958179169,true
video,170066465803041,1000000000,170066.4628961667,true
video,170066482469666,1000000000,170066.47960683334,true
audio,170066435382958,1000000000,170066.48093775002,true
audio,170066455382958,1000000000,170066.48099233335,true
video,170066499136250,1000000000,170066.49724329167,true
audio,170066475382958,1000000000,170066.50227070836,true
video,170066515803000,1000000000,170066.51427945835,true
audio,170066495382958,1000000000,170066.52364633334,true
video,170066532469458,1000000000,170066.53117091669,true
audio,170066515382958,1000000000,170066.5449825,true
video,170066549136166,1000000000,170066.54874870833,true
video,170066565802708,1000000000,170066.56591637502,true
audio,170066535382958,1000000000,170066.566188875,true
video,170066582469291,1000000000,170066.582633125,true
audio,170066555382958,1000000000,170066.58774091667,true
video,170066599136041,1000000000,170066.5993242917,true
audio,170066575382958,1000000000,170066.608965875,true
video,170066615802500,1000000000,170066.61609758335,true
audio,170066595382916,1000000000,170066.63030387502,true
video,170066640802416,1000000000,170066.63575812502,true
audio,170066615382958,1000000000,170066.65161633334,true
video,170066657469000,1000000000,170066.65317108334,true
video,170066674135583,1000000000,170066.67027733335,true
audio,170066635382958,1000000000,170066.67300691668,true
video,170066690802208,1000000000,170066.68719475,true
audio,170066655382916,1000000000,170066.6942819167,true
video,170066707468791,1000000000,170066.70411458335,true
audio,170066675382958,1000000000,170066.71564254168,true
video,170066724135416,1000000000,170066.72079383334,true
audio,170066695382958,1000000000,170066.73695983333,true
video,170066740801958,1000000000,170066.738063625,true
video,170066757468666,1000000000,170066.75608541668,true
audio,170066715382958,1000000000,170066.758263875,true
video,170066774135333,1000000000,170066.77359691667,true
audio,170066735382958,1000000000,170066.77966641667,true
video,170066790801791,1000000000,170066.79060654168,true
audio,170066755382958,1000000000,170066.80090508334,true
video,170066807468541,1000000000,170066.8077276667,true
audio,170066775382958,1000000000,170066.82223362502,true
video,170066824135000,1000000000,170066.82456716668,true
audio,170066795382958,1000000000,170066.84360008335,true
audio,170066815382958,1000000000,170066.8436275,true
video,170066849135000,1000000000,170066.84521366667,true
video,170066865801500,1000000000,170066.86207279167,true
audio,170066835382958,1000000000,170066.86495991668,true
video,170066882468208,1000000000,170066.879045,true
audio,170066855382958,1000000000,170066.88628325,true
video,170066899134708,1000000000,170066.8965565,true
audio,170066875382916,1000000000,170066.9076121667,true
video,170066915801250,1000000000,170066.914303875,true
audio,170066895382958,1000000000,170066.92904533335,true
video,170066932468041,1000000000,170066.9312332917,true
video,170066949134541,1000000000,170066.948994625,true
audio,170066915382958,1000000000,170066.95023479167,true
video,170066965801125,1000000000,170066.965984625,true
audio,170066935382958,1000000000,170066.97165158336,true
video,170066982467833,1000000000,170066.98270687502,true
audio,170066955382958,1000000000,170066.99297758334,true
video,170066999134333,1000000000,170066.99941670834,true
audio,170066975382958,1000000000,170067.01431970834,true
video,170067015800958,1000000000,170067.01618075,true
video,170067040800833,1000000000,170067.03561737502,true
audio,170066995382958,1000000000,170067.035679875,true
video,170067057467458,1000000000,170067.05248804166,true
audio,170067015382958,1000000000,170067.05696383334,true
video,170067074134041,1000000000,170067.0709406667,true
audio,170067035382958,1000000000,170067.07828745834,true
video,170067090800625,1000000000,170067.08799016668,true
audio,170067055382958,1000000000,170067.09965383334,true
video,170067107467333,1000000000,170067.1055495,true
audio,170067075382958,1000000000,170067.12100908335,true
video,170067124133833,1000000000,170067.12329000002,true
video,170067140800583,1000000000,170067.14052191668,true
audio,170067095382916,1000000000,170067.14223220834,true
video,170067157467166,1000000000,170067.15735354167,true
audio,170067115382958,1000000000,170067.16365245834,true
audio,170067135382958,1000000000,170067.16370620835,true
video,170067174133666,1000000000,170067.17440429167,true
audio,170067155382916,1000000000,170067.18497958334,true
video,170067199133583,1000000000,170067.194414,true
audio,170067175382958,1000000000,170067.20628154167,true
video,170067215800166,1000000000,170067.21174325002,true
audio,170067195382958,1000000000,170067.22766637502,true
video,170067232466875,1000000000,170067.23012525,true
video,170067249133375,1000000000,170067.247772125,true
audio,170067215382958,1000000000,170067.24891054168,true
video,170067265800000,1000000000,170067.2649574167,true
audio,170067235382958,1000000000,170067.27026570836,true
video,170067282466541,1000000000,170067.28235779167,true
audio,170067255382958,1000000000,170067.29157175001,true
video,170067299133125,1000000000,170067.29941495834,true
audio,170067275382958,1000000000,170067.31293225,true
video,170067315799750,1000000000,170067.31624995836,true
audio,170067295382958,1000000000,170067.33428883334,true
video,170067340799666,1000000000,170067.33529741666,true
video,170067357466250,1000000000,170067.35252112502,true
audio,170067315382958,1000000000,170067.35566637502,true
video,170067374133000,1000000000,170067.36938133335,true
audio,170067335382958,1000000000,170067.3770105,true
video,170067390799500,1000000000,170067.38688704168,true
audio,170067355382958,1000000000,170067.39829941667,true
video,170067407466083,1000000000,170067.40407216668,true
audio,170067375382916,1000000000,170067.41960866668,true
video,170067424132666,1000000000,170067.42170745836,true
video,170067440799291,1000000000,170067.43923850002,true
audio,170067395382958,1000000000,170067.44094266667,true
video,170067457466000,1000000000,170067.45630216668,true
audio,170067415382958,1000000000,170067.46223691668,true
video,170067474132583,1000000000,170067.47340083335,true
audio,170067435382958,1000000000,170067.48367608336,true
audio,170067455382958,1000000000,170067.48373554167,true
video,170067490799083,1000000000,170067.49033345835,true
audio,170067475382958,1000000000,170067.50500979167,true
video,170067507465791,1000000000,170067.50733575,true
video,170067524132291,1000000000,170067.52441408334,true
audio,170067495382958,1000000000,170067.5262925,true
video,170067549132291,1000000000,170067.54420920834,true
audio,170067515382958,1000000000,170067.54767808336,true
video,170067565798833,1000000000,170067.56164866668,true
audio,170067535382958,1000000000,170067.56898833334,true
video,170067582465416,1000000000,170067.57924695834,true
audio,170067555382958,1000000000,170067.59026362502,true
video,170067599132000,1000000000,170067.59642429167,true
audio,170067575382958,1000000000,170067.61164733334,true
video,170067615798625,1000000000,170067.61408366667,true
video,170067632465333,1000000000,170067.6313025,true
audio,170067595382916,1000000000,170067.63292537502,true
video,170067649131833,1000000000,170067.64864145833,true
audio,170067615382958,1000000000,170067.6543362917,true
video,170067665798416,1000000000,170067.66542675,true
audio,170067635382958,1000000000,170067.67562745835,true
video,170067682465125,1000000000,170067.68238116667,true
audio,170067655382916,1000000000,170067.69697816667,true
video,170067699131625,1000000000,170067.699262375,true
video,170067715798375,1000000000,170067.71600991668,true
audio,170067675382958,1000000000,170067.71827845834,true
video,170067732464875,1000000000,170067.73274679168,true
audio,170067695382958,1000000000,170067.73963283334,true
video,170067749131541,1000000000,170067.74931133335,true
audio,170067715382958,1000000000,170067.761004625,true
video,170067765798166,1000000000,170067.76610433334,true
audio,170067735382958,1000000000,170067.78231604167,true
video,170067790797958,1000000000,170067.78574908336,true
audio,170067755382958,1000000000,170067.80355,true
video,170067807464666,1000000000,170067.80364729167,true
video,170067824131125,1000000000,170067.82044091666,true
audio,170067775382958,1000000000,170067.82495941667,true
video,170067840797708,1000000000,170067.83778016668,true
audio,170067795382958,1000000000,170067.84638166666,true
audio,170067815382958,1000000000,170067.84647245833,true
video,170067857464416,1000000000,170067.855190875,true
audio,170067835382958,1000000000,170067.86762508334,true
video,170067874131041,1000000000,170067.87199100002,true
audio,170067855382958,1000000000,170067.88900166668,true
video,170067890797583,1000000000,170067.88961691668,true
video,170067907464125,1000000000,170067.90655075002,true
audio,170067875382916,1000000000,170067.91024020835,true
video,170067924130875,1000000000,170067.92385008335,true
audio,170067895382958,1000000000,170067.93162062502,true
video,170067940797458,1000000000,170067.94099425,true
audio,170067915382958,1000000000,170067.95295695835,true
video,170067957463958,1000000000,170067.95780720835,true
audio,170067935382958,1000000000,170067.97427725,true
video,170067982463875,1000000000,170067.9770842917,true
video,170067999130583,1000000000,170067.99543854166,true
audio,170067955382958,1000000000,170067.99564125002,true
video,170068015797208,1000000000,170068.01236054167,true
audio,170067975382958,1000000000,170068.01694454168,true
video,170068032463666,1000000000,170068.02887587502,true
audio,170067995382958,1000000000,170068.03831733335,true
video,170068049130250,1000000000,170068.046460125,true
audio,170068015382958,1000000000,170068.05960020833,true
video,170068065796875,1000000000,170068.06418991668,true
audio,170068035382958,1000000000,170068.081018,true
video,170068082463458,1000000000,170068.08114004167,true
video,170068099130041,1000000000,170068.09860445836,true
audio,170068055382958,1000000000,170068.10225091668,true
video,170068115796708,1000000000,170068.11619637502,true
audio,170068075382958,1000000000,170068.12366420834,true
video,170068140796583,1000000000,170068.13540266667,true
audio,170068095382916,1000000000,170068.145044625,true
video,170068157463208,1000000000,170068.15264954168,true
audio,170068115382958,1000000000,170068.16621262502,true
audio,170068135382958,1000000000,170068.16625104166,true
video,170068174129875,1000000000,170068.17013304168,true
video,170068190796416,1000000000,170068.18700529166,true
audio,170068155382916,1000000000,170068.18761575,true
video,170068207463000,1000000000,170068.20387670834,true
audio,170068175382958,1000000000,170068.20894225,true
video,170068224129708,1000000000,170068.22070954167,true
audio,170068195382958,1000000000,170068.2303275,true
video,170068240796333,1000000000,170068.23795579167,true
audio,170068215382958,1000000000,170068.25160870835,true
video,170068257462958,1000000000,170068.254862,true
video,170068274129416,1000000000,170068.27161116668,true
audio,170068235382958,1000000000,170068.272938125,true
video,170068290796000,1000000000,170068.28828675,true
audio,170068255382958,1000000000,170068.294223625,true
video,170068307462708,1000000000,170068.30526620834,true
audio,170068275382958,1000000000,170068.31565708335,true
video,170068324129208,1000000000,170068.32195475002,true
audio,170068295382958,1000000000,170068.336962375,true
video,170068340795958,1000000000,170068.33901004167,true
video,170068357462416,1000000000,170068.35668645834,true
audio,170068315382958,1000000000,170068.35833091667,true
video,170068374128958,1000000000,170068.3732432917,true
audio,170068335382958,1000000000,170068.379571375,true
video,170068390795625,1000000000,170068.39078829167,true
audio,170068355382958,1000000000,170068.400945625,true
video,170068407462208,1000000000,170068.40768033333,true
audio,170068375382916,1000000000,170068.42226729167,true
video,170068424128791,1000000000,170068.42427229168,true
audio,170068395382958,1000000000,170068.44360633334,true
video,170068449128708,1000000000,170068.44418945836,true
video,170068465795291,1000000000,170068.46206891668,true
audio,170068415382958,1000000000,170068.46495225,true
video,170068482462000,1000000000,170068.47900979168,true
audio,170068435382958,1000000000,170068.48625325,true
audio,170068455382958,1000000000,170068.48629216666,true
video,170068499128625,1000000000,170068.49632341668,true
audio,170068475382958,1000000000,170068.50761441668,true
video,170068515795125,1000000000,170068.513278875,true
audio,170068495382958,1000000000,170068.52895545834,true
video,170068532461708,1000000000,170068.53110104168,true
video,170068549128291,1000000000,170068.5482855,true
audio,170068515382958,1000000000,170068.5502017917,true
video,170068565794958,1000000000,170068.56581041668,true
audio,170068535382958,1000000000,170068.57165375,true
video,170068582461541,1000000000,170068.58229408335,true
audio,170068555382958,1000000000,170068.5929755,true
video,170068599128125,1000000000,170068.59947829167,true
audio,170068575382958,1000000000,170068.61427670834,true
video,170068615794750,1000000000,170068.61604337502,true
audio,170068595382916,1000000000,170068.63575075002,true
video,170068640794791,1000000000,170068.63593016667,true
video,170068657461250,1000000000,170068.65328120833,true
audio,170068615382958,1000000000,170068.65694104167,true
video,170068674127958,1000000000,170068.6704465,true
audio,170068635382958,1000000000,170068.67826979168,true
video,170068690794458,1000000000,170068.6880165,true
audio,170068655382916,1000000000,170068.6996255,true
video,170068707461041,1000000000,170068.705272625,true
audio,170068675382958,1000000000,170068.7210125,true
video,170068724127750,1000000000,170068.7227075,true
audio,170068695382958,1000000000,170068.73162883334,true
video,170068740794416,1000000000,170068.739496625,true
audio,170068715382958,1000000000,170068.7530055,true
video,170068757461000,1000000000,170068.756873875,true
video,170068774127583,1000000000,170068.774314375,true
audio,170068735382958,1000000000,170068.77438450002,true
video,170068790794083,1000000000,170068.79113754167,true
audio,170068755382958,1000000000,170068.79566391668,true
video,170068815794000,1000000000,170068.811246,true
audio,170068775382958,1000000000,170068.81697204168,true
video,170068832460708,1000000000,170068.828441875,true
audio,170068795382958,1000000000,170068.83833600002,true
audio,170068815382958,1000000000,170068.8383955,true
video,170068849127166,1000000000,170068.84541729168,true
audio,170068835382958,1000000000,170068.85968716667,true
video,170068865793791,1000000000,170068.86239395835,true
video,170068882460541,1000000000,170068.87993183333,true
audio,170068855382958,1000000000,170068.8809414167,true
video,170068899126958,1000000000,170068.89761416666,true
audio,170068875382916,1000000000,170068.90230720834,true
video,170068915793541,1000000000,170068.91548383335,true
audio,170068895382958,1000000000,170068.92366345835,true
video,170068932460250,1000000000,170068.93279579168,true
audio,170068915382958,1000000000,170068.94493612502,true
video,170068949126875,1000000000,170068.94926479168,true
audio,170068935382958,1000000000,170068.96625654167,true
video,170068974126666,1000000000,170068.96988120835,true
video,170068990793291,1000000000,170068.9870815,true
audio,170068955382958,1000000000,170068.98752104168,true
video,170069007460000,1000000000,170069.00423195833,true
audio,170068975382958,1000000000,170069.00899683335,true
video,170069024126500,1000000000,170069.02093337502,true
audio,170068995382958,1000000000,170069.0303189167,true
video,170069040793083,1000000000,170069.03781225,true
audio,170069015382958,1000000000,170069.05157595835,true
video,170069057459791,1000000000,170069.05488100002,true
video,170069074126291,1000000000,170069.07255020834,true
audio,170069035382958,1000000000,170069.07284500002,true
video,170069090792875,1000000000,170069.09040400002,true
audio,170069055382958,1000000000,170069.09429179167,true
video,170069107459583,1000000000,170069.10747425002,true
audio,170069075382958,1000000000,170069.11561270835,true
video,170069124126208,1000000000,170069.12424291667,true
audio,170069095382916,1000000000,170069.13700929168,true
video,170069140792708,1000000000,170069.14107608335,true
video,170069157459291,1000000000,170069.15787754167,true
audio,170069115382958,1000000000,170069.15819820834,true
audio,170069135382958,1000000000,170069.15822845834,true
video,170069174126000,1000000000,170069.17448116667,true
audio,170069155382916,1000000000,170069.17963291667,true
video,170069199125833,1000000000,170069.19550079168,true
audio,170069175382958,1000000000,170069.200966375,true
video,170069215792416,1000000000,170069.21291270835,true
audio,170069195382958,1000000000,170069.22230745835,true
video,170069232459125,1000000000,170069.22982695836,true
audio,170069215382958,1000000000,170069.2436412917,true
video,170069249125625,1000000000,170069.24639725,true
video,170069265792375,1000000000,170069.2641075,true
audio,170069235382958,1000000000,170069.26491320835,true
video,170069282458833,1000000000,170069.28107408335,true
audio,170069255382958,1000000000,170069.28633545834,true
video,170069299125416,1000000000,170069.29807008334,true
audio,170069275382958,1000000000,170069.30764116667,true
video,170069315792041,1000000000,170069.3152422917,true
audio,170069295382958,1000000000,170069.3289615,true
video,170069332458625,1000000000,170069.33263545836,true
video,170069349125250,1000000000,170069.34958358333,true
audio,170069315382958,1000000000,170069.35025029167,true
video,170069365791875,1000000000,170069.36613470834,true
audio,170069335382958,1000000000,170069.37157825002,true
video,170069390791750,1000000000,170069.38624658334,true
audio,170069355382958,1000000000,170069.39295887502,true
video,170069407458458,1000000000,170069.40369920834,true
audio,170069375382916,1000000000,170069.414293,true
video,170069424124958,1000000000,170069.42096787502,true
audio,170069395382958,1000000000,170069.43566516667,true
video,170069440791541,1000000000,170069.43828383335,true
video,170069457458125,1000000000,170069.45599037502,true
audio,170069415382958,1000000000,170069.45693608336,true
video,170069474124708,1000000000,170069.47326016668,true
audio,170069435382958,1000000000,170069.47826225002,true
audio,170069455382958,1000000000,170069.4783030417,true
video,170069490791458,1000000000,170069.49032137502,true
audio,170069475382958,1000000000,170069.49956650002,true
video,170069507457916,1000000000,170069.507300875,true
audio,170069495382958,1000000000,170069.52096725002,true
video,170069524124541,1000000000,170069.5237675417,true
video,170069540791250,1000000000,170069.54072966668,true
audio,170069515382958,1000000000,170069.54229229168,true
video,170069557457833,1000000000,170069.55756720834,true
audio,170069535382958,1000000000,170069.56368037502,true
video,170069574124375,1000000000,170069.57436175,true
audio,170069555382958,1000000000,170069.58496316668,true
video,170069590790958,1000000000,170069.59122058333,true
audio,170069575382958,1000000000,170069.60629275002,true
video,170069615790875,1000000000,170069.61105691668,true
audio,170069595382916,1000000000,170069.62761004167,true
video,170069632457458,1000000000,170069.62854150002,true
video,170069649124166,1000000000,170069.6462264167,true
audio,170069615382958,1000000000,170069.6489700417,true
video,170069665790666,1000000000,170069.66308250002,true
audio,170069635382958,1000000000,170069.6703480417,true
video,170069682457375,1000000000,170069.67967845834,true
audio,170069655382916,1000000000,170069.69162508333,true
video,170069699123875,1000000000,170069.697572625,true
audio,170069675382958,1000000000,170069.71298058334,true
video,170069715790458,1000000000,170069.71437262502,true
video,170069732457166,1000000000,170069.73107141667,true
audio,170069695382958,1000000000,170069.73425283335,true
video,170069749123791,1000000000,170069.74844575,true
audio,170069715382958,1000000000,170069.75558875,true
video,170069765790291,1000000000,170069.76515412502,true
audio,170069735382958,1000000000,170069.77693929168,true
video,170069782457000,1000000000,170069.78246833335,true
audio,170069755382958,1000000000,170069.79833454167,true
video,170069799123458,1000000000,170069.79938437502,true
video,170069815790125,1000000000,170069.8161175,true
audio,170069775382958,1000000000,170069.81961354168,true
video,170069840790000,1000000000,170069.83566112502,true
audio,170069795382958,1000000000,170069.84095966668,true
audio,170069815382958,1000000000,170069.840997625,true
video,170069857456708,1000000000,170069.853742625,true
audio,170069835382958,1000000000,170069.86236429168,true
video,170069874123208,1000000000,170069.87104304167,true
audio,170069855382958,1000000000,170069.88361808335,true
video,170069890789916,1000000000,170069.88806620834,true
audio,170069875382916,1000000000,170069.90506158335,true
video,170069907456416,1000000000,170069.90551050002,true
video,170069924123000,1000000000,170069.92299579168,true
audio,170069895382958,1000000000,170069.92629987502,true
video,170069940789625,1000000000,170069.94043783334,true
audio,170069915382958,1000000000,170069.947655375,true
video,170069957456208,1000000000,170069.9578776667,true
audio,170069935382958,1000000000,170069.96892529167,true
video,170069982456208,1000000000,170069.977293875,true
audio,170069955382958,1000000000,170069.99033733335,true
video,170069999122708,1000000000,170069.99494333335,true
audio,170069975382958,1000000000,170070.01160237502,true
video,170070015789416,1000000000,170070.01182070834,true
video,170070032456000,1000000000,170070.029065,true
audio,170069995382958,1000000000,170070.0329205,true
video,170070049122625,1000000000,170070.04592266667,true
audio,170070015382958,1000000000,170070.05430920835,true
video,170070065789166,1000000000,170070.06288745833,true
audio,170070035382958,1000000000,170070.07565829167,true
video,170070082455708,1000000000,170070.08038920833,true
audio,170070055382958,1000000000,170070.09699387502,true
video,170070099122291,1000000000,170070.09753650002,true
video,170070115788916,1000000000,170070.11445329167,true
audio,170070075382958,1000000000,170070.1182595417,true
video,170070132455500,1000000000,170070.1311207917,true
audio,170070095382916,1000000000,170070.13959108334,true
video,170070149122083,1000000000,170070.14837970835,true
audio,170070115382958,1000000000,170070.16100454167,true
audio,170070135382958,1000000000,170070.1610595417,true
video,170070165788708,1000000000,170070.16578154167,true
audio,170070155382916,1000000000,170070.18233900002,true
video,170070182455416,1000000000,170070.18264670833,true
video,170070199121916,1000000000,170070.19931641666,true
audio,170070175382958,1000000000,170070.20359208333,true
video,170070215788666,1000000000,170070.21610475,true
audio,170070195382958,1000000000,170070.22501275002,true
video,170070240788458,1000000000,170070.23601058335,true
audio,170070215382958,1000000000,170070.24631229168,true
video,170070257455041,1000000000,170070.252577625,true
audio,170070235382958,1000000000,170070.26772733335,true
video,170070274121625,1000000000,170070.26983537502,true
video,170070290788250,1000000000,170070.28708850002,true
audio,170070255382958,1000000000,170070.28898825002,true
video,170070307454958,1000000000,170070.3040276667,true
audio,170070275382958,1000000000,170070.31033491666,true
video,170070324121458,1000000000,170070.32109175,true
audio,170070295382958,1000000000,170070.33166208334,true
video,170070340788041,1000000000,170070.339199125,true
audio,170070315382958,1000000000,170070.352942875,true
video,170070357454750,1000000000,170070.35616058335,true
video,170070374121375,1000000000,170070.37362766668,true
audio,170070335382958,1000000000,170070.37434870834,true
video,170070390787875,1000000000,170070.39027779168,true
audio,170070355382958,1000000000,170070.39565929168,true
video,170070407454583,1000000000,170070.40714683334,true
audio,170070375382916,1000000000,170070.41697958333,true
video,170070424121041,1000000000,170070.42435766666,true
audio,170070395382958,1000000000,170070.4383651667,true
video,170070440787791,1000000000,170070.44099870833,true
video,170070457454291,1000000000,170070.45793316668,true
audio,170070415382958,1000000000,170070.45967341668,true
video,170070482454333,1000000000,170070.47761679167,true
audio,170070435382958,1000000000,170070.48097545834,true
audio,170070455382958,1000000000,170070.48102433333,true
video,170070499120791,1000000000,170070.49462575,true
audio,170070475382958,1000000000,170070.50227795835,true
video,170070515787375,1000000000,170070.51250450002,true
audio,170070495382958,1000000000,170070.523599375,true
video,170070532453958,1000000000,170070.52984458333,true
audio,170070515382958,1000000000,170070.54495670836,true
video,170070549120541,1000000000,170070.54762104168,true
video,170070565787166,1000000000,170070.565367625,true
audio,170070535382958,1000000000,170070.566288125,true
video,170070582453750,1000000000,170070.58212008333,true
audio,170070555382958,1000000000,170070.58766020834,true
video,170070599120333,1000000000,170070.59931995833,true
audio,170070575382958,1000000000,170070.60892870833,true
video,170070615786958,1000000000,170070.61606645834,true
audio,170070595382916,1000000000,170070.63030445835,true
video,170070640786875,1000000000,170070.63578616668,true
audio,170070615382958,1000000000,170070.651629125,true
video,170070657453583,1000000000,170070.6527005417,true
video,170070674120166,1000000000,170070.66946258335,true
audio,170070635382958,1000000000,170070.67296454168,true
video,170070690786708,1000000000,170070.68696954168,true
audio,170070655382916,1000000000,170070.69430970834,true
video,170070707453291,1000000000,170070.704441,true
audio,170070675382958,1000000000,170070.71562291667,true
video,170070724119875,1000000000,170070.72138283335,true
audio,170070695382958,1000000000,170070.73696937502,true
video,170070740786500,1000000000,170070.73917579168,true
video,170070757453083,1000000000,170070.75611258333,true
audio,170070715382958,1000000000,170070.7582230417,true
video,170070774119791,1000000000,170070.77328175,true
audio,170070735382958,1000000000,170070.779676625,true
video,170070790786291,1000000000,170070.79060137502,true
audio,170070755382958,1000000000,170070.80096633334,true
video,170070807452916,1000000000,170070.80735991668,true
audio,170070775382958,1000000000,170070.82229233335,true
video,170070824119500,1000000000,170070.82434770835,true
audio,170070795382958,1000000000,170070.843644625,true
audio,170070815382958,1000000000,170070.84369954167,true
video,170070849119375,1000000000,170070.84441033335,true
video,170070865786041,1000000000,170070.86124175,true
audio,170070835382958,1000000000,170070.86497183333,true
video,170070882452625,1000000000,170070.87835045834,true
audio,170070855382958,1000000000,170070.88630137502,true
video,170070899119208,1000000000,170070.89563658333,true
audio,170070875382916,1000000000,170070.90762245836,true
video,170070915785833,1000000000,170070.9130126667,true
audio,170070895382958,1000000000,170070.92895470833,true
video,170070932452458,1000000000,170070.93009316668,true
video,170070949119041,1000000000,170070.94765929168,true
audio,170070915382958,1000000000,170070.95028533335,true
video,170070965785625,1000000000,170070.96525616667,true
audio,170070935382958,1000000000,170070.97159408336,true
video,170070982452333,1000000000,170070.98245512502,true
audio,170070955382958,1000000000,170070.99295804166,true
video,170070999118833,1000000000,170070.99931679168,true
audio,170070975382958,1000000000,170071.01434458335,true
video,170071015785416,1000000000,170071.0160240417,true
audio,170070995382958,1000000000,170071.035704625,true
video,170071040785333,1000000000,170071.03590404167,true
video,170071057451958,1000000000,170071.05362620833,true
audio,170071015382958,1000000000,170071.05693000002,true
video,170071074118541,1000000000,170071.07050954166,true
audio,170071035382958,1000000000,170071.07829604167,true
video,170071090785125,1000000000,170071.08800945836,true
audio,170071055382958,1000000000,170071.09959808335,true
video,170071107451833,1000000000,170071.105152875,true
audio,170071075382958,1000000000,170071.12096079168,true
video,170071124118333,1000000000,170071.12277945835,true
video,170071140784916,1000000000,170071.14045408333,true
audio,170071095382916,1000000000,170071.14226141668,true
video,170071157451666,1000000000,170071.15753075,true
audio,170071115382958,1000000000,170071.16368700002,true
audio,170071135382958,1000000000,170071.16374004167,true
video,170071174118125,1000000000,170071.17430091667,true
audio,170071155382916,1000000000,170071.184959,true
video,170071190784750,1000000000,170071.1910485417,true
audio,170071175382958,1000000000,170071.20625970836,true
video,170071215784750,1000000000,170071.21122829168,true
audio,170071195382958,1000000000,170071.22767091668,true
video,170071232451333,1000000000,170071.22858058335,true
video,170071249118000,1000000000,170071.24538912502,true
audio,170071215382958,1000000000,170071.24894683334,true
video,170071265784458,1000000000,170071.26250541667,true
audio,170071235382958,1000000000,170071.270318375,true
video,170071282451166,1000000000,170071.27976820833,true
audio,170071255382958,1000000000,170071.29166158335,true
video,170071299117625,1000000000,170071.29643070835,true
audio,170071275382958,1000000000,170071.31291912502,true
video,170071315784250,1000000000,170071.31419475,true
video,170071332450875,1000000000,170071.33126675,true
audio,170071295382958,1000000000,170071.33425,true
video,170071349117458,1000000000,170071.34823925002,true
audio,170071315382958,1000000000,170071.35567145835,true
video,170071365784083,1000000000,170071.36541620834,true
audio,170071335382958,1000000000,170071.37692112502,true
video,170071382450666,1000000000,170071.38224354168,true
audio,170071355382958,1000000000,170071.39830962502,true
video,170071399117250,1000000000,170071.39932175,true
video,170071415783875,1000000000,170071.41592637502,true
audio,170071375382916,1000000000,170071.41966104167,true
video,170071440783791,1000000000,170071.43572083334,true
audio,170071395382958,1000000000,170071.44097266666,true
video,170071457450375,1000000000,170071.454273375,true
audio,170071415382958,1000000000,170071.46229154168,true
video,170071474116958,1000000000,170071.47165741667,true
audio,170071435382958,1000000000,170071.483633375,true
audio,170071455382958,1000000000,170071.48369179168,true
video,170071490783625,1000000000,170071.48924854168,true
audio,170071475382958,1000000000,170071.50496375002,true
video,170071507450333,1000000000,170071.50592250002,true
video,170071524116791,1000000000,170071.52271325001,true
audio,170071495382958,1000000000,170071.52621129167,true
video,170071540783416,1000000000,170071.53962233334,true
audio,170071515382958,1000000000,170071.5476757917,true
video,170071557450125,1000000000,170071.55730629168,true
audio,170071535382958,1000000000,170071.56897387502,true
video,170071574116625,1000000000,170071.57427808334,true
audio,170071555382958,1000000000,170071.59024925,true
video,170071599116500,1000000000,170071.59402991668,true
video,170071615783125,1000000000,170071.61089083334,true
audio,170071575382958,1000000000,170071.61156062502,true
video,170071632449791,1000000000,170071.62761725002,true
audio,170071595382916,1000000000,170071.63294862502,true
video,170071649116250,1000000000,170071.645217,true
audio,170071615382958,1000000000,170071.65425491668,true
video,170071665782875,1000000000,170071.662912125,true
audio,170071635382958,1000000000,170071.67563116667,true
video,170071682449583,1000000000,170071.67969837502,true
video,170071699116083,1000000000,170071.69682462502,true
audio,170071655382916,1000000000,170071.69692333334,true
video,170071715782666,1000000000,170071.71429608334,true
audio,170071675382958,1000000000,170071.71824995836,true
video,170071732449458,1000000000,170071.73135525,true
audio,170071695382958,1000000000,170071.73962720836,true
video,170071749115916,1000000000,170071.74883791668,true
audio,170071715382958,1000000000,170071.76096325,true
video,170071765782500,1000000000,170071.76591391666,true
audio,170071735382958,1000000000,170071.7822605417,true
video,170071782449208,1000000000,170071.78285087502,true
video,170071799115833,1000000000,170071.79941983335,true
audio,170071755382958,1000000000,170071.80365595836,true
video,170071824115625,1000000000,170071.82048866668,true
audio,170071775382958,1000000000,170071.82497658333,true
video,170071840782208,1000000000,170071.83783745836,true
audio,170071795382958,1000000000,170071.846311375,true
audio,170071815382958,1000000000,170071.84636466668,true
video,170071857448916,1000000000,170071.85510075002,true
audio,170071835382958,1000000000,170071.8676589167,true
video,170071874115416,1000000000,170071.87251270833,true
audio,170071855382958,1000000000,170071.88894633335,true
video,170071890782000,1000000000,170071.889288625,true
video,170071907448708,1000000000,170071.90615983334,true
audio,170071875382916,1000000000,170071.91030445835,true
video,170071924115250,1000000000,170071.923428,true
audio,170071895382958,1000000000,170071.93164525,true
video,170071940781833,1000000000,170071.94050337502,true
audio,170071915382958,1000000000,170071.95296433335,true
video,170071957448458,1000000000,170071.95755079167,true
video,170071974115125,1000000000,170071.97429270836,true
audio,170071935382958,1000000000,170071.97435895834,true
video,170071990781666,1000000000,170071.99111483333,true
audio,170071955382958,1000000000,170071.99562954166,true
video,170072015781541,1000000000,170072.010581125,true
audio,170071975382958,1000000000,170072.01692066668,true
video,170072032448250,1000000000,170072.02865283334,true
audio,170071995382958,1000000000,170072.03832054167,true
video,170072049114875,1000000000,170072.04542558335,true
audio,170072015382958,1000000000,170072.05967787502,true
video,170072065781375,1000000000,170072.06217908335,true
video,170072082447958,1000000000,170072.07911920836,true
audio,170072035382958,1000000000,170072.08094833334,true
video,170072099114541,1000000000,170072.09613533336,true
audio,170072055382958,1000000000,170072.10233870836,true
video,170072115781166,1000000000,170072.112823375,true
audio,170072075382958,1000000000,170072.12361537502,true
video,170072132447750,1000000000,170072.12969870833,true
audio,170072095382916,1000000000,170072.1449725,true
video,170072149114458,1000000000,170072.14708795835,true
video,170072165780958,1000000000,170072.16417637502,true
audio,170072115382958,1000000000,170072.16623483333,true
audio,170072135382958,1000000000,170072.16627387502,true
video,170072182447541,1000000000,170072.1812482917,true
audio,170072155382916,1000000000,170072.18763008335,true
video,170072199114250,1000000000,170072.1989595,true
audio,170072175382958,1000000000,170072.2090245,true
video,170072215780875,1000000000,170072.2161180417,true
audio,170072195382958,1000000000,170072.23039358333,true
video,170072240780666,1000000000,170072.23563520834,true
audio,170072215382958,1000000000,170072.2516564167,true
video,170072257447250,1000000000,170072.25244358333,true
video,170072274113833,1000000000,170072.26911125,true
audio,170072235382958,1000000000,170072.27295616668,true
video,170072290780458,1000000000,170072.286854625,true
audio,170072255382958,1000000000,170072.29425825,true
video,170072307447041,1000000000,170072.30380358335,true
audio,170072275382958,1000000000,170072.315608,true
video,170072324113666,1000000000,170072.32073533334,true
audio,170072295382958,1000000000,170072.33702966667,true
video,170072340780375,1000000000,170072.33810041667,true
video,170072357446958,1000000000,170072.35509637502,true
audio,170072315382958,1000000000,170072.35825645833,true
video,170072374113458,1000000000,170072.37271895833,true
audio,170072335382958,1000000000,170072.37962525,true
video,170072390780166,1000000000,170072.39036529168,true
audio,170072355382958,1000000000,170072.4009845417,true
video,170072407446791,1000000000,170072.4072339167,true
audio,170072375382916,1000000000,170072.42230475,true
video,170072424113291,1000000000,170072.42434120833,true
video,170072440780000,1000000000,170072.44104941667,true
audio,170072395382958,1000000000,170072.44363908336,true
video,170072465779791,1000000000,170072.4608170417,true
audio,170072415382958,1000000000,170072.46495879168,true
video,170072482446500,1000000000,170072.47770675,true
audio,170072435382958,1000000000,170072.486293375,true
audio,170072455382958,1000000000,170072.48633254168,true
video,170072499113125,1000000000,170072.4943595,true
audio,170072475382958,1000000000,170072.50771758336,true
video,170072515779583,1000000000,170072.51097600002,true
video,170072532446333,1000000000,170072.527693375,true
audio,170072495382958,1000000000,170072.52890666667,true
video,170072549112791,1000000000,170072.5455886667,true
audio,170072515382958,1000000000,170072.55028283334,true
video,170072565779500,1000000000,170072.56275458334,true
audio,170072535382958,1000000000,170072.57160325002,true
video,170072582446000,1000000000,170072.5801635,true
audio,170072555382958,1000000000,170072.59296145834,true
video,170072599112708,1000000000,170072.59772883335,true
audio,170072575382958,1000000000,170072.61426791668,true
video,170072615779291,1000000000,170072.61468683335,true
video,170072632445958,1000000000,170072.63218862502,true
audio,170072595382916,1000000000,170072.635596625,true
video,170072649112416,1000000000,170072.64929950002,true
audio,170072615382958,1000000000,170072.65690416668,true
video,170072665779041,1000000000,170072.66600283334,true
audio,170072635382958,1000000000,170072.67824133334,true
video,170072682445625,1000000000,170072.68273700002,true
video,170072699112333,1000000000,170072.69938241667,true
audio,170072655382916,1000000000,170072.69956595835,true
video,170072724112083,1000000000,170072.71942295835,true
audio,170072675382958,1000000000,170072.72094237502,true
audio,170072695382958,1000000000,170072.73158300002,true
video,170072740778708,1000000000,170072.73747691666,true
audio,170072715382958,1000000000,170072.75302720835,true
video,170072757445416,1000000000,170072.75448775,true
video,170072774111875,1000000000,170072.77158220834,true
audio,170072735382958,1000000000,170072.7742912917,true
video,170072790778500,1000000000,170072.78900425002,true
audio,170072755382958,1000000000,170072.79566212502,true
video,170072807445083,1000000000,170072.80604708334,true
audio,170072775382958,1000000000,170072.81693366668,true
video,170072824111708,1000000000,170072.8234861667,true
audio,170072795382958,1000000000,170072.83827962502,true
audio,170072815382958,1000000000,170072.83831954168,true
video,170072840778291,1000000000,170072.84024245833,true
video,170072857445000,1000000000,170072.85730908334,true
audio,170072835382958,1000000000,170072.85974529167,true
video,170072874111541,1000000000,170072.8744205417,true
audio,170072855382958,1000000000,170072.88097354167,true
video,170072890778125,1000000000,170072.891175875,true
audio,170072875382916,1000000000,170072.90231383336,true
video,170072915778041,1000000000,170072.91229658335,true
audio,170072895382958,1000000000,170072.92365883334,true
video,170072932444625,1000000000,170072.92956375002,true
audio,170072915382958,1000000000,170072.94495679167,true
video,170072949111333,1000000000,170072.946501,true
video,170072965777833,1000000000,170072.9633356667,true
audio,170072935382958,1000000000,170072.96632329168,true
video,170072982444541,1000000000,170072.980306,true
audio,170072955382958,1000000000,170072.98767908334,true
video,170072999111041,1000000000,170072.997486375,true
audio,170072975382958,1000000000,170073.00897695834,true
video,170073015777625,1000000000,170073.0141515417,true
audio,170072995382958,1000000000,170073.03025108334,true
video,170073032444375,1000000000,170073.03174237502,true
video,170073049110958,1000000000,170073.04945116668,true
audio,170073015382958,1000000000,170073.05161233334,true
video,170073065777458,1000000000,170073.06614133334,true
audio,170073035382958,1000000000,170073.07292245835,true
video,170073090777333,1000000000,170073.08524445834,true
audio,170073055382958,1000000000,170073.094262375,true
video,170073107444083,1000000000,170073.10333129167,true
audio,170073075382958,1000000000,170073.115557125,true
video,170073115777291,1000000000,170073.12214083335,true
audio,170073095382916,1000000000,170073.13705825002,true
video,170073140777125,1000000000,170073.1390862917,true
video,170073157443875,1000000000,170073.15587554168,true
audio,170073115382958,1000000000,170073.15824391667,true
audio,170073135382958,1000000000,170073.15828637502,true
video,170073174110375,1000000000,170073.17301391668,true
audio,170073155382916,1000000000,170073.17967345833,true
video,170073190777083,1000000000,170073.18978579168,true
audio,170073175382958,1000000000,170073.2010017917,true
video,170073207443666,1000000000,170073.20747816667,true
audio,170073195382958,1000000000,170073.22223862502,true
video,170073224110166,1000000000,170073.22446583334,true
audio,170073215382958,1000000000,170073.24360954168,true
video,170073249110083,1000000000,170073.24385108333,true
video,170073265776666,1000000000,170073.26178558334,true
audio,170073235382958,1000000000,170073.26490229167,true
video,170073282443333,1000000000,170073.27847208333,true
audio,170073255382958,1000000000,170073.28637883335,true
video,170073299109958,1000000000,170073.29596770834,true
audio,170073275382958,1000000000,170073.30761858335,true
video,170073315776458,1000000000,170073.31342995833,true
audio,170073295382958,1000000000,170073.32896483334,true
video,170073332443041,1000000000,170073.33042745834,true
video,170073349109666,1000000000,170073.34806062502,true
audio,170073315382958,1000000000,170073.35020795834,true
video,170073365776333,1000000000,170073.36569720836,true
audio,170073335382958,1000000000,170073.37164716667,true
video,170073382442875,1000000000,170073.382859,true
audio,170073355382958,1000000000,170073.392919625,true
video,170073399109458,1000000000,170073.39945970834,true
audio,170073375382916,1000000000,170073.41428841668,true
video,170073424109375,1000000000,170073.41854291668,true
video,170073440775958,1000000000,170073.4352995,true
audio,170073395382958,1000000000,170073.43559641668,true
video,170073457442666,1000000000,170073.45213283334,true
audio,170073415382958,1000000000,170073.45694612502,true
video,170073474109166,1000000000,170073.46885558334,true
audio,170073435382958,1000000000,170073.47829025,true
audio,170073455382958,1000000000,170073.47833333333,true
video,170073490775833,1000000000,170073.48566979167,true
audio,170073475382958,1000000000,170073.49962941668,true
video,170073507442375,1000000000,170073.50250841668,true
video,170073524108958,1000000000,170073.52047866667,true
audio,170073495382958,1000000000,170073.52084887502,true
video,170073540775625,1000000000,170073.538119,true
audio,170073515382958,1000000000,170073.54226720834,true
video,170073557442208,1000000000,170073.55578716667,true
audio,170073535382958,1000000000,170073.56358829167,true
video,170073574108791,1000000000,170073.57260816667,true
audio,170073555382958,1000000000,170073.58501633335,true
video,170073590775500,1000000000,170073.5894475417,true
video,170073607442125,1000000000,170073.60632670834,true
audio,170073575382958,1000000000,170073.60637233334,true
video,170073624108625,1000000000,170073.62369500002,true
audio,170073595382916,1000000000,170073.62758466668,true
video,170073640775208,1000000000,170073.641196,true
audio,170073615382958,1000000000,170073.64896558336,true
video,170073665775125,1000000000,170073.66032095836,true
audio,170073635382958,1000000000,170073.67030029168,true
video,170073682441708,1000000000,170073.67826220836,true
audio,170073655382916,1000000000,170073.69163958335,true
video,170073699108291,1000000000,170073.69518937502,true
video,170073715774916,1000000000,170073.71273695835,true
audio,170073675382958,1000000000,170073.71290866667,true
video,170073732441625,1000000000,170073.73011825,true
audio,170073695382958,1000000000,170073.7343540417,true
video,170073749108125,1000000000,170073.74785558335,true
audio,170073715382958,1000000000,170073.755642625,true
video,170073765774708,1000000000,170073.76514975002,true
audio,170073735382958,1000000000,170073.77700654167,true
video,170073782441458,1000000000,170073.7826427917,true
audio,170073755382958,1000000000,170073.79833216668,true
video,170073799107916,1000000000,170073.79924283334,true
video,170073815774500,1000000000,170073.81639725002,true
audio,170073775382958,1000000000,170073.81963154167,true
video,170073840774416,1000000000,170073.83622795835,true
audio,170073795382958,1000000000,170073.84091325002,true
audio,170073815382958,1000000000,170073.84095641668,true
video,170073857441125,1000000000,170073.85405983333,true
audio,170073835382958,1000000000,170073.86227775,true
video,170073874107750,1000000000,170073.8715654167,true
audio,170073855382958,1000000000,170073.88363916668,true
video,170073890774208,1000000000,170073.88828495835,true
audio,170073875382916,1000000000,170073.9049635,true
video,170073907440916,1000000000,170073.90569054167,true
video,170073924107416,1000000000,170073.92272170834,true
audio,170073895382958,1000000000,170073.92622275001,true
video,170073940774000,1000000000,170073.94038045834,true
audio,170073915382958,1000000000,170073.94763458334,true
video,170073957440708,1000000000,170073.95723816668,true
audio,170073935382958,1000000000,170073.96898329168,true
video,170073974107208,1000000000,170073.974239,true
audio,170073955382958,1000000000,170073.990243,true
video,170073990773833,1000000000,170073.991178375,true
video,170074007440541,1000000000,170074.00776208335,true
audio,170073975382958,1000000000,170074.011601625,true
video,170074032440458,1000000000,170074.02743087502,true
audio,170073995382958,1000000000,170074.032979,true
video,170074049107083,1000000000,170074.04532354168,true
audio,170074015382958,1000000000,170074.05424637502,true
video,170074065773666,1000000000,170074.0631324167,true
audio,170074035382958,1000000000,170074.07559954168,true
video,170074082440250,1000000000,170074.079979375,true
video,170074099106750,1000000000,170074.096847625,true
audio,170074055382958,1000000000,170074.09689616668,true
video,170074115773375,1000000000,170074.11410283335,true
audio,170074075382958,1000000000,170074.11825575,true
video,170074132439958,1000000000,170074.13115300002,true
audio,170074095382916,1000000000,170074.13966958335,true
video,170074149106541,1000000000,170074.14812695835,true
audio,170074115382958,1000000000,170074.1610141667,true
audio,170074135382958,1000000000,170074.16106270836,true
video,170074165773166,1000000000,170074.16601591668,true
audio,170074155382916,1000000000,170074.18229504168,true
video,170074182439750,1000000000,170074.18255704167,true
video,170074199106500,1000000000,170074.199482125,true
audio,170074175382958,1000000000,170074.20355908334,true
video,170074215773000,1000000000,170074.21617370835,true
audio,170074195382958,1000000000,170074.224919875,true
video,170074240772875,1000000000,170074.23565675,true
audio,170074215382958,1000000000,170074.24632612502,true
video,170074257439500,1000000000,170074.25346220835,true
audio,170074235382958,1000000000,170074.26772029168,true
video,170074274106083,1000000000,170074.27104454167,true
video,170074290772708,1000000000,170074.28831745835,true
audio,170074255382958,1000000000,170074.28900470835,true
video,170074307439291,1000000000,170074.30590766668,true
audio,170074275382958,1000000000,170074.31026408335,true
video,170074324105875,1000000000,170074.32276945835,true
audio,170074295382958,1000000000,170074.33157150002,true
video,170074340772458,1000000000,170074.34023254167,true
audio,170074315382958,1000000000,170074.35296091667,true
video,170074357439166,1000000000,170074.3574734167,true
video,170074374105666,1000000000,170074.37422341667,true
audio,170074335382958,1000000000,170074.37428225,true
video,170074390772250,1000000000,170074.39088675,true
audio,170074355382958,1000000000,170074.39560320834,true
video,170074407438958,1000000000,170074.40764491668,true
audio,170074375382916,1000000000,170074.41699350002,true
video,170074432438750,1000000000,170074.42695495836,true
audio,170074395382958,1000000000,170074.43830100002,true
video,170074449105375,1000000000,170074.44374779167,true
audio,170074415382958,1000000000,170074.45958508336,true
video,170074465772000,1000000000,170074.46184525,true
video,170074482438583,1000000000,170074.47993691667,true
audio,170074435382958,1000000000,170074.48092970834,true
audio,170074455382958,1000000000,170074.48096220836,true
video,170074499105208,1000000000,170074.49713616667,true
audio,170074475382958,1000000000,170074.50228666668,true
video,170074515771791,1000000000,170074.51446279167,true
audio,170074495382958,1000000000,170074.52364791668,true
video,170074532438541,1000000000,170074.53170025002,true
audio,170074515382958,1000000000,170074.544988,true
video,170074549105000,1000000000,170074.54943441667,true
video,170074565771583,1000000000,170074.5661815,true
audio,170074535382958,1000000000,170074.56624408334,true
video,170074582438208,1000000000,170074.58280583334,true
audio,170074555382958,1000000000,170074.58761891667,true
video,170074607438208,1000000000,170074.60313354168,true
audio,170074575382958,1000000000,170074.60893641668,true
video,170074624104708,1000000000,170074.6197727917,true
audio,170074595382916,1000000000,170074.63027983333,true
video,170074640771291,1000000000,170074.63679595833,true
audio,170074615382958,1000000000,170074.65162566668,true
video,170074657438000,1000000000,170074.65397908335,true
video,170074674104625,1000000000,170074.67212754168,true
audio,170074635382958,1000000000,170074.672903,true
video,170074690771125,1000000000,170074.688849,true
audio,170074655382916,1000000000,170074.69423970833,true
video,170074707437833,1000000000,170074.7060620417,true
audio,170074675382958,1000000000,170074.71558883335,true
video,170074724104333,1000000000,170074.72273008333,true
audio,170074695382958,1000000000,170074.736972125,true
video,170074740770958,1000000000,170074.74022475,true
video,170074757437541,1000000000,170074.75700470834,true
audio,170074715382958,1000000000,170074.75824445835,true
video,170074774104250,1000000000,170074.77387820833,true
audio,170074735382958,1000000000,170074.779560125,true
video,170074790770750,1000000000,170074.79117845834,true
audio,170074755382958,1000000000,170074.80092683336,true
video,170074815770750,1000000000,170074.81060350002,true
audio,170074775382958,1000000000,170074.82229566667,true
video,170074832437333,1000000000,170074.827377125,true
audio,170074795382958,1000000000,170074.84365920833,true
audio,170074815382958,1000000000,170074.8437095417,true
video,170074849103958,1000000000,170074.84409866668,true
video,170074865770458,1000000000,170074.86209275,true
audio,170074835382958,1000000000,170074.8649030417,true
video,170074882437000,1000000000,170074.8789651667,true
audio,170074855382958,1000000000,170074.88627350001,true
video,170074899103583,1000000000,170074.89619300002,true
audio,170074875382916,1000000000,170074.90756337502,true
video,170074915770333,1000000000,170074.91295133333,true
audio,170074895382958,1000000000,170074.92900537502,true
video,170074932436833,1000000000,170074.92968187502,true
video,170074949103416,1000000000,170074.94652833336,true
audio,170074915382958,1000000000,170074.95034100002,true
video,170074965770041,1000000000,170074.96310895836,true
audio,170074935382958,1000000000,170074.971629875,true
video,170074982436625,1000000000,170074.98028875,true
audio,170074955382958,1000000000,170074.99292325,true
video,170074999103250,1000000000,170074.99685295834,true
video,170075015769833,1000000000,170075.0138565,true
audio,170074975382958,1000000000,170075.01423558334,true
video,170075032436541,1000000000,170075.030767875,true
audio,170074995382958,1000000000,170075.03565745836,true
video,170075049103166,1000000000,170075.04813279168,true
audio,170075015382958,1000000000,170075.05697779168,true
video,170075065769625,1000000000,170075.06535504168,true
audio,170075035382958,1000000000,170075.07825566668,true
video,170075082436333,1000000000,170075.08196725,true
video,170075099102958,1000000000,170075.09877675,true
audio,170075055382958,1000000000,170075.099563625,true
video,170075115769458,1000000000,170075.115953,true
audio,170075075382958,1000000000,170075.12101604167,true
video,170075140769333,1000000000,170075.13546966668,true
audio,170075095382916,1000000000,170075.14228225002,true
video,170075157436041,1000000000,170075.15237220834,true
audio,170075115382958,1000000000,170075.16365083333,true
audio,170075135382958,1000000000,170075.16367937502,true
video,170075174102583,1000000000,170075.17003095834,true
audio,170075155382916,1000000000,170075.18495075,true
video,170075190769166,1000000000,170075.18665737502,true
video,170075207435916,1000000000,170075.20383512502,true
audio,170075175382958,1000000000,170075.20623783334,true
video,170075224102500,1000000000,170075.22054258335,true
audio,170075195382958,1000000000,170075.22764483336,true
video,170075240769000,1000000000,170075.237813,true
audio,170075215382958,1000000000,170075.248960125,true
video,170075257435583,1000000000,170075.25474262502,true
audio,170075235382958,1000000000,170075.27030525001,true
video,170075274102166,1000000000,170075.271508625,true
video,170075290768791,1000000000,170075.28928716667,true
audio,170075255382958,1000000000,170075.29158875,true
video,170075307435500,1000000000,170075.305965875,true
audio,170075275382958,1000000000,170075.312994625,true
video,170075324101958,1000000000,170075.32369308334,true
audio,170075295382958,1000000000,170075.33423883334,true
video,170075340768708,1000000000,170075.3405025417,true
audio,170075315382958,1000000000,170075.3556882917,true
video,170075357435291,1000000000,170075.35741970834,true
video,170075374101791,1000000000,170075.37426254168,true
audio,170075335382958,1000000000,170075.37690341668,true
video,170075390768375,1000000000,170075.3913107917,true
audio,170075355382958,1000000000,170075.39830833333,true
video,170075415768458,1000000000,170075.41057558334,true
audio,170075375382916,1000000000,170075.41972016668,true
video,170075432434875,1000000000,170075.42730395833,true
audio,170075395382958,1000000000,170075.44097595834,true
video,170075449101458,1000000000,170075.44508345835,true
audio,170075415382958,1000000000,170075.46225675,true
video,170075465768083,1000000000,170075.46268333335,true
video,170075482434666,1000000000,170075.479730625,true
audio,170075435382958,1000000000,170075.48362216668,true
audio,170075455382958,1000000000,170075.48367412502,true
video,170075499101291,1000000000,170075.4965619167,true
audio,170075475382958,1000000000,170075.50499195835,true
video,170075515768000,1000000000,170075.513244,true
audio,170075495382958,1000000000,170075.52628220833,true
video,170075532434500,1000000000,170075.529931875,true
video,170075549101083,1000000000,170075.54666958333,true
audio,170075515382958,1000000000,170075.54762687502,true
video,170075565767791,1000000000,170075.56423958336,true
audio,170075535382958,1000000000,170075.56897395835,true
video,170075582434375,1000000000,170075.58133916667,true
audio,170075555382958,1000000000,170075.59028925002,true
video,170075599100875,1000000000,170075.59801279168,true
audio,170075575382958,1000000000,170075.61163025,true
video,170075615767500,1000000000,170075.61561641668,true
video,170075632434166,1000000000,170075.63261625002,true
audio,170075595382916,1000000000,170075.632943,true
video,170075657434125,1000000000,170075.65280533335,true
audio,170075615382958,1000000000,170075.65429183334,true
video,170075674100625,1000000000,170075.67089033333,true
audio,170075635382958,1000000000,170075.6755572917,true
video,170075690767166,1000000000,170075.68802533334,true
audio,170075655382916,1000000000,170075.69698708336,true
video,170075707433833,1000000000,170075.70484258333,true
audio,170075675382958,1000000000,170075.71825529166,true
video,170075724100416,1000000000,170075.72211637502,true
video,170075740767125,1000000000,170075.73910554167,true
audio,170075695382958,1000000000,170075.7396090417,true
video,170075757433625,1000000000,170075.75620316667,true
audio,170075715382958,1000000000,170075.76099995835,true
video,170075774100208,1000000000,170075.7732665,true
audio,170075735382958,1000000000,170075.782321,true
video,170075790766833,1000000000,170075.790209625,true
audio,170075755382958,1000000000,170075.80359766667,true
video,170075807433416,1000000000,170075.807129625,true
video,170075824100000,1000000000,170075.82424462502,true
audio,170075775382958,1000000000,170075.82485691668,true
video,170075849100041,1000000000,170075.84369658335,true
audio,170075795382958,1000000000,170075.8462436667,true
audio,170075815382958,1000000000,170075.84628616666,true
video,170075865766541,1000000000,170075.86043045836,true
audio,170075835382958,1000000000,170075.86763783335,true
video,170075882433250,1000000000,170075.87720333334,true
audio,170075855382958,1000000000,170075.888935875,true
video,170075899099833,1000000000,170075.89486733335,true
audio,170075875382916,1000000000,170075.91025112502,true
video,170075915766458,1000000000,170075.91197458334,true
video,170075932432958,1000000000,170075.93034904168,true
audio,170075895382958,1000000000,170075.9315539167,true
video,170075949099541,1000000000,170075.94699312502,true
audio,170075915382958,1000000000,170075.95303237502,true
video,170075965766125,1000000000,170075.964285625,true
audio,170075935382958,1000000000,170075.9742480417,true
video,170075982432708,1000000000,170075.98143054167,true
audio,170075955382958,1000000000,170075.995728375,true
video,170075999099416,1000000000,170075.99798879167,true
video,170076015765916,1000000000,170076.01486145833,true
audio,170075975382958,1000000000,170076.01693675,true
video,170076032432625,1000000000,170076.03266287502,true
audio,170075995382958,1000000000,170076.038294375,true
video,170076049099125,1000000000,170076.04940295834,true
audio,170076015382958,1000000000,170076.05965533335,true
video,170076065765708,1000000000,170076.0660749167,true
audio,170076035382958,1000000000,170076.08103525,true
video,170076082432416,1000000000,170076.0827859167,true
audio,170076055382958,1000000000,170076.10229579167,true
video,170076107432250,1000000000,170076.10316729167,true
video,170076124098833,1000000000,170076.12004866666,true
audio,170076075382958,1000000000,170076.12358179167,true
video,170076140765416,1000000000,170076.13770925,true
audio,170076095382916,1000000000,170076.144967375,true
video,170076157432166,1000000000,170076.15466779168,true
audio,170076115382958,1000000000,170076.16627529167,true
audio,170076135382958,1000000000,170076.16632737502,true
video,170076174098666,1000000000,170076.17147216666,true
audio,170076155382916,1000000000,170076.18760604167,true
video,170076190765375,1000000000,170076.18895137502,true
video,170076207431958,1000000000,170076.20618670835,true
audio,170076175382958,1000000000,170076.20894666668,true
video,170076224098458,1000000000,170076.2230747917,true
audio,170076195382958,1000000000,170076.23031345833,true
video,170076240765041,1000000000,170076.23968108333,true
audio,170076215382958,1000000000,170076.25160070835,true
video,170076257431666,1000000000,170076.256452625,true
audio,170076235382958,1000000000,170076.272965375,true
video,170076274098375,1000000000,170076.27307308334,true
video,170076290765000,1000000000,170076.290321875,true
audio,170076255382958,1000000000,170076.29426608334,true
video,170076307431458,1000000000,170076.30745008335,true
audio,170076275382958,1000000000,170076.3156375,true
video,170076324098041,1000000000,170076.32428025,true
audio,170076295382958,1000000000,170076.33695891668,true
video,170076340764666,1000000000,170076.34107145833,true
audio,170076315382958,1000000000,170076.35825733334,true
video,170076365764583,1000000000,170076.36123420834,true
video,170076382431166,1000000000,170076.3788945,true
audio,170076335382958,1000000000,170076.37960270833,true
video,170076399097875,1000000000,170076.39569616667,true
audio,170076355382958,1000000000,170076.40101420836,true
video,170076415764416,1000000000,170076.41283225,true
audio,170076375382916,1000000000,170076.42232108334,true
video,170076432431000,1000000000,170076.42965520834,true
audio,170076395382958,1000000000,170076.44361879167,true
video,170076449097583,1000000000,170076.44751679167,true
video,170076465764208,1000000000,170076.464342875,true
audio,170076415382958,1000000000,170076.464896875,true
video,170076482430791,1000000000,170076.4811875,true
audio,170076435382958,1000000000,170076.48622737502,true
audio,170076455382958,1000000000,170076.48627687502,true
video,170076499097500,1000000000,170076.49871616668,true
audio,170076475382958,1000000000,170076.50758991667,true
video,170076515763958,1000000000,170076.51601633333,true
audio,170076495382958,1000000000,170076.52891791667,true
video,170076532430666,1000000000,170076.532653125,true
video,170076549097166,1000000000,170076.54946200002,true
audio,170076515382958,1000000000,170076.55026204168,true
video,170076565763750,1000000000,170076.56988441668,true
audio,170076535382958,1000000000,170076.57158437502,true
video,170076590763666,1000000000,170076.58884870834,true
audio,170076555382958,1000000000,170076.59292708334,true
video,170076607430291,1000000000,170076.60580591668,true
audio,170076575382958,1000000000,170076.61430575,true
video,170076624097000,1000000000,170076.62320870833,true
audio,170076595382916,1000000000,170076.6357112917,true
video,170076640763583,1000000000,170076.6410010417,true
audio,170076615382958,1000000000,170076.65691545836,true
video,170076657430166,1000000000,170076.657814875,true
video,170076674096708,1000000000,170076.67440854167,true
audio,170076635382958,1000000000,170076.67822366668,true
video,170076699096583,1000000000,170076.69407879168,true
audio,170076655382916,1000000000,170076.699601375,true
video,170076715763208,1000000000,170076.7107975,true
audio,170076675382958,1000000000,170076.72092575,true
video,170076732429791,1000000000,170076.728593875,true
audio,170076695382958,1000000000,170076.73152295835,true
video,170076749096500,1000000000,170076.7466037917,true
audio,170076715382958,1000000000,170076.75293779167,true
video,170076765763000,1000000000,170076.76406275,true
audio,170076735382958,1000000000,170076.77423495834,true
video,170076782429708,1000000000,170076.78069295833,true
audio,170076755382958,1000000000,170076.79564804168,true
video,170076799096208,1000000000,170076.79743783333,true
video,170076815762791,1000000000,170076.81458179167,true
audio,170076775382958,1000000000,170076.81688775,true
video,170076832429500,1000000000,170076.83212333336,true
audio,170076795382958,1000000000,170076.83829633336,true
audio,170076815382958,1000000000,170076.83834216668,true
video,170076849096000,1000000000,170076.84911483334,true
audio,170076835382958,1000000000,170076.85956279168,true
video,170076865762625,1000000000,170076.86603950002,true
audio,170076855382958,1000000000,170076.88092495836,true
video,170076882429250,1000000000,170076.88267329166,true
video,170076899095791,1000000000,170076.89943466667,true
audio,170076875382916,1000000000,170076.902291625,true
video,170076915762416,1000000000,170076.91615991667,true
audio,170076895382958,1000000000,170076.923607625,true
video,170076932429041,1000000000,170076.93282620836,true
audio,170076915382958,1000000000,170076.945045,true
video,170076957429041,1000000000,170076.95148254168,true
audio,170076935382958,1000000000,170076.9662674167,true
video,170076974095541,1000000000,170076.97117870834,true
audio,170076955382958,1000000000,170076.98760175,true
video,170076990762125,1000000000,170076.98777233335,true
video,170077007428750,1000000000,170077.00484983335,true
audio,170076975382958,1000000000,170077.008891625,true
video,170077024095375,1000000000,170077.02267404168,true
audio,170076995382958,1000000000,170077.03021895833,true
video,170077040761958,1000000000,170077.03977579167,true
audio,170077015382958,1000000000,170077.051642,true
video,170077057428500,1000000000,170077.056699125,true
audio,170077035382958,1000000000,170077.07292916666,true
video,170077074095083,1000000000,170077.07403229168,true
video,170077090761708,1000000000,170077.0909727917,true
audio,170077055382958,1000000000,170077.09416395833,true
video,170077107428291,1000000000,170077.10785366668,true
audio,170077075382958,1000000000,170077.115612875,true
video,170077124095000,1000000000,170077.12419575002,true
audio,170077095382916,1000000000,170077.13696545834,true
video,170077140761500,1000000000,170077.14105666667,true
audio,170077115382958,1000000000,170077.15823791668,true
audio,170077135382958,1000000000,170077.1582847917,true
video,170077165761416,1000000000,170077.16034575002,true
video,170077182428125,1000000000,170077.17809191666,true
audio,170077155382916,1000000000,170077.1797445,true
video,170077199094708,1000000000,170077.19571754168,true
audio,170077175382958,1000000000,170077.20099595835,true
video,170077215761250,1000000000,170077.212421125,true
audio,170077195382958,1000000000,170077.22238754167,true
video,170077232427833,1000000000,170077.22966433334,true
audio,170077215382958,1000000000,170077.243637625,true
video,170077249094541,1000000000,170077.24655100002,true
video,170077265761041,1000000000,170077.264155,true
audio,170077235382958,1000000000,170077.26496658335,true
video,170077282427791,1000000000,170077.28173400002,true
audio,170077255382958,1000000000,170077.28626891668,true
video,170077299094250,1000000000,170077.29840845833,true
audio,170077275382958,1000000000,170077.307680125,true
video,170077315760833,1000000000,170077.315366125,true
audio,170077295382958,1000000000,170077.32896608335,true
video,170077332427541,1000000000,170077.33230833334,true
video,170077349094041,1000000000,170077.3489804167,true
audio,170077315382958,1000000000,170077.3502635,true
video,170077365760625,1000000000,170077.365627875,true
audio,170077335382958,1000000000,170077.37160958335,true
video,170077382427250,1000000000,170077.38233483335,true
audio,170077355382958,1000000000,170077.39294575,true
video,170077399093833,1000000000,170077.39920500002,true
audio,170077375382916,1000000000,170077.414265625,true
video,170077424093750,1000000000,170077.41870129167,true
audio,170077395382958,1000000000,170077.43567316668,true
video,170077440760333,1000000000,170077.43669483333,true
video,170077457427083,1000000000,170077.45358058333,true
audio,170077415382958,1000000000,170077.4569255,true
video,170077474093583,1000000000,170077.470714375,true
audio,170077435382958,1000000000,170077.47825954168,true
audio,170077455382958,1000000000,170077.47831625002,true
video,170077490760166,1000000000,170077.487390875,true
audio,170077475382958,1000000000,170077.49956479168,true
video,170077507426791,1000000000,170077.50423029167,true
audio,170077495382958,1000000000,170077.52091620833,true
video,170077524093375,1000000000,170077.52199491666,true
video,170077540760000,1000000000,170077.5398625,true
audio,170077515382958,1000000000,170077.54228454168,true
video,170077557426583,1000000000,170077.55660550002,true
audio,170077535382958,1000000000,170077.563604625,true
video,170077574093166,1000000000,170077.57338608336,true
audio,170077555382958,1000000000,170077.58498908335,true
video,170077590759750,1000000000,170077.59013637502,true
audio,170077575382958,1000000000,170077.606272375,true
video,170077607426333,1000000000,170077.60748354168,true
video,170077624093041,1000000000,170077.62422108333,true
audio,170077595382916,1000000000,170077.62758666667,true
video,170077640759541,1000000000,170077.64084912502,true
audio,170077615382958,1000000000,170077.64894283333,true
video,170077657426250,1000000000,170077.65785554168,true
audio,170077635382958,1000000000,170077.6703511667,true
video,170077682426041,1000000000,170077.67865670833,true
audio,170077655382916,1000000000,170077.6916140417,true
video,170077699092583,1000000000,170077.69707750002,true
audio,170077675382958,1000000000,170077.71292620833,true
video,170077715759250,1000000000,170077.71601537502,true
video,170077732426000,1000000000,170077.73298125,true
audio,170077695382958,1000000000,170077.734326,true
video,170077757425791,1000000000,170077.75191925,true
audio,170077715382958,1000000000,170077.7556316667,true
video,170077774092333,1000000000,170077.77209945835,true
audio,170077735382958,1000000000,170077.77694133334,true
video,170077790759125,1000000000,170077.789315875,true
audio,170077755382958,1000000000,170077.79823854167,true
video,170077807425583,1000000000,170077.80706854168,true
audio,170077775382958,1000000000,170077.8195340417,true
video,170077824092166,1000000000,170077.824352875,true
video,170077840758916,1000000000,170077.84101166666,true
audio,170077795382958,1000000000,170077.84106308335,true
audio,170077815382958,1000000000,170077.84107700002,true
video,170077857425375,1000000000,170077.85772675002,true
audio,170077835382958,1000000000,170077.862284,true
video,170077874092000,1000000000,170077.87451304166,true
audio,170077855382958,1000000000,170077.88362245835,true
video,170077899091875,1000000000,170077.89454091666,true
audio,170077875382916,1000000000,170077.90494008333,true
video,170077915758500,1000000000,170077.9112779167,true
audio,170077895382958,1000000000,170077.92641075002,true
video,170077932425083,1000000000,170077.92842991668,true
video,170077949091666,1000000000,170077.94605570834,true
audio,170077915382958,1000000000,170077.94758420833,true
video,170077965758291,1000000000,170077.96274891667,true
audio,170077935382958,1000000000,170077.96888758335,true
video,170077982424875,1000000000,170077.97996833335,true
audio,170077955382958,1000000000,170077.99026741667,true
video,170077999091583,1000000000,170077.99739541666,true
audio,170077975382958,1000000000,170078.01156266668,true
video,170078015758125,1000000000,170078.01509233334,true
video,170078032424708,1000000000,170078.03216575002,true
audio,170077995382958,1000000000,170078.03292758335,true
video,170078049091291,1000000000,170078.04911754167,true
audio,170078015382958,1000000000,170078.05429054168,true
video,170078065757875,1000000000,170078.06578383336,true
audio,170078035382958,1000000000,170078.07566562502,true
video,170078082424625,1000000000,170078.08247445835,true
audio,170078055382958,1000000000,170078.09695595835,true
video,170078099091125,1000000000,170078.09911908334,true
video,170078124091166,1000000000,170078.11804287502,true
audio,170078075382958,1000000000,170078.11823750002,true
video,170078140757583,1000000000,170078.13542579167,true
audio,170078095382916,1000000000,170078.13962858333,true
video,170078157424291,1000000000,170078.152310625,true
audio,170078115382958,1000000000,170078.16090766666,true
audio,170078135382958,1000000000,170078.16093066667,true
video,170078174090791,1000000000,170078.1697355,true
audio,170078155382916,1000000000,170078.18225050002,true
video,170078190757375,1000000000,170078.1869700417,true
audio,170078175382958,1000000000,170078.20364595833,true
video,170078207424083,1000000000,170078.20375425002,true
video,170078224090583,1000000000,170078.22122554167,true
audio,170078195382958,1000000000,170078.22493308334,true
video,170078240757166,1000000000,170078.23771566668,true
audio,170078215382958,1000000000,170078.24631170835,true
video,170078257423791,1000000000,170078.25463720833,true
audio,170078235382958,1000000000,170078.2675375417,true
video,170078274090375,1000000000,170078.2722125417,true
audio,170078255382958,1000000000,170078.288941875,true
video,170078290757000,1000000000,170078.28903412502,true
video,170078307423583,1000000000,170078.30587841666,true
audio,170078275382958,1000000000,170078.31022425002,true
video,170078324090166,1000000000,170078.32288337502,true
audio,170078295382958,1000000000,170078.33164354166,true
video,170078340756791,1000000000,170078.3405065,true
audio,170078315382958,1000000000,170078.353046,true
video,170078357423500,1000000000,170078.35755191668,true
video,170078374090166,1000000000,170078.37418358334,true
audio,170078335382958,1000000000,170078.374237125,true
video,170078390756625,1000000000,170078.39095054168,true
audio,170078355382958,1000000000,170078.39560791667,true
video,170078415756625,1000000000,170078.40959695834,true
audio,170078375382916,1000000000,170078.41696458333,true
video,170078432423125,1000000000,170078.42649800002,true
audio,170078395382958,1000000000,170078.43837175,true
video,170078449089708,1000000000,170078.44422658335,true
audio,170078415382958,1000000000,170078.45970354168,true
video,170078465756333,1000000000,170078.4610610417,true
video,170078482422916,1000000000,170078.478309125,true
audio,170078435382958,1000000000,170078.48102745836,true
audio,170078455382958,1000000000,170078.48107270835,true
video,170078499089625,1000000000,170078.49597116667,true
audio,170078475382958,1000000000,170078.5022865,true
video,170078515756125,1000000000,170078.51327625,true
audio,170078495382958,1000000000,170078.52371850002,true
video,170078532422708,1000000000,170078.529940625,true
audio,170078515382958,1000000000,170078.54500008334,true
video,170078549089458,1000000000,170078.54727466666,true
video,170078565755916,1000000000,170078.56419695835,true
audio,170078535382958,1000000000,170078.56626920836,true
video,170078582422625,1000000000,170078.581287625,true
audio,170078555382958,1000000000,170078.58763941668,true
video,170078599089125,1000000000,170078.59801754166,true
audio,170078575382958,1000000000,170078.60888395834,true
video,170078615755833,1000000000,170078.61535533334,true
audio,170078595382916,1000000000,170078.63037679167,true
video,170078632422333,1000000000,170078.63259387502,true
video,170078649088916,1000000000,170078.64925720834,true
audio,170078615382958,1000000000,170078.651599625,true
video,170078674088791,1000000000,170078.669071125,true
audio,170078635382958,1000000000,170078.67300937502,true
video,170078690755375,1000000000,170078.68671204167,true
audio,170078655382916,1000000000,170078.69437358333,true
video,170078707422083,1000000000,170078.703332125,true
audio,170078675382958,1000000000,170078.71570475,true
video,170078724088708,1000000000,170078.72111625,true
audio,170078695382958,1000000000,170078.73705404167,true
video,170078740755208,1000000000,170078.738011625,true
video,170078757421958,1000000000,170078.75503604166,true
audio,170078715382958,1000000000,170078.75829270834,true
video,170078774088416,1000000000,170078.77278725,true
audio,170078735382958,1000000000,170078.77981170834,true
video,170078790755125,1000000000,170078.79045745835,true
audio,170078755382958,1000000000,170078.80097691668,true
video,170078807421666,1000000000,170078.80773758335,true
audio,170078775382958,1000000000,170078.82237166667,true
video,170078832421625,1000000000,170078.82816262502,true
audio,170078795382958,1000000000,170078.84364833334,true
audio,170078815382958,1000000000,170078.84370608334,true
video,170078849088125,1000000000,170078.84573025,true
video,170078865754708,1000000000,170078.86243745833,true
audio,170078835382958,1000000000,170078.86491041668,true
video,170078882421333,1000000000,170078.87973204168,true
audio,170078855382958,1000000000,170078.8863034167,true
video,170078899087916,1000000000,170078.89646254168,true
audio,170078875382916,1000000000,170078.90766804168,true
video,170078915754541,1000000000,170078.91386683335,true
audio,170078895382958,1000000000,170078.928965125,true
video,170078932421125,1000000000,170078.93074675,true
video,170078949087708,1000000000,170078.9475960417,true
audio,170078915382958,1000000000,170078.95027262502,true
video,170078965754333,1000000000,170078.9642259167,true
audio,170078935382958,1000000000,170078.97160808335,true
video,170078982420916,1000000000,170078.98082195834,true
audio,170078955382958,1000000000,170078.99300750002,true
video,170078999087625,1000000000,170078.9979245,true
audio,170078975382958,1000000000,170079.01429000002,true
video,170079015754125,1000000000,170079.01579166666,true
video,170079032420750,1000000000,170079.032584625,true
audio,170078995382958,1000000000,170079.03566829168,true
video,170079049087333,1000000000,170079.0493055,true
audio,170079015382958,1000000000,170079.05697679167,true
video,170079065753916,1000000000,170079.06592866668,true
audio,170079035382958,1000000000,170079.07830791667,true
video,170079090753958,1000000000,170079.08579525002,true
audio,170079055382958,1000000000,170079.09965225,true
video,170079107420458,1000000000,170079.10277175,true
video,170079124087208,1000000000,170079.12047225,true
audio,170079075382958,1000000000,170079.120940625,true
video,170079140753791,1000000000,170079.13727920834,true
audio,170079095382916,1000000000,170079.14225279167,true
video,170079157420250,1000000000,170079.1538685,true
audio,170079115382958,1000000000,170079.16366070835,true
audio,170079135382958,1000000000,170079.16370804168,true
video,170079174086958,1000000000,170079.170808625,true
audio,170079155382916,1000000000,170079.18496916667,true
video,170079190753458,1000000000,170079.18774833335,true
video,170079207420166,1000000000,170079.20467225002,true
audio,170079175382958,1000000000,170079.20623520834,true
video,170079224086625,1000000000,170079.22227650002,true
audio,170079195382958,1000000000,170079.22763183335,true
video,170079240753208,1000000000,170079.2391004167,true
audio,170079215382958,1000000000,170079.24897945835,true
video,170079257419958,1000000000,170079.25609458334,true
audio,170079235382958,1000000000,170079.270272375,true
video,170079274086416,1000000000,170079.27304987502,true
video,170079290753000,1000000000,170079.28980829168,true
audio,170079255382958,1000000000,170079.29162654167,true
video,170079307419625,1000000000,170079.30734670834,true
audio,170079275382958,1000000000,170079.31298225,true
video,170079324086208,1000000000,170079.32418904168,true
audio,170079295382958,1000000000,170079.33434433336,true
video,170079340752833,1000000000,170079.341128,true
audio,170079315382958,1000000000,170079.35568200002,true
video,170079357419541,1000000000,170079.35761512502,true
audio,170079335382958,1000000000,170079.37697441666,true
video,170079382419333,1000000000,170079.37710383334,true
video,170079399086083,1000000000,170079.39467204167,true
audio,170079355382958,1000000000,170079.39824633335,true
video,170079415752541,1000000000,170079.41155450002,true
audio,170079375382916,1000000000,170079.41960725002,true
video,170079432419125,1000000000,170079.42895495833,true
audio,170079395382958,1000000000,170079.440948625,true
video,170079449085708,1000000000,170079.44611066667,true
audio,170079415382958,1000000000,170079.46226212502,true
video,170079465752375,1000000000,170079.46293233335,true
video,170079482418958,1000000000,170079.480030875,true
audio,170079435382958,1000000000,170079.48361483336,true
audio,170079455382958,1000000000,170079.48366250002,true
video,170079499085708,1000000000,170079.49723379168,true
audio,170079475382958,1000000000,170079.50495391668,true
video,170079515752166,1000000000,170079.5144534167,true
audio,170079495382958,1000000000,170079.52629645835,true
video,170079532418875,1000000000,170079.53158808334,true
audio,170079515382958,1000000000,170079.54765245834,true
video,170079549085500,1000000000,170079.54844112502,true
video,170079565751958,1000000000,170079.5654602917,true
audio,170079535382958,1000000000,170079.56898875002,true
video,170079582418666,1000000000,170079.581958375,true
audio,170079555382958,1000000000,170079.59023304167,true
video,170079599085291,1000000000,170079.59918591668,true
audio,170079575382958,1000000000,170079.61164325,true
video,170079615751750,1000000000,170079.61600550002,true
video,170079632418500,1000000000,170079.632799,true
audio,170079595382916,1000000000,170079.63286833334,true
video,170079657418250,1000000000,170079.65243058334,true
audio,170079615382958,1000000000,170079.65423920835,true
video,170079674085000,1000000000,170079.67086645836,true
audio,170079635382958,1000000000,170079.67559345835,true
video,170079690751458,1000000000,170079.68795425002,true
audio,170079655382916,1000000000,170079.69694704167,true
video,170079707418166,1000000000,170079.70498358333,true
audio,170079675382958,1000000000,170079.718300875,true
video,170079724084666,1000000000,170079.722328625,true
video,170079740751375,1000000000,170079.739271375,true
audio,170079695382958,1000000000,170079.73956641668,true
video,170079757417833,1000000000,170079.75633304167,true
audio,170079715382958,1000000000,170079.76092320835,true
video,170079774084458,1000000000,170079.77330458333,true
audio,170079735382958,1000000000,170079.78229316667,true
video,170079790751125,1000000000,170079.79069758335,true
audio,170079755382958,1000000000,170079.80364958334,true
video,170079807417666,1000000000,170079.80757920834,true
video,170079824084208,1000000000,170079.824272375,true
audio,170079775382958,1000000000,170079.82489375002,true
video,170079840750958,1000000000,170079.84097175,true
audio,170079795382958,1000000000,170079.84628291667,true
audio,170079815382958,1000000000,170079.846333875,true
video,170079865750750,1000000000,170079.8602861667,true
audio,170079835382958,1000000000,170079.86760020835,true
video,170079882417375,1000000000,170079.87902679166,true
audio,170079855382958,1000000000,170079.88895516668,true
video,170079899083958,1000000000,170079.89635504168,true
audio,170079875382916,1000000000,170079.91029725,true
video,170079915750541,1000000000,170079.91387425002,true
video,170079932417166,1000000000,170079.93057075,true
audio,170079895382958,1000000000,170079.93161841668,true
video,170079949083750,1000000000,170079.94809933336,true
audio,170079915382958,1000000000,170079.95297420834,true
video,170079965750500,1000000000,170079.96576720834,true
audio,170079935382958,1000000000,170079.97425504168,true
video,170079982416958,1000000000,170079.982594375,true
audio,170079955382958,1000000000,170079.99566558335,true
video,170080007416875,1000000000,170080.00250308335,true
audio,170079975382958,1000000000,170080.01694725,true
video,170080024083458,1000000000,170080.019374875,true
video,170080040750041,1000000000,170080.03713508334,true
audio,170079995382958,1000000000,170080.03827395834,true
video,170080057416666,1000000000,170080.05379670835,true
audio,170080015382958,1000000000,170080.05966308335,true
video,170080074083250,1000000000,170080.07090529168,true
audio,170080035382958,1000000000,170080.08094583335,true
video,170080090749875,1000000000,170080.08794337502,true
audio,170080055382958,1000000000,170080.10237016669,true
video,170080107416583,1000000000,170080.10468170836,true
video,170080124083166,1000000000,170080.1213900417,true
audio,170080075382958,1000000000,170080.12365554168,true
video,170080140749666,1000000000,170080.13926541668,true
audio,170080095382916,1000000000,170080.14500170836,true
video,170080157416250,1000000000,170080.15649825,true
audio,170080115382958,1000000000,170080.16626454168,true
audio,170080135382958,1000000000,170080.16631483333,true
video,170080174082958,1000000000,170080.17349841667,true
audio,170080155382916,1000000000,170080.18766845835,true
video,170080190749458,1000000000,170080.19059795834,true
video,170080207416208,1000000000,170080.20772370836,true
audio,170080175382958,1000000000,170080.20895133333,true
video,170080232415958,1000000000,170080.22765400002,true
audio,170080195382958,1000000000,170080.23027200002,true
video,170080249082666,1000000000,170080.24519795834,true
audio,170080215382958,1000000000,170080.25172295835,true
video,170080265749166,1000000000,170080.26257387502,true
audio,170080235382958,1000000000,170080.27295758334,true
video,170080282415875,1000000000,170080.279872,true
audio,170080255382958,1000000000,170080.29422945835,true
video,170080299082375,1000000000,170080.296576375,true
video,170080315748916,1000000000,170080.31429979167,true
audio,170080275382958,1000000000,170080.31560933334,true
video,170080332415625,1000000000,170080.3309845,true
audio,170080295382958,1000000000,170080.33696891667,true
video,170080349082125,1000000000,170080.34777545833,true
audio,170080315382958,1000000000,170080.35830054167,true
video,170080365748750,1000000000,170080.36444195834,true
audio,170080335382958,1000000000,170080.3797295,true
video,170080382415375,1000000000,170080.38131266666,true
video,170080399081958,1000000000,170080.39885983334,true
audio,170080355382958,1000000000,170080.40094695834,true
video,170080415748541,1000000000,170080.41598879168,true
audio,170080375382916,1000000000,170080.422326625,true
video,170080440748458,1000000000,170080.43561133335,true
audio,170080395382958,1000000000,170080.4437415,true
video,170080457415166,1000000000,170080.45229508335,true
audio,170080415382958,1000000000,170080.46496270836,true
video,170080474081791,1000000000,170080.46922079168,true
audio,170080435382958,1000000000,170080.48632491668,true
audio,170080455382958,1000000000,170080.486371875,true
video,170080490748375,1000000000,170080.48697470836,true
video,170080507414875,1000000000,170080.5045307917,true
audio,170080475382958,1000000000,170080.50763095834,true
video,170080524081458,1000000000,170080.52115891667,true
audio,170080495382958,1000000000,170080.52896995834,true
video,170080540748041,1000000000,170080.537924875,true
audio,170080515382958,1000000000,170080.55033004167,true
video,170080557414666,1000000000,170080.55512341668,true
audio,170080535382958,1000000000,170080.571677,true
video,170080574081250,1000000000,170080.57245275,true
video,170080590747875,1000000000,170080.5891231667,true
audio,170080555382958,1000000000,170080.59297345835,true
video,170080607414458,1000000000,170080.60614387502,true
audio,170080575382958,1000000000,170080.61424054168,true
video,170080624081166,1000000000,170080.62378208333,true
audio,170080595382916,1000000000,170080.63564070835,true
video,170080640747666,1000000000,170080.64093491668,true
audio,170080615382958,1000000000,170080.65696758335,true
video,170080657414250,1000000000,170080.65759504167,true
video,170080682414166,1000000000,170080.67764045834,true
audio,170080635382958,1000000000,170080.678236375,true
video,170080699080750,1000000000,170080.69452379167,true
audio,170080655382916,1000000000,170080.69961150002,true
video,170080715747375,1000000000,170080.71115925,true
audio,170080675382958,1000000000,170080.72096170834,true
video,170080732413958,1000000000,170080.72894025,true
audio,170080695382958,1000000000,170080.73156645833,true
video,170080749080666,1000000000,170080.74571837502,true
audio,170080715382958,1000000000,170080.752944875,true
video,170080765747166,1000000000,170080.76322345834,true
audio,170080735382958,1000000000,170080.77431729168,true
video,170080782413750,1000000000,170080.78084775002,true
