type,pts_value,pts_timescale,host_seconds,appended
video,180590654546125,1000000000,180590.664904875,true
audio,180590655995458,1000000000,180590.680093,true
video,180590687879375,1000000000,180590.68530483334,true
audio,180590675995458,1000000000,180590.69894441668,true
video,180590704545958,1000000000,180590.70176025,true
video,180590721212583,1000000000,180590.71916225002,true
audio,180590695995458,1000000000,180590.72019208333,true
video,180590737879166,1000000000,180590.73573991668,true
audio,180590715995416,1000000000,180590.74163333335,true
video,180590754545750,1000000000,180590.752899,true
audio,180590735995458,1000000000,180590.76290608334,true
video,180590771212333,1000000000,180590.77005116668,true
audio,180590755995458,1000000000,180590.78421591668,true
video,180590787878958,1000000000,180590.78773487502,true
video,180590804545541,1000000000,180590.8046316667,true
audio,180590775995416,1000000000,180590.80554833333,true
video,180590821212125,1000000000,180590.8212692917,true
audio,180590795995458,1000000000,180590.82697416667,true
video,180590837878708,1000000000,180590.8379912917,true
audio,180590815995458,1000000000,180590.84823170834,true
video,180590862878625,1000000000,180590.85758525002,true
audio,180590835995458,1000000000,180590.86957958335,true
video,180590879545208,1000000000,180590.87593425,true
audio,180590855995458,1000000000,180590.8908861667,true
video,180590896211791,1000000000,180590.89257158333,true
video,180590912878416,1000000000,180590.9104520417,true
audio,180590875995458,1000000000,180590.91219679167,true
video,180590929545041,1000000000,180590.92717450002,true
audio,180590895995458,1000000000,180590.9336285,true
video,180590946211583,1000000000,180590.94384362502,true
audio,180590915995458,1000000000,180590.9549226667,true
video,180590962878166,1000000000,180590.96165666668,true
audio,180590935995458,1000000000,180590.97624358334,true
audio,180590955995458,1000000000,180590.97629054167,true
video,180590979544791,1000000000,180590.978421125,true
video,180590996211375,1000000000,180590.99596366668,true
audio,180590975995458,1000000000,180590.99755216666,true
video,180591012877958,1000000000,180591.01297658336,true
audio,180590995995416,1000000000,180591.01886408334,true
video,180591029544583,1000000000,180591.02964575,true
audio,180591015995458,1000000000,180591.0402585,true
video,180591046211125,1000000000,180591.046308875,true
audio,180591035995458,1000000000,180591.06156841668,true
video,180591062877708,1000000000,180591.06321300002,true
video,180591079544291,1000000000,180591.07970091669,true
audio,180591055995416,1000000000,180591.08288195834,true
video,180591104544250,1000000000,180591.0992821667,true
audio,180591075995458,1000000000,180591.1041707917,true
video,180591121210791,1000000000,180591.11738270835,true
audio,180591095995458,1000000000,180591.12559616668,true
video,180591137877375,1000000000,180591.13427229167,true
audio,180591115995458,1000000000,180591.14685454167,true
video,180591154544000,1000000000,180591.15112595833,true
audio,180591135995458,1000000000,180591.16824445836,true
video,180591171210583,1000000000,180591.16856337502,true
video,180591187877166,1000000000,180591.18553116667,true
audio,180591155995458,1000000000,180591.18954458335,true
video,180591212877041,1000000000,180591.206237,true
audio,180591175995458,1000000000,180591.21087708336,true
video,180591229543583,1000000000,180591.22444220833,true
audio,180591195995458,1000000000,180591.23225691667,true
video,180591246210250,1000000000,180591.24381566668,true
audio,180591215995416,1000000000,180591.25361495835,true
video,180591262876833,1000000000,180591.26148870835,true
audio,180591235995458,1000000000,180591.27489170834,true
video,180591279543458,1000000000,180591.27925954168,true
video,180591296210041,1000000000,180591.29612450002,true
audio,180591255995458,1000000000,180591.29618108334,true
audio,180591275995416,1000000000,180591.29619354167,true
video,180591312876625,1000000000,180591.31326287502,true
audio,180591295995458,1000000000,180591.31762870835,true
video,180591337876500,1000000000,180591.332631125,true
audio,180591315995458,1000000000,180591.33884591667,true
video,180591354543125,1000000000,180591.3509987917,true
audio,180591335995458,1000000000,180591.36026112502,true
video,180591371209708,1000000000,180591.36834275,true
audio,180591355995458,1000000000,180591.38161283336,true
video,180591387876291,1000000000,180591.38574758335,true
video,180591404542916,1000000000,180591.40247287502,true
audio,180591375995458,1000000000,180591.40290604168,true
video,180591421209500,1000000000,180591.420131875,true
audio,180591395995458,1000000000,180591.42423375,true
video,180591437876083,1000000000,180591.43719820835,true
audio,180591415995458,1000000000,180591.44556804167,true
video,180591454542666,1000000000,180591.45418354167,true
audio,180591435995458,1000000000,180591.46700625002,true
video,180591471209250,1000000000,180591.47133691667,true
video,180591487875875,1000000000,180591.48808633335,true
audio,180591455995458,1000000000,180591.48816254167,true
video,180591512875750,1000000000,180591.50824775003,true
audio,180591475995458,1000000000,180591.50954041668,true
video,180591529542375,1000000000,180591.52513408335,true
audio,180591495995416,1000000000,180591.53098529167,true
video,180591537875708,1000000000,180591.54227920834,true
audio,180591515995458,1000000000,180591.55225495834,true
video,180591562875500,1000000000,180591.55970125002,true
audio,180591535995458,1000000000,180591.57362995835,true
video,180591579542166,1000000000,180591.57778812503,true
video,180591587875416,1000000000,180591.59453287502,true
audio,180591555995416,1000000000,180591.59482158333,true
video,180591612875291,1000000000,180591.61230758333,true
audio,180591575995458,1000000000,180591.61619391668,true
audio,180591595995458,1000000000,180591.61624250002,true
video,180591629541916,1000000000,180591.62928670834,true
audio,180591615995458,1000000000,180591.63751600002,true
video,180591637875166,1000000000,180591.64640404168,true
video,180591662875041,1000000000,180591.66291466667,true
video,180591671208375,1000000000,180591.68007045836,true
audio,180591635995458,1000000000,180591.68016379167,true
video,180591704541583,1000000000,180591.70063825,true
audio,180591655995458,1000000000,180591.70155250002,true
video,180591721208166,1000000000,180591.7196229167,true
audio,180591675995458,1000000000,180591.72291225,true
video,180591737874833,1000000000,180591.73741091668,true
audio,180591695995458,1000000000,180591.74424175,true
video,180591754541375,1000000000,180591.75425020835,true
audio,180591715995416,1000000000,180591.76564337502,true
video,180591771207916,1000000000,180591.77077725,true
audio,180591735995458,1000000000,180591.786958375,true
audio,180591755995458,1000000000,180591.786995,true
video,180591787874583,1000000000,180591.788084125,true
video,180591804541125,1000000000,180591.80482366667,true
audio,180591775995416,1000000000,180591.80827470834,true
video,180591829541041,1000000000,180591.82488662502,true
audio,180591795995458,1000000000,180591.82958837503,true
video,180591846207625,1000000000,180591.84279608334,true
audio,180591815995458,1000000000,180591.85088808334,true
video,180591862874250,1000000000,180591.85955762502,true
audio,180591835995458,1000000000,180591.872222125,true
video,180591879540833,1000000000,180591.87710166667,true
audio,180591855995458,1000000000,180591.89357120835,true
video,180591896207416,1000000000,180591.894306875,true
video,180591912874083,1000000000,180591.91201758335,true
audio,180591875995458,1000000000,180591.91491225,true
video,180591929540625,1000000000,180591.92913158334,true
audio,180591895995458,1000000000,180591.93621670833,true
video,180591946207208,1000000000,180591.94628754168,true
audio,180591915995458,1000000000,180591.95764862502,true
video,180591962873791,1000000000,180591.96312420836,true
audio,180591935995458,1000000000,180591.978955875,true
video,180591987873708,1000000000,180591.98300937502,true
video,180592004540291,1000000000,180591.999722,true
audio,180591955995458,1000000000,180592.00018795836,true
video,180592021206875,1000000000,180592.016336875,true
audio,180591975995458,1000000000,180592.02153908333,true
video,180592037873500,1000000000,180592.03341429168,true
audio,180591995995416,1000000000,180592.04292487502,true
video,180592054540083,1000000000,180592.05126741668,true
audio,180592015995458,1000000000,180592.06423758334,true
video,180592071206666,1000000000,180592.06893850002,true
audio,180592035995458,1000000000,180592.08561033334,true
video,180592087873291,1000000000,180592.085712125,true
video,180592104539875,1000000000,180592.10342612502,true
audio,180592055995416,1000000000,180592.10686583334,true
audio,180592075995458,1000000000,180592.10690983335,true
video,180592121206458,1000000000,180592.12090283335,true
audio,180592095995458,1000000000,180592.12819041667,true
video,180592137873000,1000000000,180592.13806629166,true
audio,180592115995458,1000000000,180592.14957645835,true
video,180592162872958,1000000000,180592.15824466667,true
audio,180592135995458,1000000000,180592.17086920835,true
video,180592179539500,1000000000,180592.17663416668,true
audio,180592155995458,1000000000,180592.192251,true
video,180592196206083,1000000000,180592.19342220834,true
video,180592212872708,1000000000,180592.21111616667,true
audio,180592175995458,1000000000,180592.2135382917,true
video,180592229539291,1000000000,180592.22851412502,true
audio,180592195995458,1000000000,180592.23490045834,true
video,180592246205875,1000000000,180592.24580804168,true
audio,180592215995416,1000000000,180592.256242,true
video,180592262872458,1000000000,180592.2628139167,true
audio,180592235995458,1000000000,180592.2775249167,true
video,180592279539083,1000000000,180592.27967591668,true
audio,180592255995458,1000000000,180592.298893125,true
video,180592304538958,1000000000,180592.300739,true
video,180592321205541,1000000000,180592.3181012917,true
audio,180592275995416,1000000000,180592.32015529167,true
video,180592337872166,1000000000,180592.33543929167,true
audio,180592295995458,1000000000,180592.34152462502,true
video,180592354538750,1000000000,180592.35228766667,true
audio,180592315995458,1000000000,180592.362872875,true
video,180592371205333,1000000000,180592.36945625002,true
audio,180592335995458,1000000000,180592.38422075,true
video,180592387871916,1000000000,180592.387292875,true
video,180592404538541,1000000000,180592.40389154167,true
audio,180592355995458,1000000000,180592.40552250002,true
video,180592421205125,1000000000,180592.42081204167,true
audio,180592375995458,1000000000,180592.42690791667,true
audio,180592395995458,1000000000,180592.426962125,true
video,180592437871708,1000000000,180592.43813008335,true
audio,180592415995458,1000000000,180592.44819891668,true
video,180592462871625,1000000000,180592.45806133334,true
audio,180592435995458,1000000000,180592.4695485,true
video,180592479538208,1000000000,180592.47587304167,true
audio,180592455995458,1000000000,180592.49090858334,true
video,180592496204791,1000000000,180592.4928965417,true
video,180592512871375,1000000000,180592.50998,true
audio,180592475995458,1000000000,180592.51218775002,true
video,180592529538000,1000000000,180592.52725241668,true
audio,180592495995416,1000000000,180592.53352704167,true
video,180592537871291,1000000000,180592.54464500002,true
audio,180592515995458,1000000000,180592.55492712502,true
video,180592562871125,1000000000,180592.5614315,true
audio,180592535995458,1000000000,180592.5762265,true
video,180592579537833,1000000000,180592.57917504167,true
video,180592596204375,1000000000,180592.59568854168,true
audio,180592555995416,1000000000,180592.59755383336,true
video,180592612870958,1000000000,180592.61325875,true
audio,180592575995458,1000000000,180592.61892958335,true
video,180592621204250,1000000000,180592.62998758335,true
audio,180592595995458,1000000000,180592.64023229168,true
video,180592654537458,1000000000,180592.64862770835,true
audio,180592615995458,1000000000,180592.661541,true
video,180592662870708,1000000000,180592.66633341668,true
audio,180592635995458,1000000000,180592.6722170417,true
video,180592687870541,1000000000,180592.68381416667,true
audio,180592655995458,1000000000,180592.69360687502,true
video,180592704537250,1000000000,180592.70126325,true
audio,180592675995458,1000000000,180592.71491504167,true
video,180592721203833,1000000000,180592.71937150002,true
audio,180592695995458,1000000000,180592.73623833334,true
video,180592737870458,1000000000,180592.7364865,true
video,180592754537000,1000000000,180592.75397658334,true
audio,180592715995416,1000000000,180592.75753625002,true
video,180592771203583,1000000000,180592.77116262502,true
audio,180592735995458,1000000000,180592.77890758336,true
audio,180592755995458,1000000000,180592.778949875,true
video,180592787870166,1000000000,180592.78804145835,true
audio,180592775995416,1000000000,180592.80019183335,true
video,180592804536750,1000000000,180592.80487466668,true
audio,180592795995458,1000000000,180592.82154929166,true
video,180592829536666,1000000000,180592.82669091667,true
audio,180592815995458,1000000000,180592.842909625,true
video,180592846203250,1000000000,180592.84424500001,true
video,180592862869875,1000000000,180592.861493875,true
audio,180592835995458,1000000000,180592.86421379168,true
video,180592879536458,1000000000,180592.87893258335,true
audio,180592855995458,1000000000,180592.88560295835,true
video,180592896203083,1000000000,180592.895725125,true
audio,180592875995458,1000000000,180592.906968125,true
video,180592912869666,1000000000,180592.91306541668,true
audio,180592895995458,1000000000,180592.92822212502,true
video,180592937869541,1000000000,180592.93298412501,true
audio,180592915995458,1000000000,180592.94959645835,true
video,180592954536125,1000000000,180592.94974,true
video,180592971202708,1000000000,180592.9664815,true
audio,180592935995458,1000000000,180592.9708732917,true
video,180592987869333,1000000000,180592.98313879166,true
audio,180592955995458,1000000000,180592.992207375,true
video,180593004535916,1000000000,180593.0008500417,true
audio,180592975995458,1000000000,180593.01358104168,true
video,180593021202500,1000000000,180593.01761116667,true
audio,180592995995416,1000000000,180593.0349305,true
video,180593037869125,1000000000,180593.035398,true
video,180593054535708,1000000000,180593.05345020833,true
audio,180593015995458,1000000000,180593.05624554167,true
video,180593071202291,1000000000,180593.07068916666,true
audio,180593035995458,1000000000,180593.07755775002,true
video,180593087868916,1000000000,180593.08821391666,true
audio,180593055995416,1000000000,180593.09889683334,true
audio,180593075995458,1000000000,180593.0989424167,true
video,180593112868791,1000000000,180593.10826004168,true
audio,180593095995458,1000000000,180593.12023754168,true
video,180593129535375,1000000000,180593.12609320835,true
audio,180593115995458,1000000000,180593.14154108334,true
video,180593146201958,1000000000,180593.14260858335,true
video,180593162868583,1000000000,180593.1597065,true
audio,180593135995458,1000000000,180593.16293025002,true
video,180593179535208,1000000000,180593.17669141668,true
audio,180593155995458,1000000000,180593.18426308336,true
video,180593196201750,1000000000,180593.19411500002,true
audio,180593175995458,1000000000,180593.20552445835,true
video,180593212868333,1000000000,180593.2119407917,true
audio,180593195995458,1000000000,180593.22691895833,true
video,180593229534916,1000000000,180593.22991687502,true
video,180593246201500,1000000000,180593.2465882917,true
audio,180593215995416,1000000000,180593.24819108334,true
video,180593262868083,1000000000,180593.26314650002,true
audio,180593235995458,1000000000,180593.26953420835,true
video,180593287868000,1000000000,180593.28314558335,true
audio,180593255995458,1000000000,180593.29092425,true
video,180593304534625,1000000000,180593.3016044167,true
audio,180593275995416,1000000000,180593.3122382917,true
video,180593321201166,1000000000,180593.31911579167,true
audio,180593295995458,1000000000,180593.33356262502,true
video,180593337867791,1000000000,180593.33633966668,true
video,180593354534375,1000000000,180593.35332441668,true
audio,180593315995458,1000000000,180593.35491720834,true
video,180593371200958,1000000000,180593.37131629168,true
audio,180593335995458,1000000000,180593.37634437502,true
video,180593387867541,1000000000,180593.38816183334,true
audio,180593355995458,1000000000,180593.397573375,true
video,180593412867458,1000000000,180593.4085775,true
audio,180593375995458,1000000000,180593.41892141668,true
audio,180593395995458,1000000000,180593.41897066668,true
video,180593429534083,1000000000,180593.42700870836,true
audio,180593415995458,1000000000,180593.4402692917,true
video,180593446200625,1000000000,180593.44479820834,true
audio,180593435995458,1000000000,180593.46160666668,true
video,180593462867250,1000000000,180593.46172175,true
video,180593479533833,1000000000,180593.47834375,true
audio,180593455995458,1000000000,180593.48285979166,true
video,180593496200458,1000000000,180593.49622370835,true
audio,180593475995458,1000000000,180593.50421925,true
video,180593512867041,1000000000,180593.5131325,true
audio,180593495995416,1000000000,180593.5255757917,true
video,180593529533666,1000000000,180593.52971358335,true
video,180593546200208,1000000000,180593.5464065,true
audio,180593515995458,1000000000,180593.54682775002,true
video,180593562866791,1000000000,180593.563313875,true
audio,180593535995458,1000000000,180593.56827508335,true
video,180593587866708,1000000000,180593.58392550002,true
audio,180593555995416,1000000000,180593.5895589167,true
video,180593604533291,1000000000,180593.60046616668,true
audio,180593575995458,1000000000,180593.610907625,true
video,180593621199916,1000000000,180593.61852029167,true
audio,180593595995458,1000000000,180593.63221370833,true
video,180593637866500,1000000000,180593.63590312502,true
video,180593654533125,1000000000,180593.6535720417,true
audio,180593615995458,1000000000,180593.6536292917,true
video,180593671199708,1000000000,180593.6703015,true
audio,180593635995458,1000000000,180593.67484720834,true
video,180593687866291,1000000000,180593.68828729168,true
audio,180593655995458,1000000000,180593.69619641668,true
video,180593704532916,1000000000,180593.70470091669,true
audio,180593675995458,1000000000,180593.717630875,true
video,180593721199500,1000000000,180593.721613375,true
audio,180593695995458,1000000000,180593.73889112502,true
video,180593746199416,1000000000,180593.74165108334,true
video,180593762865916,1000000000,180593.75927366668,true
audio,180593715995416,1000000000,180593.760235875,true
video,180593779532541,1000000000,180593.77721079168,true
audio,180593735995458,1000000000,180593.78154320834,true
audio,180593755995458,1000000000,180593.78159104168,true
video,180593796199125,1000000000,180593.79433212502,true
audio,180593775995416,1000000000,180593.80294183333,true
video,180593812865750,1000000000,180593.810987625,true
audio,180593795995458,1000000000,180593.82423,true
video,180593829532333,1000000000,180593.8284015,true
video,180593846198958,1000000000,180593.84512670836,true
audio,180593815995458,1000000000,180593.84545645834,true
video,180593862865500,1000000000,180593.8622205417,true
audio,180593835995458,1000000000,180593.86694587502,true
video,180593879532083,1000000000,180593.87903433334,true
audio,180593855995458,1000000000,180593.88830820835,true
video,180593896198666,1000000000,180593.89618500002,true
audio,180593875995458,1000000000,180593.9096766667,true
video,180593912865291,1000000000,180593.913093125,true
audio,180593895995458,1000000000,180593.93087550002,true
video,180593937865166,1000000000,180593.93326708334,true
video,180593954531791,1000000000,180593.951019375,true
audio,180593915995458,1000000000,180593.95215745835,true
video,180593971198375,1000000000,180593.96887333333,true
audio,180593935995458,1000000000,180593.97365454168,true
video,180593987864958,1000000000,180593.98689333335,true
audio,180593955995458,1000000000,180593.99492495836,true
video,180594004531583,1000000000,180594.00366558335,true
audio,180593975995458,1000000000,180594.01622241669,true
video,180594021198125,1000000000,180594.02053020833,true
audio,180593995995416,1000000000,180594.03757204168,true
video,180594037864750,1000000000,180594.03804608335,true
video,180594062864625,1000000000,180594.05830858334,true
audio,180594015995458,1000000000,180594.058855375,true
video,180594079531250,1000000000,180594.0758792917,true
audio,180594035995458,1000000000,180594.08026504167,true
video,180594096197833,1000000000,180594.09294383336,true
audio,180594055995416,1000000000,180594.10157708335,true
audio,180594075995458,1000000000,180594.10160529168,true
video,180594112864416,1000000000,180594.11073320833,true
audio,180594095995458,1000000000,180594.12292554168,true
video,180594129531041,1000000000,180594.12811595833,true
audio,180594115995458,1000000000,180594.14427308334,true
video,180594146197625,1000000000,180594.14514058334,true
video,180594162864250,1000000000,180594.16207458335,true
audio,180594135995458,1000000000,180594.16563291667,true
video,180594179530833,1000000000,180594.179788,true
audio,180594155995458,1000000000,180594.186916375,true
video,180594204530750,1000000000,180594.20117137503,true
audio,180594175995458,1000000000,180594.20820795835,true
video,180594221197333,1000000000,180594.2182550417,true
audio,180594195995458,1000000000,180594.22962295834,true
video,180594237863958,1000000000,180594.2358522917,true
audio,180594215995416,1000000000,180594.25091416668,true
video,180594254530500,1000000000,180594.25348345833,true
video,180594271197083,1000000000,180594.27114404168,true
audio,180594235995458,1000000000,180594.27227579168,true
video,180594287863708,1000000000,180594.28792587502,true
audio,180594255995458,1000000000,180594.29357270835,true
video,180594304530291,1000000000,180594.30477195836,true
audio,180594275995416,1000000000,180594.31487445833,true
video,180594321196875,1000000000,180594.32136200002,true
audio,180594295995458,1000000000,180594.33624408333,true
video,180594337863458,1000000000,180594.33811770834,true
audio,180594315995458,1000000000,180594.3575990417,true
video,180594362863333,1000000000,180594.359185125,true
video,180594379530000,1000000000,180594.37625950002,true
audio,180594335995458,1000000000,180594.3789419167,true
video,180594396196500,1000000000,180594.39363587502,true
audio,180594355995458,1000000000,180594.40025591667,true
video,180594412863125,1000000000,180594.4107692917,true
audio,180594375995458,1000000000,180594.42160629167,true
audio,180594395995458,1000000000,180594.42164437502,true
video,180594429529708,1000000000,180594.42750020835,true
audio,180594415995458,1000000000,180594.44293620833,true
video,180594446196291,1000000000,180594.44490425,true
video,180594462862916,1000000000,180594.46165975,true
audio,180594435995458,1000000000,180594.46418979167,true
video,180594479529500,1000000000,180594.47957320834,true
audio,180594455995458,1000000000,180594.48575995833,true
video,180594496196083,1000000000,180594.49637537502,true
audio,180594475995458,1000000000,180594.50698345836,true
video,180594512862708,1000000000,180594.513091875,true
audio,180594495995416,1000000000,180594.528360375,true
video,180594529529333,1000000000,180594.52975620836,true
audio,180594515995458,1000000000,180594.549563125,true
video,180594562862458,1000000000,180594.5634225,true
audio,180594535995458,1000000000,180594.57090054167,true
video,180594587862375,1000000000,180594.58411383335,true
audio,180594555995416,1000000000,180594.59229783335,true
video,180594604528958,1000000000,180594.60167366668,true
audio,180594575995458,1000000000,180594.61365170835,true
video,180594621195541,1000000000,180594.619707875,true
audio,180594595995458,1000000000,180594.63498241667,true
video,180594637862166,1000000000,180594.63642779167,true
video,180594654528791,1000000000,180594.653243625,true
audio,180594615995458,1000000000,180594.65618075,true
video,180594671195375,1000000000,180594.67063200002,true
audio,180594635995458,1000000000,180594.6775910417,true
video,180594687861958,1000000000,180594.68795983333,true
audio,180594655995458,1000000000,180594.69896933335,true
video,180594704528583,1000000000,180594.7048765,true
audio,180594675995458,1000000000,180594.720267125,true
video,180594729528458,1000000000,180594.72493145833,true
audio,180594695995458,1000000000,180594.74162175,true
video,180594746195041,1000000000,180594.7424109167,true
video,180594762861666,1000000000,180594.75975329167,true
audio,180594715995416,1000000000,180594.76290525,true
video,180594779528250,1000000000,180594.77722570836,true
audio,180594735995458,1000000000,180594.78428870835,true
audio,180594755995458,1000000000,180594.78434812502,true
video,180594796194833,1000000000,180594.79401033334,true
audio,180594775995416,1000000000,180594.80564525002,true
video,180594812861416,1000000000,180594.81074012502,true
audio,180594795995458,1000000000,180594.826898375,true
video,180594829528041,1000000000,180594.82813954167,true
video,180594846194625,1000000000,180594.84504500002,true
audio,180594815995458,1000000000,180594.84821270834,true
video,180594862861166,1000000000,180594.8622125,true
audio,180594835995458,1000000000,180594.86957112502,true
video,180594879527791,1000000000,180594.87953808333,true
audio,180594855995458,1000000000,180594.89092266667,true
video,180594896194375,1000000000,180594.89627391667,true
audio,180594875995458,1000000000,180594.91228504168,true
video,180594912861000,1000000000,180594.91297341668,true
video,180594937860875,1000000000,180594.93282879167,true
audio,180594895995458,1000000000,180594.93355866667,true
video,180594954527458,1000000000,180594.95052633336,true
audio,180594915995458,1000000000,180594.9549945,true
video,180594971194041,1000000000,180594.96771479168,true
audio,180594935995458,1000000000,180594.9762885417,true
video,180594987860625,1000000000,180594.98557895835,true
audio,180594955995458,1000000000,180594.99755,true
video,180595004527250,1000000000,180595.00235925,true
audio,180594975995458,1000000000,180595.01894883334,true
video,180595021193833,1000000000,180595.01906175,true
video,180595037860458,1000000000,180595.03670233334,true
audio,180594995995416,1000000000,180595.04028520835,true
video,180595054527083,1000000000,180595.054138625,true
audio,180595015995458,1000000000,180595.061694375,true
video,180595071193625,1000000000,180595.07081029168,true
audio,180595035995458,1000000000,180595.08295129167,true
video,180595087860250,1000000000,180595.08800383334,true
audio,180595055995416,1000000000,180595.10431275002,true
audio,180595075995458,1000000000,180595.10435916667,true
video,180595104526875,1000000000,180595.10465287502,true
video,180595129526750,1000000000,180595.12424654167,true
audio,180595095995458,1000000000,180595.12554875002,true
video,180595137860041,1000000000,180595.14147708335,true
audio,180595115995458,1000000000,180595.146929,true
video,180595162859875,1000000000,180595.159152125,true
audio,180595135995458,1000000000,180595.16829333335,true
video,180595179526500,1000000000,180595.17611662502,true
audio,180595155995458,1000000000,180595.18958275,true
video,180595196193083,1000000000,180595.19305766668,true
video,180595212859708,1000000000,180595.20989520833,true
audio,180595175995458,1000000000,180595.2108875,true
video,180595229526291,1000000000,180595.22725783335,true
audio,180595195995458,1000000000,180595.23223941668,true
video,180595246192875,1000000000,180595.24446916668,true
audio,180595215995416,1000000000,180595.25366370834,true
video,180595262859500,1000000000,180595.26213033334,true
audio,180595235995458,1000000000,180595.27493075002,true
video,180595279526125,1000000000,180595.27941379166,true
audio,180595255995458,1000000000,180595.29624779167,true
video,180595296192750,1000000000,180595.296661125,true
video,180595312859291,1000000000,180595.31333383336,true
audio,180595275995416,1000000000,180595.31764541668,true
video,180595337859208,1000000000,180595.33325866668,true
audio,180595295995458,1000000000,180595.33892541667,true
video,180595354525791,1000000000,180595.35020491667,true
audio,180595315995458,1000000000,180595.36024541667,true
video,180595371192375,1000000000,180595.36777620835,true
audio,180595335995458,1000000000,180595.38154320835,true
video,180595387859000,1000000000,180595.38456045833,true
video,180595396192250,1000000000,180595.40152233336,true
audio,180595355995458,1000000000,180595.402868125,true
video,180595421192083,1000000000,180595.41899137502,true
audio,180595375995458,1000000000,180595.42430258336,true
audio,180595395995458,1000000000,180595.4243456667,true
video,180595437858708,1000000000,180595.4366076667,true
audio,180595415995458,1000000000,180595.44566441668,true
video,180595454525333,1000000000,180595.45366433336,true
audio,180595435995458,1000000000,180595.46691466667,true
video,180595471191916,1000000000,180595.47088600002,true
video,180595487858500,1000000000,180595.48805183335,true
audio,180595455995458,1000000000,180595.48819245835,true
video,180595504525125,1000000000,180595.50479825,true
audio,180595475995458,1000000000,180595.50959200002,true
video,180595529525041,1000000000,180595.52503908335,true
audio,180595495995416,1000000000,180595.5308845417,true
video,180595546191583,1000000000,180595.541657375,true
audio,180595515995458,1000000000,180595.55225520834,true
video,180595562858166,1000000000,180595.559478,true
audio,180595535995458,1000000000,180595.5735936667,true
video,180595579524791,1000000000,180595.577066125,true
video,180595596191375,1000000000,180595.594286625,true
audio,180595555995416,1000000000,180595.59483295833,true
video,180595612857958,1000000000,180595.61109362502,true
audio,180595575995458,1000000000,180595.61624683335,true
video,180595629524583,1000000000,180595.62821891668,true
audio,180595595995458,1000000000,180595.63763466667,true
video,180595646191166,1000000000,180595.64574304168,true
audio,180595615995458,1000000000,180595.65892654168,true
video,180595662857791,1000000000,180595.66303195833,true
video,180595679524375,1000000000,180595.67968270835,true
audio,180595635995458,1000000000,180595.68014241668,true
video,180595704524291,1000000000,180595.69976383334,true
audio,180595655995458,1000000000,180595.70158033335,true
video,180595721190875,1000000000,180595.71766108336,true
audio,180595675995458,1000000000,180595.72295575,true
video,180595737857458,1000000000,180595.73552837502,true
audio,180595695995458,1000000000,180595.74423887502,true
video,180595754524083,1000000000,180595.75223462502,true
audio,180595715995416,1000000000,180595.76565850002,true
video,180595771190708,1000000000,180595.76915154167,true
audio,180595735995458,1000000000,180595.78688066668,true
audio,180595755995458,1000000000,180595.78691779167,true
video,180595787857250,1000000000,180595.78698729168,true
video,180595804523833,1000000000,180595.804219,true
audio,180595775995416,1000000000,180595.80821400002,true
video,180595821190416,1000000000,180595.82147483336,true
audio,180595795995458,1000000000,180595.8296172917,true
video,180595846190333,1000000000,180595.84133608334,true
audio,180595815995458,1000000000,180595.850954625,true
video,180595862856916,1000000000,180595.85911916668,true
audio,180595835995458,1000000000,180595.87223658335,true
video,180595879523541,1000000000,180595.87594175,true
video,180595896190125,1000000000,180595.89282104166,true
audio,180595855995458,1000000000,180595.89351983333,true
video,180595912856750,1000000000,180595.91083695836,true
audio,180595875995458,1000000000,180595.914831,true
video,180595929523291,1000000000,180595.9281717917,true
audio,180595895995458,1000000000,180595.93626675,true
video,180595946189875,1000000000,180595.94530495835,true
audio,180595915995458,1000000000,180595.95763908335,true
video,180595962856500,1000000000,180595.96240045835,true
audio,180595935995458,1000000000,180595.97894908334,true
video,180595979523083,1000000000,180595.97919275,true
video,180595996189666,1000000000,180595.99623575,true
audio,180595955995458,1000000000,180596.00021333335,true
video,180596012856291,1000000000,180596.01312720834,true
audio,180595975995458,1000000000,180596.02163683335,true
video,180596029522875,1000000000,180596.0297835417,true
audio,180595995995416,1000000000,180596.0429615,true
video,180596054522750,1000000000,180596.05003083334,true
audio,180596015995458,1000000000,180596.064240125,true
video,180596071189333,1000000000,180596.06657925,true
video,180596087855958,1000000000,180596.08462129167,true
audio,180596035995458,1000000000,180596.08553845834,true
video,180596104522541,1000000000,180596.1013351667,true
audio,180596055995416,1000000000,180596.106994375,true
audio,180596075995458,1000000000,180596.10705895835,true
video,180596121189125,1000000000,180596.11910158335,true
audio,180596095995458,1000000000,180596.128214875,true
video,180596137855750,1000000000,180596.13602325,true
audio,180596115995458,1000000000,180596.14955470833,true
video,180596154522333,1000000000,180596.15277900003,true
video,180596171188958,1000000000,180596.17037179167,true
audio,180596135995458,1000000000,180596.170916375,true
video,180596187855541,1000000000,180596.18730470835,true
audio,180596155995458,1000000000,180596.19227083336,true
video,180596204522166,1000000000,180596.2047242917,true
audio,180596175995458,1000000000,180596.21355641668,true
video,180596229522041,1000000000,180596.22503658335,true
audio,180596195995458,1000000000,180596.23493595835,true
video,180596246188625,1000000000,180596.241489,true
audio,180596215995416,1000000000,180596.25626670834,true
video,180596262855250,1000000000,180596.25922675,true
video,180596279521833,1000000000,180596.276233,true
audio,180596235995458,1000000000,180596.27761129168,true
video,180596296188416,1000000000,180596.29341254168,true
audio,180596255995458,1000000000,180596.29895583334,true
video,180596312855000,1000000000,180596.31104,true
audio,180596275995416,1000000000,180596.32024958334,true
video,180596329521625,1000000000,180596.32789045834,true
audio,180596295995458,1000000000,180596.34154891668,true
video,180596346188208,1000000000,180596.34523579167,true
video,180596362854791,1000000000,180596.36214291668,true
audio,180596315995458,1000000000,180596.36285925002,true
video,180596379521416,1000000000,180596.37975070835,true
audio,180596335995458,1000000000,180596.38430583334,true
video,180596396188000,1000000000,180596.39651037502,true
audio,180596355995458,1000000000,180596.40563108335,true
video,180596421187916,1000000000,180596.41684570836,true
audio,180596375995458,1000000000,180596.42693254168,true
audio,180596395995458,1000000000,180596.42698000002,true
video,180596437854500,1000000000,180596.4335191667,true
audio,180596415995458,1000000000,180596.44828491667,true
video,180596454521125,1000000000,180596.45036370834,true
video,180596471187708,1000000000,180596.46846679167,true
audio,180596435995458,1000000000,180596.46957387502,true
video,180596487854250,1000000000,180596.4862116667,true
audio,180596455995458,1000000000,180596.49098245834,true
video,180596504520875,1000000000,180596.5038505417,true
audio,180596475995458,1000000000,180596.51224066666,true
video,180596521187458,1000000000,180596.52061487501,true
audio,180596495995416,1000000000,180596.53354075,true
video,180596537854083,1000000000,180596.537916125,true
video,180596554520625,1000000000,180596.55473708335,true
audio,180596515995458,1000000000,180596.55492341667,true
video,180596571187208,1000000000,180596.57162066668,true
audio,180596535995458,1000000000,180596.57625283336,true
video,180596596187166,1000000000,180596.5915577917,true
audio,180596555995416,1000000000,180596.59753991666,true
video,180596612853750,1000000000,180596.60927091667,true
audio,180596575995458,1000000000,180596.61891337502,true
video,180596629520333,1000000000,180596.6266835,true
audio,180596595995458,1000000000,180596.64030325002,true
video,180596646186916,1000000000,180596.64410075,true
video,180596662853500,1000000000,180596.66157920833,true
audio,180596615995458,1000000000,180596.66162991666,true
audio,180596635995458,1000000000,180596.6722095417,true
video,180596679520125,1000000000,180596.678985125,true
audio,180596655995458,1000000000,180596.69361195836,true
video,180596696186750,1000000000,180596.69640508335,true
video,180596712853375,1000000000,180596.71300241668,true
audio,180596675995458,1000000000,180596.71489304167,true
video,180596729519916,1000000000,180596.72972045833,true
audio,180596695995458,1000000000,180596.73624958334,true
video,180596754519875,1000000000,180596.74987758335,true
audio,180596715995416,1000000000,180596.757556625,true
video,180596771186458,1000000000,180596.76673791668,true
audio,180596735995458,1000000000,180596.77895241667,true
audio,180596755995458,1000000000,180596.77899929168,true
video,180596787853000,1000000000,180596.78494100002,true
audio,180596775995416,1000000000,180596.80022945834,true
video,180596804519625,1000000000,180596.80248904167,true
video,180596821186166,1000000000,180596.81999275,true
audio,180596795995458,1000000000,180596.821548,true
video,180596837852791,1000000000,180596.83678895835,true
audio,180596815995458,1000000000,180596.84295658334,true
video,180596854519375,1000000000,180596.854051625,true
audio,180596835995458,1000000000,180596.86418658335,true
video,180596871185958,1000000000,180596.87155616668,true
audio,180596855995458,1000000000,180596.88556358335,true
video,180596896185875,1000000000,180596.89119525,true
audio,180596875995458,1000000000,180596.90683916668,true
video,180596912852458,1000000000,180596.90957808334,true
video,180596929519083,1000000000,180596.92761816666,true
audio,180596895995458,1000000000,180596.92823970833,true
video,180596946185666,1000000000,180596.94495245835,true
audio,180596915995458,1000000000,180596.94957029168,true
video,180596962852291,1000000000,180596.96168354168,true
audio,180596935995458,1000000000,180596.97092491668,true
video,180596979518875,1000000000,180596.9795337917,true
audio,180596955995458,1000000000,180596.99223554166,true
video,180596996185458,1000000000,180596.99633833335,true
audio,180596975995458,1000000000,180597.01363620834,true
video,180597021185333,1000000000,180597.01646145835,true
video,180597037851916,1000000000,180597.03402945836,true
audio,180596995995416,1000000000,180597.03492458333,true
video,180597054518500,1000000000,180597.05110858334,true
audio,180597015995458,1000000000,180597.05620495835,true
video,180597071185083,1000000000,180597.06891708335,true
audio,180597035995458,1000000000,180597.07757291666,true
video,180597087851708,1000000000,180597.08568758334,true
audio,180597055995416,1000000000,180597.09895512502,true
audio,180597075995458,1000000000,180597.09903191667,true
video,180597104518291,1000000000,180597.10274212502,true
video,180597121184875,1000000000,180597.11968208334,true
audio,180597095995458,1000000000,180597.12027841667,true
video,180597137851500,1000000000,180597.13674487502,true
audio,180597115995458,1000000000,180597.1416,true
video,180597154518083,1000000000,180597.15398370835,true
audio,180597135995458,1000000000,180597.16291975,true
video,180597171184666,1000000000,180597.17123137502,true
audio,180597155995458,1000000000,180597.18427625002,true
video,180597187851291,1000000000,180597.18801175,true
video,180597204517916,1000000000,180597.20463504168,true
audio,180597175995458,1000000000,180597.205599,true
video,180597221184500,1000000000,180597.22135270835,true
audio,180597195995458,1000000000,180597.22692979168,true
video,180597246184375,1000000000,180597.2414667917,true
audio,180597215995416,1000000000,180597.24835587502,true
video,180597262851041,1000000000,180597.25908783334,true
audio,180597235995458,1000000000,180597.26955116668,true
video,180597279517583,1000000000,180597.2760454167,true
audio,180597255995458,1000000000,180597.29089608334,true
video,180597296184125,1000000000,180597.29362920835,true
video,180597312850750,1000000000,180597.31149479168,true
audio,180597275995416,1000000000,180597.312232875,true
video,180597329517375,1000000000,180597.32842675,true
audio,180597295995458,1000000000,180597.33358145834,true
video,180597346183958,1000000000,180597.345731125,true
audio,180597315995458,1000000000,180597.35496470836,true
video,180597362850541,1000000000,180597.36296520833,true
audio,180597335995458,1000000000,180597.376207375,true
video,180597379517166,1000000000,180597.37970625,true
video,180597396183750,1000000000,180597.3964971667,true
audio,180597355995458,1000000000,180597.39753087502,true
video,180597421183625,1000000000,180597.41631604166,true
audio,180597375995458,1000000000,180597.41890108335,true
audio,180597395995458,1000000000,180597.4189530417,true
video,180597437850250,1000000000,180597.433226625,true
audio,180597415995458,1000000000,180597.44023279168,true
video,180597454516916,1000000000,180597.45095383335,true
audio,180597435995458,1000000000,180597.46160550002,true
video,180597471183458,1000000000,180597.46786133334,true
audio,180597455995458,1000000000,180597.48296220833,true
video,180597487850041,1000000000,180597.4857445417,true
video,180597504516708,1000000000,180597.50362995834,true
audio,180597475995458,1000000000,180597.50416233335,true
video,180597521183250,1000000000,180597.52139679168,true
audio,180597495995416,1000000000,180597.525548375,true
video,180597537849833,1000000000,180597.53938200002,true
audio,180597515995458,1000000000,180597.546872375,true
video,180597554516458,1000000000,180597.55623058334,true
audio,180597535995458,1000000000,180597.568216,true
video,180597571183000,1000000000,180597.57417208335,true
audio,180597555995416,1000000000,180597.58954254168,true
video,180597587849625,1000000000,180597.5912667917,true
video,180597604516208,1000000000,180597.60968683334,true
audio,180597575995458,1000000000,180597.61085,true
video,180597629516041,1000000000,180597.6274401667,true
audio,180597595995458,1000000000,180597.63229550002,true
video,180597646182708,1000000000,180597.64420354168,true
audio,180597615995458,1000000000,180597.6536095,true
video,180597662849291,1000000000,180597.66101279168,true
audio,180597635995458,1000000000,180597.67495941668,true
video,180597679515916,1000000000,180597.67822354168,true
video,180597696182458,1000000000,180597.69518200002,true
audio,180597655995458,1000000000,180597.69620016668,true
video,180597712849083,1000000000,180597.71206354166,true
audio,180597675995458,1000000000,180597.71757433334,true
video,180597729515666,1000000000,180597.729778625,true
audio,180597695995458,1000000000,180597.73890933333,true
video,180597746182291,1000000000,180597.746602125,true
audio,180597715995416,1000000000,180597.760233375,true
video,180597771182166,1000000000,180597.76793716667,true
audio,180597735995458,1000000000,180597.78161612502,true
audio,180597755995458,1000000000,180597.78166916667,true
video,180597787848750,1000000000,180597.78549808334,true
video,180597804515375,1000000000,180597.8021972917,true
audio,180597775995416,1000000000,180597.80288754168,true
video,180597821182000,1000000000,180597.81981570835,true
audio,180597795995458,1000000000,180597.82429037502,true
video,180597837848583,1000000000,180597.8371430417,true
audio,180597815995458,1000000000,180597.845634875,true
video,180597854515208,1000000000,180597.85451258335,true
audio,180597835995458,1000000000,180597.866950875,true
video,180597871181750,1000000000,180597.871159625,true
video,180597887848375,1000000000,180597.887968375,true
audio,180597855995458,1000000000,180597.88820583335,true
video,180597904514958,1000000000,180597.90477762502,true
audio,180597875995458,1000000000,180597.90959816668,true
video,180597921181541,1000000000,180597.92156508335,true
audio,180597895995458,1000000000,180597.93086416667,true
video,180597946181416,1000000000,180597.94129920835,true
audio,180597915995458,1000000000,180597.95227545834,true
video,180597962848041,1000000000,180597.95824179167,true
audio,180597935995458,1000000000,180597.973544125,true
video,180597979514625,1000000000,180597.97584466668,true
video,180597996181208,1000000000,180597.99281441668,true
audio,180597955995458,1000000000,180597.99485845835,true
video,180598012847833,1000000000,180598.00977725,true
audio,180597975995458,1000000000,180598.016347625,true
video,180598029514458,1000000000,180598.02658941667,true
audio,180597995995416,1000000000,180598.03759970833,true
video,180598046181000,1000000000,180598.04378920834,true
audio,180598015995458,1000000000,180598.05886858335,true
video,180598062847625,1000000000,180598.06055829168,true
video,180598079514250,1000000000,180598.07825475,true
audio,180598035995458,1000000000,180598.08015179168,true
video,180598096180833,1000000000,180598.09521341667,true
audio,180598055995416,1000000000,180598.101615875,true
audio,180598075995458,1000000000,180598.10165754167,true
video,180598112847375,1000000000,180598.112036625,true
audio,180598095995458,1000000000,180598.1229227917,true
video,180598129514000,1000000000,180598.12883308335,true
audio,180598115995458,1000000000,180598.14424283334,true
video,180598146180583,1000000000,180598.14574537502,true
video,180598162847166,1000000000,180598.16304183335,true
audio,180598135995458,1000000000,180598.1656415,true
video,180598179513833,1000000000,180598.179691625,true
audio,180598155995458,1000000000,180598.18689875002,true
video,180598204513750,1000000000,180598.19995720836,true
audio,180598175995458,1000000000,180598.2082441667,true
video,180598221180291,1000000000,180598.217746,true
audio,180598195995458,1000000000,180598.22959654167,true
video,180598237846875,1000000000,180598.23460045835,true
audio,180598215995416,1000000000,180598.25096600002,true
video,180598254513500,1000000000,180598.25164016668,true
video,180598271180125,1000000000,180598.26917887502,true
audio,180598235995458,1000000000,180598.27223958334,true
video,180598287846666,1000000000,180598.285734,true
audio,180598255995458,1000000000,180598.2935785417,true
video,180598304513291,1000000000,180598.30285420833,true
audio,180598275995416,1000000000,180598.31489483334,true
video,180598321179875,1000000000,180598.32044716668,true
audio,180598295995458,1000000000,180598.33626908335,true
video,180598337846500,1000000000,180598.33802533333,true
video,180598354513041,1000000000,180598.3547585,true
audio,180598315995458,1000000000,180598.3576445,true
video,180598371179625,1000000000,180598.37139641668,true
audio,180598335995458,1000000000,180598.37887991668,true
video,180598396179541,1000000000,180598.39140383335,true
audio,180598355995458,1000000000,180598.40023208334,true
video,180598412846083,1000000000,180598.40941712502,true
audio,180598375995458,1000000000,180598.42160095833,true
audio,180598395995458,1000000000,180598.42165770836,true
video,180598429512750,1000000000,180598.42615629168,true
audio,180598415995458,1000000000,180598.44295908333,true
video,180598446179333,1000000000,180598.443723875,true
video,180598462845958,1000000000,180598.46091275002,true
audio,180598435995458,1000000000,180598.46424583334,true
video,180598479512541,1000000000,180598.47761883333,true
audio,180598455995458,1000000000,180598.48558891666,true
video,180598496179125,1000000000,180598.49450287502,true
audio,180598475995458,1000000000,180598.50692120835,true
video,180598512845750,1000000000,180598.51222058333,true
audio,180598495995416,1000000000,180598.528174875,true
video,180598521179041,1000000000,180598.5298411667,true
video,180598537845625,1000000000,180598.54638512502,true
audio,180598515995458,1000000000,180598.54958933336,true
video,180598554513416,1000000000,180598.56305158333,true
audio,180598535995458,1000000000,180598.57091912502,true
video,180598579512125,1000000000,180598.58033125,true
audio,180598555995416,1000000000,180598.59223658335,true
video,180598596178750,1000000000,180598.59760550002,true
audio,180598575995458,1000000000,180598.6136229167,true
video,180598612845333,1000000000,180598.61484350002,true
video,180598637845208,1000000000,180598.63328204167,true
audio,180598595995458,1000000000,180598.63489633336,true
video,180598646178500,1000000000,180598.65130075,true
audio,180598615995458,1000000000,180598.6562135,true
video,180598662845083,1000000000,180598.66828954167,true
audio,180598635995458,1000000000,180598.67756500002,true
video,180598679511708,1000000000,180598.68552262502,true
audio,180598655995458,1000000000,180598.69890558335,true
video,180598696178291,1000000000,180598.702785625,true
video,180598721178125,1000000000,180598.72021395835,true
audio,180598675995458,1000000000,180598.72027229168,true
video,180598737844791,1000000000,180598.73830508333,true
audio,180598695995458,1000000000,180598.7416235417,true
video,180598754511375,1000000000,180598.7549090417,true
audio,180598715995416,1000000000,180598.76290120833,true
video,180598779511208,1000000000,180598.77462150002,true
audio,180598735995458,1000000000,180598.78422666667,true
audio,180598755995458,1000000000,180598.78428179168,true
video,180598796177875,1000000000,180598.793709875,true
audio,180598775995416,1000000000,180598.80554075,true
video,180598812844458,1000000000,180598.81087325,true
audio,180598795995458,1000000000,180598.82695395834,true
video,180598829511041,1000000000,180598.82815654168,true
video,180598846177666,1000000000,180598.84598166667,true
audio,180598815995458,1000000000,180598.8481852917,true
video,180598862844250,1000000000,180598.8624990417,true
audio,180598835995458,1000000000,180598.8695845,true
video,180598879510875,1000000000,180598.879251875,true
audio,180598855995458,1000000000,180598.89089116667,true
video,180598896177458,1000000000,180598.89630445835,true
audio,180598875995458,1000000000,180598.9122220417,true
video,180598912844041,1000000000,180598.913326125,true
video,180598937843958,1000000000,180598.93295566668,true
audio,180598895995458,1000000000,180598.93355925,true
video,180598954510541,1000000000,180598.94998175002,true
audio,180598915995458,1000000000,180598.95493229167,true
video,180598971177166,1000000000,180598.96793495835,true
audio,180598935995458,1000000000,180598.97621583333,true
video,180598987843750,1000000000,180598.98546316667,true
audio,180598955995458,1000000000,180598.99760029168,true
video,180599004510375,1000000000,180599.00332479167,true
audio,180598975995458,1000000000,180599.018954625,true
video,180599021176958,1000000000,180599.02042125002,true
video,180599037843541,1000000000,180599.03693641667,true
audio,180598995995416,1000000000,180599.04033483335,true
video,180599054510208,1000000000,180599.05381937503,true
audio,180599015995458,1000000000,180599.06154679167,true
video,180599071176750,1000000000,180599.07054279168,true
audio,180599035995458,1000000000,180599.08294245834,true
video,180599087843333,1000000000,180599.08743241668,true
audio,180599055995416,1000000000,180599.10424279168,true
audio,180599075995458,1000000000,180599.1042835,true
video,180599104509916,1000000000,180599.1047246667,true
video,180599121176500,1000000000,180599.12138687502,true
audio,180599095995458,1000000000,180599.1256019167,true
video,180599137843125,1000000000,180599.13829570834,true
audio,180599115995458,1000000000,180599.14692366667,true
video,180599162843000,1000000000,180599.15832091667,true
audio,180599135995458,1000000000,180599.16827320834,true
video,180599179509666,1000000000,180599.17569054168,true
audio,180599155995458,1000000000,180599.18961820836,true
video,180599196176208,1000000000,180599.192573125,true
video,180599212842833,1000000000,180599.21054791668,true
audio,180599175995458,1000000000,180599.21088416668,true
video,180599229509375,1000000000,180599.22729070834,true
audio,180599195995458,1000000000,180599.23229654168,true
video,180599246175958,1000000000,180599.24458045835,true
audio,180599215995416,1000000000,180599.25376366667,true
video,180599262842583,1000000000,180599.2617925,true
audio,180599235995458,1000000000,180599.27499083334,true
video,180599279509208,1000000000,180599.27945583334,true
audio,180599255995458,1000000000,180599.29627700002,true
video,180599296175750,1000000000,180599.29639950002,true
video,180599312842375,1000000000,180599.31309195835,true
audio,180599275995416,1000000000,180599.31757775001,true
video,180599337842250,1000000000,180599.33276745834,true
audio,180599295995458,1000000000,180599.33889912502,true
video,180599354508875,1000000000,180599.34981625,true
audio,180599315995458,1000000000,180599.360346375,true
video,180599371175458,1000000000,180599.36752358335,true
audio,180599335995458,1000000000,180599.38158970836,true
video,180599387842083,1000000000,180599.38424870835,true
video,180599404508708,1000000000,180599.401778125,true
audio,180599355995458,1000000000,180599.40288291668,true
video,180599421175250,1000000000,180599.41875408334,true
audio,180599375995458,1000000000,180599.42423458333,true
audio,180599395995458,1000000000,180599.42430145835,true
video,180599437841916,1000000000,180599.43573108336,true
audio,180599415995458,1000000000,180599.44559370834,true
video,180599454508458,1000000000,180599.45251291667,true
audio,180599435995458,1000000000,180599.466923,true
video,180599471175083,1000000000,180599.46948404168,true
video,180599487841666,1000000000,180599.48634208334,true
audio,180599455995458,1000000000,180599.48819133334,true
video,180599504508333,1000000000,180599.50380075,true
audio,180599475995458,1000000000,180599.50961470834,true
video,180599521174875,1000000000,180599.521046375,true
audio,180599495995416,1000000000,180599.5308651667,true
audio,180599515995458,1000000000,180599.55224558336,true
video,180599546174708,1000000000,180599.55480800002,true
video,180599562841375,1000000000,180599.57153770834,true
audio,180599535995458,1000000000,180599.5736277917,true
video,180599596174541,1000000000,180599.59054783333,true
audio,180599555995416,1000000000,180599.59491604168,true
video,180599612841125,1000000000,180599.6071714167,true
audio,180599575995458,1000000000,180599.6162446667,true
video,180599629507750,1000000000,180599.62388491668,true
audio,180599595995458,1000000000,180599.63757045835,true
video,180599646174333,1000000000,180599.64165383336,true
video,180599662840916,1000000000,180599.65848358333,true
audio,180599615995458,1000000000,180599.65884400002,true
video,180599679507583,1000000000,180599.67530970834,true
audio,180599635995458,1000000000,180599.68020691667,true
video,180599696174166,1000000000,180599.69307525002,true
audio,180599655995458,1000000000,180599.70159091667,true
video,180599712840708,1000000000,180599.71084533335,true
audio,180599675995458,1000000000,180599.72294537502,true
video,180599729507333,1000000000,180599.72882400002,true
audio,180599695995458,1000000000,180599.74427683334,true
video,180599746173875,1000000000,180599.745421125,true
video,180599762840541,1000000000,180599.76312975,true
audio,180599715995416,1000000000,180599.76551925,true
video,180599779507083,1000000000,180599.779944125,true
audio,180599735995458,1000000000,180599.78693595834,true
audio,180599755995458,1000000000,180599.78698616667,true
video,180599804507041,1000000000,180599.80014758333,true
audio,180599775995416,1000000000,180599.8083236667,true
video,180599821173583,1000000000,180599.81790312502,true
audio,180599795995458,1000000000,180599.82965712502,true
video,180599837840166,1000000000,180599.83460083333,true
audio,180599815995458,1000000000,180599.85088066667,true
video,180599854506791,1000000000,180599.85198270835,true
video,180599871173375,1000000000,180599.86914995834,true
audio,180599835995458,1000000000,180599.872264375,true
video,180599887840041,1000000000,180599.88707358335,true
audio,180599855995458,1000000000,180599.89357412502,true
video,180599904506583,1000000000,180599.90409075,true
audio,180599875995458,1000000000,180599.91494241668,true
video,180599921173166,1000000000,180599.92122295834,true
audio,180599895995458,1000000000,180599.93628333334,true
video,180599937839791,1000000000,180599.938219875,true
audio,180599915995458,1000000000,180599.95755050002,true
video,180599962839666,1000000000,180599.95841208333,true
video,180599979506291,1000000000,180599.97610633334,true
audio,180599935995458,1000000000,180599.9788844167,true
video,180599996172875,1000000000,180599.99408525001,true
audio,180599955995458,1000000000,180600.00018,true
video,180600012839500,1000000000,180600.01088041667,true
audio,180599975995458,1000000000,180600.02161095836,true
video,180600021172791,1000000000,180600.028567125,true
audio,180599995995416,1000000000,180600.0429285,true
video,180600046172625,1000000000,180600.0462575417,true
video,180600062839291,1000000000,180600.06309183335,true
audio,180600015995458,1000000000,180600.06427741668,true
video,180600079505875,1000000000,180600.0799485,true
audio,180600035995458,1000000000,180600.08561233335,true
video,180600104505791,1000000000,180600.09987308335,true
audio,180600055995416,1000000000,180600.10686216666,true
audio,180600075995458,1000000000,180600.10690054166,true
video,180600121172333,1000000000,180600.11683075002,true
audio,180600095995458,1000000000,180600.12821179169,true
video,180600137838958,1000000000,180600.13440475002,true
audio,180600115995458,1000000000,180600.14966712502,true
video,180600154505541,1000000000,180600.15123420834,true
video,180600171172166,1000000000,180600.16908845835,true
audio,180600135995458,1000000000,180600.1708945417,true
video,180600187838791,1000000000,180600.18606025,true
audio,180600155995458,1000000000,180600.19224595834,true
video,180600204505375,1000000000,180600.202578875,true
audio,180600175995458,1000000000,180600.21364870833,true
video,180600221171958,1000000000,180600.22001629169,true
audio,180600195995458,1000000000,180600.234888375,true
video,180600237838583,1000000000,180600.23693420834,true
video,180600254505166,1000000000,180600.25384891668,true
audio,180600215995416,1000000000,180600.256252625,true
video,180600271171708,1000000000,180600.27047420834,true
audio,180600235995458,1000000000,180600.27759433334,true
video,180600287838291,1000000000,180600.28719783336,true
audio,180600255995458,1000000000,180600.29889954167,true
video,180600304504916,1000000000,180600.304700125,true
audio,180600275995416,1000000000,180600.32027791667,true
video,180600329504791,1000000000,180600.32463733334,true
video,180600346171375,1000000000,180600.341261875,true
audio,180600295995458,1000000000,180600.34155470834,true
video,180600362838000,1000000000,180600.35830712502,true
audio,180600315995458,1000000000,180600.362929375,true
video,180600379504625,1000000000,180600.3766825,true
audio,180600335995458,1000000000,180600.38423725002,true
video,180600396171208,1000000000,180600.39452066668,true
audio,180600355995458,1000000000,180600.40560258334,true
video,180600412837916,1000000000,180600.41193066668,true
audio,180600375995458,1000000000,180600.426894375,true
audio,180600395995458,1000000000,180600.42693954168,true
video,180600429504500,1000000000,180600.42913783336,true
video,180600446171000,1000000000,180600.44603283334,true
audio,180600415995458,1000000000,180600.44825145835,true
video,180600462837583,1000000000,180600.46326062502,true
audio,180600435995458,1000000000,180600.46959854168,true
video,180600487837500,1000000000,180600.48290616667,true
audio,180600455995458,1000000000,180600.49090575002,true
video,180600504504208,1000000000,180600.50094783335,true
audio,180600475995458,1000000000,180600.51224833334,true
video,180600512837416,1000000000,180600.51763037502,true
audio,180600495995416,1000000000,180600.53359133334,true
video,180600529504000,1000000000,180600.53520679168,true
video,180600546170625,1000000000,180600.55301987502,true
audio,180600515995458,1000000000,180600.55499775,true
video,180600562837208,1000000000,180600.57057079166,true
audio,180600535995458,1000000000,180600.57616650002,true
video,180600579503833,1000000000,180600.58733583335,true
audio,180600555995416,1000000000,180600.59756558333,true
video,180600596170375,1000000000,180600.60447183336,true
audio,180600575995458,1000000000,180600.61891133335,true
video,180600612837000,1000000000,180600.6213819167,true
video,180600629503625,1000000000,180600.6381380417,true
audio,180600595995458,1000000000,180600.64028220833,true
video,180600646170208,1000000000,180600.65488933335,true
audio,180600615995458,1000000000,180600.66161129167,true
audio,180600635995458,1000000000,180600.67220108333,true
video,180600679503541,1000000000,180600.67355858334,true
audio,180600655995458,1000000000,180600.69361437502,true
video,180600712836500,1000000000,180600.70772512502,true
audio,180600675995458,1000000000,180600.7148839167,true
video,180600729503291,1000000000,180600.72686483336,true
audio,180600695995458,1000000000,180600.73622570836,true
video,180600737836500,1000000000,180600.74380754167,true
audio,180600715995416,1000000000,180600.75761145834,true
video,180600762836541,1000000000,180600.76078645836,true
video,180600779503083,1000000000,180600.77839116668,true
audio,180600735995458,1000000000,180600.77881970836,true
audio,180600755995458,1000000000,180600.77884575,true
video,180600796169583,1000000000,180600.79577808335,true
audio,180600775995416,1000000000,180600.80024695833,true
video,180600812836166,1000000000,180600.81270845834,true
audio,180600795995458,1000000000,180600.8215140417,true
video,180600829502750,1000000000,180600.82951850002,true
audio,180600815995458,1000000000,180600.842935625,true
video,180600846169458,1000000000,180600.84627345833,true
video,180600862835958,1000000000,180600.86321870834,true
audio,180600835995458,1000000000,180600.86415733333,true
video,180600887835833,1000000000,180600.88307104167,true
audio,180600855995458,1000000000,180600.8856065,true
video,180600904502416,1000000000,180600.89993216668,true
audio,180600875995458,1000000000,180600.90697983335,true
video,180600921169000,1000000000,180600.9179625417,true
audio,180600895995458,1000000000,180600.92826125002,true
video,180600937835750,1000000000,180600.935464125,true
audio,180600915995458,1000000000,180600.94959025,true
video,180600954502208,1000000000,180600.95297375,true
video,180600971168791,1000000000,180600.970043625,true
audio,180600935995458,1000000000,180600.97089295834,true
video,180600987835541,1000000000,180600.98699704168,true
audio,180600955995458,1000000000,180600.9923645417,true
video,180601004502041,1000000000,180601.00351087502,true
audio,180600975995458,1000000000,180601.01358375,true
video,180601021168625,1000000000,180601.0213142917,true
audio,180600995995416,1000000000,180601.03491845835,true
video,180601037835208,1000000000,180601.03819854168,true
video,180601054501916,1000000000,180601.054809875,true
audio,180601015995458,1000000000,180601.05619004168,true
video,180601079501708,1000000000,180601.07470329167,true
audio,180601035995458,1000000000,180601.0775606667,true
video,180601096168291,1000000000,180601.09140425,true
audio,180601055995416,1000000000,180601.09901045833,true
audio,180601075995458,1000000000,180601.09905125,true
video,180601112834916,1000000000,180601.109038875,true
audio,180601095995458,1000000000,180601.120226625,true
video,180601129501625,1000000000,180601.12607008335,true
audio,180601115995458,1000000000,180601.141578125,true
video,180601146168125,1000000000,180601.14354241668,true
video,180601162834708,1000000000,180601.16069504168,true
audio,180601135995458,1000000000,180601.16288191668,true
video,180601179501416,1000000000,180601.17766583335,true
audio,180601155995458,1000000000,180601.18421487501,true
video,180601196167916,1000000000,180601.19428395835,true
audio,180601175995458,1000000000,180601.205587625,true
video,180601212834500,1000000000,180601.21204879167,true
audio,180601195995458,1000000000,180601.2270040417,true
video,180601229501208,1000000000,180601.22907691667,true
video,180601246167708,1000000000,180601.24585370836,true
audio,180601215995416,1000000000,180601.248231375,true
video,180601262834333,1000000000,180601.26301058335,true
audio,180601235995458,1000000000,180601.26958195833,true
video,180601279500916,1000000000,180601.27992479168,true
audio,180601255995458,1000000000,180601.29091758333,true
video,180601304500958,1000000000,180601.29989879168,true
audio,180601275995416,1000000000,180601.31225320834,true
video,180601321167416,1000000000,180601.317709625,true
audio,180601295995458,1000000000,180601.3335195,true
video,180601337834000,1000000000,180601.33551070833,true
video,180601354500583,1000000000,180601.35321991667,true
audio,180601315995458,1000000000,180601.3548735,true
video,180601371167166,1000000000,180601.3757504167,true
audio,180601335995458,1000000000,180601.37625508333,true
video,180601396167041,1000000000,180601.392598875,true
audio,180601355995458,1000000000,180601.397582,true
video,180601412833666,1000000000,180601.41034508334,true
audio,180601375995458,1000000000,180601.41895954168,true
audio,180601395995458,1000000000,180601.41901066666,true
video,180601429500375,1000000000,180601.42719708334,true
audio,180601415995458,1000000000,180601.44027633333,true
video,180601446166875,1000000000,180601.44439258333,true
video,180601462833583,1000000000,180601.46122033335,true
audio,180601435995458,1000000000,180601.46154458335,true
video,180601479500083,1000000000,180601.47816616666,true
audio,180601455995458,1000000000,180601.48289475002,true
video,180601496166666,1000000000,180601.49553470835,true
audio,180601475995458,1000000000,180601.50426904167,true
video,180601512833250,1000000000,180601.51314033335,true
audio,180601495995416,1000000000,180601.52562779168,true
video,180601529500000,1000000000,180601.52962470835,true
video,180601546166458,1000000000,180601.54679108335,true
audio,180601515995458,1000000000,180601.54687508335,true
video,180601571166541,1000000000,180601.5656015417,true
audio,180601535995458,1000000000,180601.5682035,true
audio,180601555995416,1000000000,180601.5895430417,true
video,180601596166208,1000000000,180601.60023375,true
audio,180601575995458,1000000000,180601.61087941666,true
video,180601612832875,1000000000,180601.61747129168,true
audio,180601595995458,1000000000,180601.63234570835,true
video,180601637832708,1000000000,180601.63496754167,true
audio,180601615995458,1000000000,180601.6536145417,true
video,180601662832583,1000000000,180601.66987154167,true
audio,180601635995458,1000000000,180601.67493195835,true
video,180601687832500,1000000000,180601.68724279167,true
audio,180601655995458,1000000000,180601.696240875,true
video,180601704499208,1000000000,180601.70407658335,true
audio,180601675995458,1000000000,180601.7175235,true
video,180601721165750,1000000000,180601.72149312502,true
audio,180601695995458,1000000000,180601.73889070834,true
video,180601746165791,1000000000,180601.74396420835,true
audio,180601715995416,1000000000,180601.760216375,true
video,180601762832250,1000000000,180601.7618806667,true
video,180601779498833,1000000000,180601.77923783334,true
audio,180601735995458,1000000000,180601.78152033334,true
audio,180601755995458,1000000000,180601.78154754167,true
video,180601796165416,1000000000,180601.796348875,true
audio,180601775995416,1000000000,180601.802948625,true
video,180601812832041,1000000000,180601.813092625,true
audio,180601795995458,1000000000,180601.82430100002,true
video,180601837831916,1000000000,180601.83305204168,true
audio,180601815995458,1000000000,180601.8456019167,true
video,180601854498625,1000000000,180601.85097004168,true
audio,180601835995458,1000000000,180601.8670094167,true
video,180601871165125,1000000000,180601.86775137502,true
video,180601887831750,1000000000,180601.88483375002,true
audio,180601855995458,1000000000,180601.88819529169,true
video,180601904498291,1000000000,180601.90228508334,true
audio,180601875995458,1000000000,180601.909596,true
video,180601921164875,1000000000,180601.919185125,true
audio,180601895995458,1000000000,180601.93092491667,true
video,180601937831500,1000000000,180601.935925875,true
audio,180601915995458,1000000000,180601.95227008333,true
video,180601954498083,1000000000,180601.9537075,true
video,180601971164666,1000000000,180601.9710295417,true
audio,180601935995458,1000000000,180601.97361091667,true
video,180601987831291,1000000000,180601.988178625,true
audio,180601955995458,1000000000,180601.99489816668,true
video,180602004497875,1000000000,180602.00470116668,true
audio,180601975995458,1000000000,180602.0162380417,true
video,180602021164625,1000000000,180602.02133375002,true
audio,180601995995416,1000000000,180602.03761395835,true
video,180602037831083,1000000000,180602.03799266668,true
video,180602062831000,1000000000,180602.05844129168,true
audio,180602015995458,1000000000,180602.05895608335,true
video,180602079497583,1000000000,180602.0751265417,true
audio,180602035995458,1000000000,180602.08028370835,true
video,180602096164166,1000000000,180602.09287183333,true
audio,180602055995416,1000000000,180602.10161295836,true
audio,180602075995458,1000000000,180602.10165791668,true
video,180602112830791,1000000000,180602.1097127917,true
audio,180602095995458,1000000000,180602.1229296667,true
video,180602129497500,1000000000,180602.12743400002,true
audio,180602115995458,1000000000,180602.1442311667,true
video,180602146164083,1000000000,180602.14490820834,true
video,180602162830583,1000000000,180602.16219058333,true
audio,180602135995458,1000000000,180602.16558779168,true
video,180602179497291,1000000000,180602.1791955,true
audio,180602155995458,1000000000,180602.18692729168,true
video,180602196163791,1000000000,180602.19615979167,true
audio,180602175995458,1000000000,180602.20819041668,true
video,180602212830375,1000000000,180602.21292833335,true
audio,180602195995458,1000000000,180602.22962404168,true
video,180602229497083,1000000000,180602.22975212501,true
video,180602246163583,1000000000,180602.24662908335,true
audio,180602215995416,1000000000,180602.25100720834,true
video,180602271163583,1000000000,180602.26642575001,true
audio,180602235995458,1000000000,180602.27230520835,true
video,180602287830083,1000000000,180602.28426133335,true
audio,180602255995458,1000000000,180602.29359429167,true
video,180602304496791,1000000000,180602.30116562502,true
audio,180602275995416,1000000000,180602.31493016667,true
video,180602321163291,1000000000,180602.31902533333,true
video,180602337829875,1000000000,180602.33584383334,true
audio,180602295995458,1000000000,180602.33620258333,true
video,180602354496583,1000000000,180602.35281475002,true
audio,180602315995458,1000000000,180602.35758691668,true
video,180602371163083,1000000000,180602.36966845836,true
audio,180602335995458,1000000000,180602.378930125,true
video,180602387829666,1000000000,180602.387063625,true
audio,180602355995458,1000000000,180602.40022370833,true
video,180602404496416,1000000000,180602.40446070835,true
video,180602421162875,1000000000,180602.42131408333,true
audio,180602375995458,1000000000,180602.42145358335,true
audio,180602395995458,1000000000,180602.42147433336,true
video,180602446162750,1000000000,180602.44046541667,true
audio,180602415995458,1000000000,180602.44293362502,true
video,180602462829333,1000000000,180602.45947479169,true
audio,180602435995458,1000000000,180602.46429258335,true
video,180602479496041,1000000000,180602.47739454167,true
audio,180602455995458,1000000000,180602.48561433333,true
video,180602496162541,1000000000,180602.49502233334,true
audio,180602475995458,1000000000,180602.506983625,true
video,180602512829125,1000000000,180602.51218883335,true
audio,180602495995416,1000000000,180602.52819420834,true
video,180602529495750,1000000000,180602.52888908333,true
video,180602546162333,1000000000,180602.54621770835,true
audio,180602515995458,1000000000,180602.5495585,true
video,180602562828958,1000000000,180602.56309320836,true
audio,180602535995458,1000000000,180602.57090729167,true
video,180602587828833,1000000000,180602.58282329168,true
audio,180602555995416,1000000000,180602.59221262502,true
video,180602604495458,1000000000,180602.59976050002,true
audio,180602575995458,1000000000,180602.61357245836,true
video,180602621162041,1000000000,180602.61630291666,true
video,180602637828625,1000000000,180602.63418175,true
audio,180602595995458,1000000000,180602.63480962501,true
video,180602654495375,1000000000,180602.6507971667,true
audio,180602615995458,1000000000,180602.6562670417,true
video,180602671161833,1000000000,180602.66866425,true
audio,180602635995458,1000000000,180602.6775337917,true
video,180602687828458,1000000000,180602.68604641667,true
audio,180602655995458,1000000000,180602.6989180417,true
video,180602704495041,1000000000,180602.70350237502,true
video,180602721161625,1000000000,180602.72021391668,true
audio,180602675995458,1000000000,180602.72027033335,true
video,180602737828250,1000000000,180602.7373465417,true
audio,180602695995458,1000000000,180602.74157233335,true
video,180602754494833,1000000000,180602.754326625,true
audio,180602715995416,1000000000,180602.76286654169,true
video,180602771161458,1000000000,180602.77101516668,true
audio,180602735995458,1000000000,180602.7842980417,true
audio,180602755995458,1000000000,180602.7843665,true
video,180602787828166,1000000000,180602.78811208333,true
audio,180602775995416,1000000000,180602.8056252917,true
video,180602812827958,1000000000,180602.80849758335,true
video,180602829494666,1000000000,180602.825510375,true
audio,180602795995458,1000000000,180602.82691683335,true
video,180602846161125,1000000000,180602.84269400002,true
audio,180602815995458,1000000000,180602.84834325002,true
video,180602862827750,1000000000,180602.85953775002,true
audio,180602835995458,1000000000,180602.86958366667,true
video,180602879494333,1000000000,180602.87745029168,true
audio,180602855995458,1000000000,180602.890896875,true
video,180602896161041,1000000000,180602.89416025,true
video,180602912827500,1000000000,180602.91135891667,true
audio,180602875995458,1000000000,180602.91219883334,true
video,180602929494291,1000000000,180602.92824883334,true
audio,180602895995458,1000000000,180602.933575375,true
video,180602946160750,1000000000,180602.945118375,true
audio,180602915995458,1000000000,180602.95494141668,true
video,180602962827333,1000000000,180602.96240808335,true
audio,180602935995458,1000000000,180602.97623295835,true
video,180602979494041,1000000000,180602.97935783333,true
video,180602996160625,1000000000,180602.99658191667,true
audio,180602955995458,1000000000,180602.99751683333,true
video,180603012827083,1000000000,180603.01323345833,true
audio,180602975995458,1000000000,180603.01901579168,true
video,180603029493750,1000000000,180603.02980750002,true
audio,180602995995416,1000000000,180603.040289,true
video,180603054493583,1000000000,180603.05186633335,true
audio,180603015995458,1000000000,180603.06155554167,true
video,180603071160291,1000000000,180603.06948220835,true
audio,180603035995458,1000000000,180603.08295966667,true
video,180603087826791,1000000000,180603.08621608335,true
video,180603104493500,1000000000,180603.10309383334,true
audio,180603055995416,1000000000,180603.1042056667,true
audio,180603075995458,1000000000,180603.1042701667,true
video,180603121160000,1000000000,180603.12081708334,true
audio,180603095995458,1000000000,180603.12560508333,true
video,180603137826583,1000000000,180603.137955125,true
audio,180603115995458,1000000000,180603.1470095417,true
video,180603154493208,1000000000,180603.15472762502,true
audio,180603135995458,1000000000,180603.16824241666,true
video,180603171159750,1000000000,180603.17164541667,true
audio,180603155995458,1000000000,180603.1896455,true
video,180603196159666,1000000000,180603.19129675,true
video,180603212826250,1000000000,180603.20807683334,true
audio,180603175995458,1000000000,180603.21095295835,true
video,180603229493000,1000000000,180603.22497137502,true
audio,180603195995458,1000000000,180603.23225262502,true
video,180603246159500,1000000000,180603.24179854168,true
audio,180603215995416,1000000000,180603.25359420833,true
video,180603262826083,1000000000,180603.25919729169,true
audio,180603235995458,1000000000,180603.274879875,true
video,180603279492708,1000000000,180603.276705,true
video,180603296159250,1000000000,180603.29414395834,true
audio,180603255995458,1000000000,180603.29619775002,true
video,180603312825875,1000000000,180603.31121241668,true
audio,180603275995416,1000000000,180603.3176122917,true
video,180603329492458,1000000000,180603.328183375,true
audio,180603295995458,1000000000,180603.339002625,true
video,180603346159041,1000000000,180603.34535108335,true
audio,180603315995458,1000000000,180603.36025433335,true
video,180603362825666,1000000000,180603.36217425,true
video,180603379492291,1000000000,180603.37918800002,true
audio,180603335995458,1000000000,180603.381575,true
video,180603396159000,1000000000,180603.39636333333,true
audio,180603355995458,1000000000,180603.40287741667,true
video,180603421158750,1000000000,180603.41665225002,true
audio,180603375995458,1000000000,180603.42425604168,true
audio,180603395995458,1000000000,180603.42430254168,true
video,180603437825500,1000000000,180603.43333675002,true
audio,180603415995458,1000000000,180603.445610375,true
video,180603454491958,1000000000,180603.45070541668,true
audio,180603435995458,1000000000,180603.46703045836,true
video,180603471158541,1000000000,180603.46745741667,true
video,180603487825291,1000000000,180603.48469541667,true
audio,180603455995458,1000000000,180603.48826920835,true
video,180603504491791,1000000000,180603.50219358335,true
audio,180603475995458,1000000000,180603.5096445,true
video,180603521158500,1000000000,180603.51907170835,true
audio,180603495995416,1000000000,180603.53092341666,true
video,180603537824958,1000000000,180603.53633058333,true
audio,180603515995458,1000000000,180603.55224983333,true
video,180603562824791,1000000000,180603.57046487503,true
audio,180603535995458,1000000000,180603.57357,true
video,180603587824666,1000000000,180603.58727208336,true
audio,180603555995416,1000000000,180603.59491041666,true
video,180603604491333,1000000000,180603.60409587502,true
audio,180603575995458,1000000000,180603.61626862502,true
audio,180603595995458,1000000000,180603.63759558334,true
video,180603629491166,1000000000,180603.63808875,true
video,180603654491333,1000000000,180603.65618345834,true
audio,180603615995458,1000000000,180603.65882625,true
video,180603679490958,1000000000,180603.67473675002,true
audio,180603635995458,1000000000,180603.680257125,true
audio,180603655995458,1000000000,180603.70158166668,true
video,180603712824125,1000000000,180603.70924129168,true
audio,180603675995458,1000000000,180603.72287220834,true
video,180603729490958,1000000000,180603.72684845835,true
audio,180603695995458,1000000000,180603.74433166668,true
video,180603746157458,1000000000,180603.74445520833,true
video,180603762824000,1000000000,180603.76169745834,true
audio,180603715995416,1000000000,180603.765637875,true
video,180603779490625,1000000000,180603.77802679167,true
audio,180603735995458,1000000000,180603.78696879168,true
audio,180603755995458,1000000000,180603.78701429168,true
video,180603796157333,1000000000,180603.79518412502,true
audio,180603775995416,1000000000,180603.808245875,true
video,180603812823833,1000000000,180603.81270795834,true
audio,180603795995458,1000000000,180603.82956908335,true
video,180603829490416,1000000000,180603.82967679168,true
video,180603846157000,1000000000,180603.84634745834,true
audio,180603815995458,1000000000,180603.85088541667,true
video,180603862823625,1000000000,180603.86312295834,true
audio,180603835995458,1000000000,180603.87224058335,true
video,180603879490208,1000000000,180603.87969687502,true
audio,180603855995458,1000000000,180603.893631125,true
video,180603904490125,1000000000,180603.89974779167,true
audio,180603875995458,1000000000,180603.91494720834,true
video,180603921156708,1000000000,180603.91757045835,true
video,180603937823333,1000000000,180603.93534250002,true
audio,180603895995458,1000000000,180603.936212625,true
video,180603954489916,1000000000,180603.95230200002,true
audio,180603915995458,1000000000,180603.95766645836,true
video,180603971156500,1000000000,180603.96888225002,true
audio,180603935995458,1000000000,180603.978918625,true
video,180603987823250,1000000000,180603.98574354168,true
audio,180603955995458,1000000000,180604.00025329168,true
video,180604004489708,1000000000,180604.00269683334,true
video,180604021156416,1000000000,180604.01996204167,true
audio,180603975995458,1000000000,180604.021538125,true
video,180604037822916,1000000000,180604.03701283335,true
audio,180603995995416,1000000000,180604.042917125,true
video,180604054489541,1000000000,180604.054038375,true
audio,180604015995458,1000000000,180604.06427408336,true
video,180604071156083,1000000000,180604.07114116667,true
audio,180604035995458,1000000000,180604.08553558335,true
video,180604087822666,1000000000,180604.08805816667,true
audio,180604055995416,1000000000,180604.10690858334,true
audio,180604075995458,1000000000,180604.10695445834,true
video,180604112822708,1000000000,180604.108115,true
video,180604129489166,1000000000,180604.12502554167,true
audio,180604095995458,1000000000,180604.12836816668,true
video,180604146155875,1000000000,180604.14268750002,true
audio,180604115995458,1000000000,180604.149642625,true
video,180604162822375,1000000000,180604.15948908334,true
audio,180604135995458,1000000000,180604.17095570834,true
video,180604179489083,1000000000,180604.17649808334,true
audio,180604155995458,1000000000,180604.19227212502,true
video,180604196155583,1000000000,180604.193603625,true
video,180604212822208,1000000000,180604.211128625,true
audio,180604175995458,1000000000,180604.21354520833,true
video,180604229488875,1000000000,180604.22857279168,true
audio,180604195995458,1000000000,180604.23490741669,true
video,180604246155500,1000000000,180604.246083375,true
audio,180604215995416,1000000000,180604.25626175,true
video,180604262821958,1000000000,180604.262980875,true
audio,180604235995458,1000000000,180604.27756933335,true
video,180604279488583,1000000000,180604.279691375,true
audio,180604255995458,1000000000,180604.29886125002,true
video,180604304488583,1000000000,180604.2996554167,true
video,180604321155083,1000000000,180604.31644416667,true
audio,180604275995416,1000000000,180604.32025245833,true
video,180604337821666,1000000000,180604.33412141667,true
audio,180604295995458,1000000000,180604.3416147917,true
video,180604354488375,1000000000,180604.351153375,true
audio,180604315995458,1000000000,180604.36289891668,true
video,180604371154875,1000000000,180604.368014,true
audio,180604335995458,1000000000,180604.38425604167,true
video,180604387821458,1000000000,180604.38543012502,true
video,180604404488083,1000000000,180604.40244154166,true
audio,180604355995458,1000000000,180604.40552708335,true
video,180604421154666,1000000000,180604.4200994167,true
audio,180604375995458,1000000000,180604.4268832917,true
audio,180604395995458,1000000000,180604.42693408334,true
video,180604437821291,1000000000,180604.43701375002,true
audio,180604415995458,1000000000,180604.44824662502,true
video,180604454487875,1000000000,180604.45460641666,true
audio,180604435995458,1000000000,180604.46954529168,true
video,180604471154583,1000000000,180604.47131333334,true
audio,180604455995458,1000000000,180604.490945375,true
video,180604496154375,1000000000,180604.49177495835,true
video,180604512820958,1000000000,180604.50986141668,true
audio,180604475995458,1000000000,180604.51223183333,true
video,180604529487583,1000000000,180604.52714395834,true
audio,180604495995416,1000000000,180604.5335412917,true
video,180604546154291,1000000000,180604.54432870835,true
audio,180604515995458,1000000000,180604.55491379168,true
audio,180604535995458,1000000000,180604.57623916666,true
video,180604571154041,1000000000,180604.57821575002,true
video,180604587820666,1000000000,180604.596277875,true
audio,180604555995416,1000000000,180604.597602375,true
video,180604612820541,1000000000,180604.613112625,true
audio,180604575995458,1000000000,180604.61889558335,true
video,180604637820375,1000000000,180604.63234345833,true
audio,180604595995458,1000000000,180604.64024254167,true
audio,180604615995458,1000000000,180604.6615724167,true
video,180604662820291,1000000000,180604.66761158334,true
audio,180604635995458,1000000000,180604.67223633334,true
video,180604687820208,1000000000,180604.68488141667,true
audio,180604655995458,1000000000,180604.69358437503,true
audio,180604675995458,1000000000,180604.71487658334,true
video,180604721153375,1000000000,180604.71943245834,true
audio,180604695995458,1000000000,180604.73629158334,true
video,180604737820166,1000000000,180604.73670433334,true
video,180604754486625,1000000000,180604.75367612502,true
audio,180604715995416,1000000000,180604.75761033336,true
video,180604771153250,1000000000,180604.77050395834,true
audio,180604735995458,1000000000,180604.77890529166,true
audio,180604755995458,1000000000,180604.77895008333,true
video,180604787819833,1000000000,180604.78824333334,true
audio,180604775995416,1000000000,180604.80026333334,true
video,180604804486541,1000000000,180604.8048375,true
video,180604821153041,1000000000,180604.82146741668,true
audio,180604795995458,1000000000,180604.82152983334,true
video,180604837819625,1000000000,180604.83817508334,true
audio,180604815995458,1000000000,180604.8429601667,true
video,180604862819541,1000000000,180604.85823683333,true
audio,180604835995458,1000000000,180604.864292125,true
video,180604879486125,1000000000,180604.874973375,true
audio,180604855995458,1000000000,180604.88558475,true
video,180604896152833,1000000000,180604.892885375,true
audio,180604875995458,1000000000,180604.90688320834,true
video,180604912819333,1000000000,180604.9102295,true
video,180604929485916,1000000000,180604.92828095835,true
audio,180604895995458,1000000000,180604.928335,true
video,180604946152541,1000000000,180604.945222375,true
audio,180604915995458,1000000000,180604.94954145834,true
video,180604962819125,1000000000,180604.96199854166,true
audio,180604935995458,1000000000,180604.97098537502,true
video,180604979485833,1000000000,180604.97925525001,true
audio,180604955995458,1000000000,180604.992384125,true
video,180604996152458,1000000000,180604.996472125,true
video,180605012818916,1000000000,180605.01328795834,true
audio,180604975995458,1000000000,180605.0134825,true
video,180605037818833,1000000000,180605.03290658334,true
audio,180604995995416,1000000000,180605.03492195834,true
video,180605054485416,1000000000,180605.04969425002,true
audio,180605015995458,1000000000,180605.05627283335,true
video,180605071152125,1000000000,180605.06720183336,true
audio,180605035995458,1000000000,180605.07758604168,true
video,180605087818750,1000000000,180605.08473725,true
audio,180605055995416,1000000000,180605.09895858334,true
audio,180605075995458,1000000000,180605.09902004167,true
video,180605104485333,1000000000,180605.10237512502,true
video,180605121151833,1000000000,180605.12031841668,true
audio,180605095995458,1000000000,180605.12036845833,true
video,180605137818416,1000000000,180605.13814404167,true
audio,180605115995458,1000000000,180605.141581,true
video,180605162818291,1000000000,180605.15793766666,true
audio,180605135995458,1000000000,180605.1628906667,true
video,180605179484875,1000000000,180605.17554620834,true
audio,180605155995458,1000000000,180605.18427545833,true
video,180605196151583,1000000000,180605.19280220833,true
audio,180605175995458,1000000000,180605.20552154168,true
video,180605212818083,1000000000,180605.20984716667,true
video,180605229484791,1000000000,180605.2268277917,true
audio,180605195995458,1000000000,180605.22688420836,true
video,180605246151291,1000000000,180605.243594625,true
audio,180605215995416,1000000000,180605.24821958336,true
video,180605262817875,1000000000,180605.26111720834,true
audio,180605235995458,1000000000,180605.26954266668,true
video,180605279484500,1000000000,180605.27817650003,true
audio,180605255995458,1000000000,180605.2909235,true
video,180605296151083,1000000000,180605.29497641668,true
video,180605312817666,1000000000,180605.3117790417,true
audio,180605275995416,1000000000,180605.31217958336,true
video,180605329484291,1000000000,180605.32930641668,true
audio,180605295995458,1000000000,180605.3336111667,true
video,180605346150875,1000000000,180605.34609170834,true
audio,180605315995458,1000000000,180605.35501158333,true
video,180605362817500,1000000000,180605.36297629168,true
audio,180605335995458,1000000000,180605.37620329167,true
video,180605379484083,1000000000,180605.37987908334,true
audio,180605355995458,1000000000,180605.39759991667,true
video,180605404484125,1000000000,180605.39968829168,true
video,180605421150583,1000000000,180605.4176305417,true
audio,180605375995458,1000000000,180605.4188835417,true
audio,180605395995458,1000000000,180605.41894420833,true
video,180605437817166,1000000000,180605.43435804168,true
audio,180605415995458,1000000000,180605.44025479167,true
video,180605454483791,1000000000,180605.45125670836,true
audio,180605435995458,1000000000,180605.46160345833,true
video,180605471150375,1000000000,180605.46892933335,true
audio,180605455995458,1000000000,180605.48293600001,true
video,180605487817000,1000000000,180605.48632195833,true
video,180605504483583,1000000000,180605.50307941667,true
audio,180605475995458,1000000000,180605.50421641668,true
video,180605512817000,1000000000,180605.520115875,true
audio,180605495995416,1000000000,180605.52562333335,true
video,180605529483625,1000000000,180605.53748083336,true
audio,180605515995458,1000000000,180605.546979,true
video,180605554483333,1000000000,180605.55421433336,true
audio,180605535995458,1000000000,180605.56827941668,true
video,180605579483250,1000000000,180605.58803683333,true
audio,180605555995416,1000000000,180605.589543375,true
video,180605604483125,1000000000,180605.60546129168,true
audio,180605575995458,1000000000,180605.61093379167,true
video,180605629483041,1000000000,180605.623487375,true
audio,180605595995458,1000000000,180605.632176,true
video,180605646149708,1000000000,180605.64027662502,true
audio,180605615995458,1000000000,180605.65357079168,true
video,180605671149541,1000000000,180605.67423554166,true
audio,180605635995458,1000000000,180605.6748766667,true
video,180605696149416,1000000000,180605.69206825,true
audio,180605655995458,1000000000,180605.69617604167,true
video,180605712816041,1000000000,180605.70889133334,true
audio,180605675995458,1000000000,180605.71756370834,true
video,180605729482666,1000000000,180605.72579395835,true
audio,180605695995458,1000000000,180605.7388945417,true
video,180605746149375,1000000000,180605.74397925002,true
audio,180605715995416,1000000000,180605.76033545836,true
video,180605762815833,1000000000,180605.76130179167,true
video,180605779482458,1000000000,180605.77843266667,true
audio,180605735995458,1000000000,180605.78152870835,true
audio,180605755995458,1000000000,180605.78156520834,true
video,180605796149041,1000000000,180605.7955105,true
audio,180605775995416,1000000000,180605.80293341668,true
video,180605812815625,1000000000,180605.81242579166,true
audio,180605795995458,1000000000,180605.82428079168,true
video,180605829482250,1000000000,180605.82978675002,true
audio,180605815995458,1000000000,180605.84560491669,true
video,180605854482250,1000000000,180605.85098195836,true
audio,180605835995458,1000000000,180605.86692316667,true
video,180605871148750,1000000000,180605.867768375,true
video,180605887815333,1000000000,180605.885531375,true
audio,180605855995458,1000000000,180605.888179,true
video,180605904481958,1000000000,180605.902803,true
audio,180605875995458,1000000000,180605.90958187502,true
video,180605921148666,1000000000,180605.91974175003,true
audio,180605895995458,1000000000,180605.93090200002,true
video,180605937815125,1000000000,180605.93702816666,true
audio,180605915995458,1000000000,180605.95229179168,true
video,180605954481750,1000000000,180605.954268375,true
video,180605971148333,1000000000,180605.97122733336,true
audio,180605935995458,1000000000,180605.973640125,true
video,180605987815083,1000000000,180605.98804225,true
audio,180605955995458,1000000000,180605.99494766668,true
video,180606004481666,1000000000,180606.0048977917,true
audio,180605975995458,1000000000,180606.01626937502,true
video,180606029481458,1000000000,180606.02492208334,true
audio,180605995995416,1000000000,180606.03759295834,true
video,180606046148041,1000000000,180606.042843125,true
audio,180606015995458,1000000000,180606.05889504167,true
video,180606062814625,1000000000,180606.06036950002,true
video,180606079481250,1000000000,180606.07771941667,true
audio,180606035995458,1000000000,180606.08017687502,true
video,180606096147833,1000000000,180606.094871125,true
audio,180606055995416,1000000000,180606.10160504168,true
audio,180606075995458,1000000000,180606.10165316667,true
video,180606112814458,1000000000,180606.11283125,true
audio,180606095995458,1000000000,180606.12291720835,true
video,180606129481041,1000000000,180606.12968641668,true
audio,180606115995458,1000000000,180606.14423266667,true
video,180606154480958,1000000000,180606.150104125,true
audio,180606135995458,1000000000,180606.16568045833,true
video,180606171147541,1000000000,180606.16748212502,true
video,180606179480833,1000000000,180606.18565883333,true
audio,180606155995458,1000000000,180606.18681866667,true
video,180606204480875,1000000000,180606.20265870835,true
audio,180606175995458,1000000000,180606.20826487502,true
video,180606221147333,1000000000,180606.21996175,true
audio,180606195995458,1000000000,180606.22960929168,true
video,180606237813958,1000000000,180606.236856625,true
audio,180606215995416,1000000000,180606.25092779167,true
video,180606254480500,1000000000,180606.25377579167,true
video,180606271147208,1000000000,180606.27083750002,true
audio,180606235995458,1000000000,180606.27216383335,true
video,180606287813708,1000000000,180606.28800395835,true
audio,180606255995458,1000000000,180606.293628,true
video,180606304480291,1000000000,180606.30461908336,true
audio,180606275995416,1000000000,180606.31498533333,true
video,180606321147000,1000000000,180606.32130825002,true
audio,180606295995458,1000000000,180606.33625379167,true
video,180606346146791,1000000000,180606.341778125,true
audio,180606315995458,1000000000,180606.3576376667,true
video,180606362813416,1000000000,180606.35962591667,true
video,180606379480000,1000000000,180606.37716495834,true
audio,180606335995458,1000000000,180606.37892445835,true
video,180606396146708,1000000000,180606.39397920834,true
audio,180606355995458,1000000000,180606.40024566668,true
video,180606412813208,1000000000,180606.41086937502,true
audio,180606375995458,1000000000,180606.42158141668,true
audio,180606395995458,1000000000,180606.42161220833,true
video,180606429479791,1000000000,180606.42860975,true
audio,180606415995458,1000000000,180606.4428949167,true
video,180606446146500,1000000000,180606.44530441667,true
video,180606462813000,1000000000,180606.46307083336,true
audio,180606435995458,1000000000,180606.46425058335,true
video,180606487812916,1000000000,180606.48319429168,true
audio,180606455995458,1000000000,180606.48573679168,true
video,180606504479500,1000000000,180606.50060416668,true
audio,180606475995458,1000000000,180606.50696612502,true
video,180606521146250,1000000000,180606.5181761667,true
audio,180606495995416,1000000000,180606.52826320834,true
video,180606537812708,1000000000,180606.53490345835,true
audio,180606515995458,1000000000,180606.54964862502,true
video,180606571146041,1000000000,180606.56980729167,true
audio,180606535995458,1000000000,180606.570845,true
video,180606587812500,1000000000,180606.58632745835,true
audio,180606555995416,1000000000,180606.59225062502,true
audio,180606575995458,1000000000,180606.61361391668,true
video,180606621145708,1000000000,180606.6210875,true
audio,180606595995458,1000000000,180606.6349052917,true
video,180606637812291,1000000000,180606.63799012502,true
video,180606654479041,1000000000,180606.65475208336,true
audio,180606615995458,1000000000,180606.65619225,true
video,180606679478791,1000000000,180606.67570812503,true
audio,180606635995458,1000000000,180606.67763179168,true
audio,180606655995458,1000000000,180606.69890866667,true
video,180606712812000,1000000000,180606.70951091667,true
audio,180606675995458,1000000000,180606.72029045835,true
video,180606729478708,1000000000,180606.72694108335,true
audio,180606695995458,1000000000,180606.741635,true
video,180606746145208,1000000000,180606.74412891667,true
video,180606762811791,1000000000,180606.760702375,true
audio,180606715995416,1000000000,180606.7628862917,true
video,180606779478416,1000000000,180606.7777235,true
audio,180606735995458,1000000000,180606.78422991667,true
audio,180606755995458,1000000000,180606.78427679167,true
video,180606796144958,1000000000,180606.79459420833,true
audio,180606775995416,1000000000,180606.80559858333,true
video,180606812811541,1000000000,180606.81192912502,true
audio,180606795995458,1000000000,180606.82688112502,true
video,180606829478166,1000000000,180606.828898625,true
video,180606846144750,1000000000,180606.84580929167,true
audio,180606815995458,1000000000,180606.84822820834,true
video,180606862811500,1000000000,180606.86241975002,true
audio,180606835995458,1000000000,180606.86962925002,true
video,180606879477958,1000000000,180606.87963133334,true
audio,180606855995458,1000000000,180606.8909587917,true
video,180606896144666,1000000000,180606.89637575002,true
audio,180606875995458,1000000000,180606.91228445835,true
video,180606921144458,1000000000,180606.91664866667,true
audio,180606895995458,1000000000,180606.93361245835,true
video,180606937811166,1000000000,180606.93483145835,true
video,180606954477666,1000000000,180606.9526525417,true
audio,180606915995458,1000000000,180606.9548765,true
video,180606971144250,1000000000,180606.96958570834,true
audio,180606935995458,1000000000,180606.97621095835,true
video,180606987810875,1000000000,180606.9870752917,true
audio,180606955995458,1000000000,180606.997555,true
video,180607004477458,1000000000,180607.00411420834,true
audio,180606975995458,1000000000,180607.01890529168,true
video,180607021144166,1000000000,180607.0212679167,true
video,180607037810666,1000000000,180607.03814462502,true
audio,180606995995416,1000000000,180607.04026008333,true
video,180607062810541,1000000000,180607.05782970836,true
audio,180607015995458,1000000000,180607.06156029168,true
video,180607079477166,1000000000,180607.07482845834,true
audio,180607035995458,1000000000,180607.08292204168,true
video,180607096143750,1000000000,180607.09160395834,true
audio,180607055995416,1000000000,180607.10423833336,true
audio,180607075995458,1000000000,180607.10426454167,true
video,180607112810375,1000000000,180607.10937995833,true
audio,180607095995458,1000000000,180607.12561333334,true
video,180607129476958,1000000000,180607.12698666667,true
video,180607146143708,1000000000,180607.1438676667,true
audio,180607115995458,1000000000,180607.14690958333,true
video,180607162810166,1000000000,180607.16093862502,true
audio,180607135995458,1000000000,180607.16826329168,true
video,180607179476791,1000000000,180607.17847145835,true
audio,180607155995458,1000000000,180607.18957483335,true
video,180607196143375,1000000000,180607.195775625,true
audio,180607175995458,1000000000,180607.21093545834,true
video,180607212809958,1000000000,180607.2128655417,true
video,180607229476666,1000000000,180607.22968029167,true
audio,180607195995458,1000000000,180607.23223516668,true
video,180607254476458,1000000000,180607.2492750417,true
audio,180607215995416,1000000000,180607.25358879167,true
video,180607271143166,1000000000,180607.26656108335,true
audio,180607235995458,1000000000,180607.27494041668,true
video,180607287809666,1000000000,180607.28311579168,true
audio,180607255995458,1000000000,180607.29622241668,true
video,180607304476250,1000000000,180607.30108529166,true
audio,180607275995416,1000000000,180607.31760508334,true
video,180607321142875,1000000000,180607.3187455,true
video,180607337809416,1000000000,180607.33589483335,true
audio,180607295995458,1000000000,180607.33890416668,true
video,180607354476125,1000000000,180607.35275820835,true
audio,180607315995458,1000000000,180607.3603437917,true
video,180607371142625,1000000000,180607.37022145835,true
audio,180607335995458,1000000000,180607.38153829167,true
video,180607387809208,1000000000,180607.38701645835,true
audio,180607355995458,1000000000,180607.40287770834,true
video,180607404475833,1000000000,180607.404878375,true
audio,180607375995458,1000000000,180607.42430450002,true
audio,180607395995458,1000000000,180607.42436,true
video,180607429475708,1000000000,180607.42495520835,true
video,180607446142416,1000000000,180607.4428680417,true
audio,180607415995458,1000000000,180607.44557604167,true
video,180607462808916,1000000000,180607.45948658334,true
audio,180607435995458,1000000000,180607.46691608336,true
video,180607479475625,1000000000,180607.47659904166,true
audio,180607455995458,1000000000,180607.48824529166,true
video,180607496142125,1000000000,180607.49351175,true
audio,180607475995458,1000000000,180607.5095745,true
video,180607512808833,1000000000,180607.51063654167,true
video,180607529475333,1000000000,180607.527985625,true
audio,180607495995416,1000000000,180607.53087595836,true
audio,180607515995458,1000000000,180607.552310625,true
video,180607554475375,1000000000,180607.56293491667,true
audio,180607535995458,1000000000,180607.57356529168,true
video,180607579475083,1000000000,180607.580368375,true
audio,180607555995416,1000000000,180607.59497779168,true
video,180607596141708,1000000000,180607.59717320834,true
video,180607621141583,1000000000,180607.61581025002,true
audio,180607575995458,1000000000,180607.61622225,true
video,180607637808208,1000000000,180607.63283958336,true
audio,180607595995458,1000000000,180607.63756783336,true
video,180607646141458,1000000000,180607.65049583334,true
audio,180607615995458,1000000000,180607.65883454168,true
video,180607671141375,1000000000,180607.66785629166,true
audio,180607635995458,1000000000,180607.68025170834,true
audio,180607655995458,1000000000,180607.70159079166,true
video,180607696141250,1000000000,180607.70215970834,true
video,180607721141208,1000000000,180607.71908783333,true
audio,180607675995458,1000000000,180607.722905875,true
video,180607737807916,1000000000,180607.7365895,true
audio,180607695995458,1000000000,180607.74425583336,true
video,180607754474416,1000000000,180607.75381816668,true
audio,180607715995416,1000000000,180607.7655565,true
video,180607771141041,1000000000,180607.77082250002,true
audio,180607735995458,1000000000,180607.78695675,true
audio,180607755995458,1000000000,180607.787007375,true
video,180607787807750,1000000000,180607.78814741666,true
audio,180607775995416,1000000000,180607.80822608335,true
video,180607812807625,1000000000,180607.81008008335,true
video,180607829474125,1000000000,180607.82783304167,true
audio,180607795995458,1000000000,180607.82950125,true
video,180607846140708,1000000000,180607.844901625,true
audio,180607815995458,1000000000,180607.85093233336,true
video,180607862807458,1000000000,180607.86197295834,true
audio,180607835995458,1000000000,180607.87227125,true
video,180607879473875,1000000000,180607.879912375,true
audio,180607855995458,1000000000,180607.8935849167,true
video,180607904473791,1000000000,180607.90099541668,true
audio,180607875995458,1000000000,180607.9149125,true
video,180607921140375,1000000000,180607.91755958335,true
video,180607937806958,1000000000,180607.93456716667,true
audio,180607895995458,1000000000,180607.936250125,true
video,180607954473708,1000000000,180607.951586375,true
audio,180607915995458,1000000000,180607.95759587502,true
video,180607971140166,1000000000,180607.96843795833,true
audio,180607935995458,1000000000,180607.97893462502,true
video,180607987806875,1000000000,180607.98596995833,true
audio,180607955995458,1000000000,180608.0002846667,true
video,180608004473375,1000000000,180608.00288020834,true
video,180608021140083,1000000000,180608.020651,true
audio,180607975995458,1000000000,180608.02157833334,true
video,180608029473291,1000000000,180608.0380265,true
audio,180607995995416,1000000000,180608.04292645835,true
video,180608054473125,1000000000,180608.05470925002,true
audio,180608015995458,1000000000,180608.0642711667,true
video,180608079473083,1000000000,180608.07507712502,true
audio,180608035995458,1000000000,180608.08571470834,true
video,180608096139666,1000000000,180608.09302854168,true
audio,180608055995416,1000000000,180608.10700333334,true
audio,180608075995458,1000000000,180608.10709795833,true
video,180608112806250,1000000000,180608.1096369167,true
video,180608129472875,1000000000,180608.1269391667,true
audio,180608095995458,1000000000,180608.12842583333,true
video,180608146139625,1000000000,180608.1441846667,true
audio,180608115995458,1000000000,180608.14963358335,true
video,180608162806208,1000000000,180608.16112329168,true
audio,180608135995458,1000000000,180608.17091891667,true
video,180608179472666,1000000000,180608.178042,true
audio,180608155995458,1000000000,180608.19225745834,true
video,180608196139375,1000000000,180608.19606812502,true
video,180608212805875,1000000000,180608.213014625,true
audio,180608175995458,1000000000,180608.21355100002,true
video,180608237805708,1000000000,180608.23257595833,true
audio,180608195995458,1000000000,180608.23490616668,true
video,180608254472375,1000000000,180608.24952975,true
audio,180608215995416,1000000000,180608.25627679168,true
video,180608271139083,1000000000,180608.26744262502,true
audio,180608235995458,1000000000,180608.27748833335,true
video,180608287805583,1000000000,180608.28485791667,true
audio,180608255995458,1000000000,180608.29897041668,true
video,180608304472166,1000000000,180608.30167145835,true
video,180608321138875,1000000000,180608.318949375,true
audio,180608275995416,1000000000,180608.32023433334,true
video,180608337805375,1000000000,180608.33601616666,true
audio,180608295995458,1000000000,180608.341599375,true
video,180608354472083,1000000000,180608.35286491667,true
audio,180608315995458,1000000000,180608.36293095833,true
video,180608371138708,1000000000,180608.371010125,true
audio,180608335995458,1000000000,180608.384299375,true
video,180608387805166,1000000000,180608.38777570834,true
video,180608404471916,1000000000,180608.40464816667,true
audio,180608355995458,1000000000,180608.4055066667,true
video,180608421138333,1000000000,180608.42130233336,true
audio,180608375995458,1000000000,180608.42690062503,true
audio,180608395995458,1000000000,180608.42692658334,true
video,180608437804916,1000000000,180608.43821633334,true
audio,180608415995458,1000000000,180608.448171125,true
video,180608462804833,1000000000,180608.4584127917,true
audio,180608435995458,1000000000,180608.469581125,true
video,180608479471416,1000000000,180608.47582529168,true
audio,180608455995458,1000000000,180608.49088433335,true
video,180608496138041,1000000000,180608.49298275,true
video,180608512804625,1000000000,180608.509835375,true
audio,180608475995458,1000000000,180608.5122099167,true
video,180608529471250,1000000000,180608.52697937502,true
audio,180608495995416,1000000000,180608.53354929166,true
video,180608546137833,1000000000,180608.544610125,true
audio,180608515995458,1000000000,180608.55483895834,true
audio,180608535995458,1000000000,180608.576253375,true
video,180608571137666,1000000000,180608.57972945835,true
audio,180608555995416,1000000000,180608.59754175,true
video,180608596137583,1000000000,180608.59787016668,true
video,180608612804250,1000000000,180608.61576695833,true
audio,180608575995458,1000000000,180608.61881833334,true
video,180608637804083,1000000000,180608.63264316667,true
audio,180608595995458,1000000000,180608.64018720834,true
video,180608654470750,1000000000,180608.64951466667,true
audio,180608615995458,1000000000,180608.66151329168,true
video,180608662804041,1000000000,180608.66774333335,true
audio,180608635995458,1000000000,180608.6722319167,true
video,180608687803875,1000000000,180608.68509112502,true
audio,180608655995458,1000000000,180608.693620375,true
video,180608704470541,1000000000,180608.7032110417,true
audio,180608675995458,1000000000,180608.714897,true
video,180608721137125,1000000000,180608.72003170833,true
audio,180608695995458,1000000000,180608.73632595834,true
video,180608737803875,1000000000,180608.737281125,true
video,180608754470375,1000000000,180608.75442150002,true
audio,180608715995416,1000000000,180608.75755295836,true
video,180608762803625,1000000000,180608.771507375,true
audio,180608735995458,1000000000,180608.77896283334,true
audio,180608755995458,1000000000,180608.77901841668,true
video,180608796136833,1000000000,180608.79083550003,true
audio,180608775995416,1000000000,180608.800240375,true
video,180608812803416,1000000000,180608.80949387501,true
audio,180608795995458,1000000000,180608.82164179167,true
video,180608829470041,1000000000,180608.82690450002,true
audio,180608815995458,1000000000,180608.84293912502,true
video,180608846136625,1000000000,180608.84375033336,true
video,180608862803333,1000000000,180608.86054650001,true
audio,180608835995458,1000000000,180608.86419929168,true
video,180608879469833,1000000000,180608.87804908335,true
audio,180608855995458,1000000000,180608.88550275002,true
video,180608896136458,1000000000,180608.89555166668,true
audio,180608875995458,1000000000,180608.90703200002,true
video,180608912803041,1000000000,180608.91323945834,true
audio,180608895995458,1000000000,180608.92829958335,true
video,180608937802916,1000000000,180608.93326283334,true
audio,180608915995458,1000000000,180608.94956562502,true
video,180608954469541,1000000000,180608.95082262502,true
video,180608971136208,1000000000,180608.968052,true
audio,180608935995458,1000000000,180608.97090241668,true
video,180608987802791,1000000000,180608.9854737917,true
audio,180608955995458,1000000000,180608.99227120835,true
video,180609004469333,1000000000,180609.00296887502,true
audio,180608975995458,1000000000,180609.01358650002,true
video,180609021136000,1000000000,180609.02018316666,true
audio,180608995995416,1000000000,180609.03499816667,true
video,180609037802625,1000000000,180609.03827875,true
audio,180609015995458,1000000000,180609.05628787502,true
video,180609062802375,1000000000,180609.05783933334,true
video,180609079469125,1000000000,180609.07511083334,true
audio,180609035995458,1000000000,180609.077598875,true
video,180609096135583,1000000000,180609.09284029168,true
audio,180609055995416,1000000000,180609.09894325002,true
audio,180609075995458,1000000000,180609.098987125,true
video,180609112802208,1000000000,180609.11046583334,true
audio,180609095995458,1000000000,180609.12026575,true
video,180609129468833,1000000000,180609.12770037501,true
audio,180609115995458,1000000000,180609.14158995834,true
video,180609146135416,1000000000,180609.14486025,true
video,180609162802000,1000000000,180609.16156004168,true
audio,180609135995458,1000000000,180609.16289937502,true
video,180609179468583,1000000000,180609.17920604168,true
audio,180609155995458,1000000000,180609.184225,true
video,180609196135291,1000000000,180609.19629675001,true
audio,180609175995458,1000000000,180609.20558100002,true
video,180609221135250,1000000000,180609.21629966667,true
audio,180609195995458,1000000000,180609.22691016668,true
video,180609237801708,1000000000,180609.23450475,true
audio,180609215995416,1000000000,180609.24820675002,true
video,180609254468333,1000000000,180609.25121608336,true
video,180609271135000,1000000000,180609.2684665,true
audio,180609235995458,1000000000,180609.26954325,true
video,180609287801500,1000000000,180609.28513775,true
audio,180609255995458,1000000000,180609.29092616666,true
video,180609304468083,1000000000,180609.30251175002,true
audio,180609275995416,1000000000,180609.31226270835,true
video,180609321134791,1000000000,180609.320042,true
audio,180609295995458,1000000000,180609.33360320833,true
video,180609337801291,1000000000,180609.33807041668,true
audio,180609315995458,1000000000,180609.35488920833,true
video,180609354467916,1000000000,180609.35500541667,true
video,180609371134625,1000000000,180609.37122125,true
audio,180609335995458,1000000000,180609.37626933336,true
video,180609396134500,1000000000,180609.39087533334,true
audio,180609355995458,1000000000,180609.39760300002,true
video,180609412801000,1000000000,180609.40776566666,true
audio,180609375995458,1000000000,180609.41895412502,true
audio,180609395995458,1000000000,180609.41899970834,true
video,180609429467583,1000000000,180609.42546695835,true
audio,180609415995458,1000000000,180609.44027845835,true
video,180609446134333,1000000000,180609.44283983335,true
video,180609462800833,1000000000,180609.46029570836,true
audio,180609435995458,1000000000,180609.46149383334,true
video,180609479467416,1000000000,180609.477498875,true
audio,180609455995458,1000000000,180609.48291645834,true
video,180609496134125,1000000000,180609.49480787502,true
audio,180609475995458,1000000000,180609.50425304167,true
video,180609512800583,1000000000,180609.51150825,true
audio,180609495995416,1000000000,180609.525575875,true
video,180609529467208,1000000000,180609.52885429168,true
video,180609546133791,1000000000,180609.54609525,true
audio,180609515995458,1000000000,180609.546811,true
video,180609562800458,1000000000,180609.56329258333,true
audio,180609535995458,1000000000,180609.56822725,true
video,180609579467000,1000000000,180609.58021629168,true
audio,180609555995416,1000000000,180609.5895012917,true
video,180609604466833,1000000000,180609.5987166667,true
audio,180609575995458,1000000000,180609.610881375,true
video,180609621133500,1000000000,180609.616618125,true
audio,180609595995458,1000000000,180609.63219025,true
video,180609637800083,1000000000,180609.6334677917,true
video,180609654466708,1000000000,180609.65106650002,true
audio,180609615995458,1000000000,180609.65349870836,true
video,180609671133291,1000000000,180609.66893708333,true
audio,180609635995458,1000000000,180609.67482462502,true
video,180609687799875,1000000000,180609.68582604168,true
audio,180609655995458,1000000000,180609.69617433334,true
video,180609704466500,1000000000,180609.70301925,true
audio,180609675995458,1000000000,180609.71758095836,true
video,180609721133083,1000000000,180609.72039654167,true
video,180609737799666,1000000000,180609.73712508334,true
audio,180609695995458,1000000000,180609.738874,true
video,180609754466291,1000000000,180609.75480145833,true
audio,180609715995416,1000000000,180609.76019275002,true
video,180609779466208,1000000000,180609.77588091668,true
audio,180609735995458,1000000000,180609.78153,true
audio,180609755995458,1000000000,180609.781569125,true
video,180609796132791,1000000000,180609.79366541668,true
audio,180609775995416,1000000000,180609.80292325,true
video,180609812799500,1000000000,180609.81046600002,true
audio,180609795995458,1000000000,180609.82420108333,true
video,180609829466125,1000000000,180609.827958375,true
video,180609846132583,1000000000,180609.84504512502,true
audio,180609815995458,1000000000,180609.84549908334,true
video,180609862799166,1000000000,180609.862503125,true
audio,180609835995458,1000000000,180609.866893125,true
video,180609879465791,1000000000,180609.879633375,true
audio,180609855995458,1000000000,180609.88819654167,true
video,180609896132500,1000000000,180609.89647083334,true
audio,180609875995458,1000000000,180609.90957566668,true
video,180609921132291,1000000000,180609.9174160417,true
audio,180609895995458,1000000000,180609.9308702917,true
video,180609937798875,1000000000,180609.934512625,true
video,180609954465625,1000000000,180609.9522089167,true
audio,180609915995458,1000000000,180609.95227600003,true
video,180609971132083,1000000000,180609.97029279167,true
audio,180609935995458,1000000000,180609.97350854168,true
video,180609979465375,1000000000,180609.98710491668,true
audio,180609955995458,1000000000,180609.994874125,true
video,180610004465416,1000000000,180610.0041832917,true
audio,180609975995458,1000000000,180610.0161920417,true
video,180610021131875,1000000000,180610.02131058334,true
audio,180609995995416,1000000000,180610.03755891667,true
video,180610046131750,1000000000,180610.042479625,true
audio,180610015995458,1000000000,180610.05887545834,true
video,180610062798333,1000000000,180610.05963558334,true
video,180610079464958,1000000000,180610.07664204168,true
audio,180610035995458,1000000000,180610.08018795835,true
video,180610096131541,1000000000,180610.09423254168,true
audio,180610055995416,1000000000,180610.101540375,true
audio,180610075995458,1000000000,180610.101592875,true
video,180610112798125,1000000000,180610.11160108334,true
audio,180610095995458,1000000000,180610.12286720835,true
video,180610129464875,1000000000,180610.128421625,true
audio,180610115995458,1000000000,180610.144240375,true
video,180610146131458,1000000000,180610.145444625,true
video,180610162797958,1000000000,180610.16278945835,true
audio,180610135995458,1000000000,180610.16552433334,true
video,180610179464541,1000000000,180610.17941283336,true
audio,180610155995458,1000000000,180610.186976625,true
video,180610196131250,1000000000,180610.19619958336,true
audio,180610175995458,1000000000,180610.20819291667,true
video,180610212797750,1000000000,180610.21326208336,true
audio,180610195995458,1000000000,180610.22957070835,true
video,180610229464333,1000000000,180610.22994533335,true
video,180610246131041,1000000000,180610.247752625,true
audio,180610215995416,1000000000,180610.25083954167,true
video,180610271130791,1000000000,180610.26619779167,true
audio,180610235995458,1000000000,180610.272207125,true
video,180610287797458,1000000000,180610.28332325,true
audio,180610255995458,1000000000,180610.29353458335,true
video,180610304464041,1000000000,180610.3006105,true
audio,180610275995416,1000000000,180610.314864,true
video,180610312797291,1000000000,180610.31815279167,true
video,180610337797208,1000000000,180610.33584775002,true
audio,180610295995458,1000000000,180610.3361456667,true
video,180610354463833,1000000000,180610.35344770833,true
audio,180610315995458,1000000000,180610.35751666667,true
video,180610371130583,1000000000,180610.37026679167,true
audio,180610335995458,1000000000,180610.37888816668,true
video,180610387797041,1000000000,180610.38701045833,true
audio,180610355995458,1000000000,180610.40023404168,true
video,180610404463666,1000000000,180610.40488104167,true
audio,180610375995458,1000000000,180610.42154704168,true
audio,180610395995458,1000000000,180610.42159570835,true
video,180610429463541,1000000000,180610.4265835,true
audio,180610415995458,1000000000,180610.44290400003,true
video,180610446130250,1000000000,180610.44306770834,true
video,180610462796750,1000000000,180610.46097620836,true
audio,180610435995458,1000000000,180610.46422158333,true
video,180610479463333,1000000000,180610.47886670835,true
audio,180610455995458,1000000000,180610.48553941667,true
video,180610496130041,1000000000,180610.495651,true
audio,180610475995458,1000000000,180610.50689970836,true
video,180610512796541,1000000000,180610.51267679167,true
audio,180610495995416,1000000000,180610.52823375002,true
video,180610529463125,1000000000,180610.52963520834,true
video,180610554463166,1000000000,180610.549680375,true
audio,180610515995458,1000000000,180610.54973300002,true
video,180610571129750,1000000000,180610.56674483334,true
audio,180610535995458,1000000000,180610.57088079167,true
video,180610587796208,1000000000,180610.58410875002,true
audio,180610555995416,1000000000,180610.59219691667,true
video,180610604462791,1000000000,180610.60093016666,true
audio,180610575995458,1000000000,180610.61363162502,true
video,180610621129500,1000000000,180610.61802370835,true
audio,180610595995458,1000000000,180610.63490262502,true
video,180610637796000,1000000000,180610.63501870833,true
video,180610654462583,1000000000,180610.652168,true
audio,180610615995458,1000000000,180610.65622241667,true
video,180610671129208,1000000000,180610.66944125,true
audio,180610635995458,1000000000,180610.67762158334,true
video,180610687795791,1000000000,180610.68659116668,true
audio,180610655995458,1000000000,180610.69889995834,true
video,180610704462416,1000000000,180610.7036466667,true
audio,180610675995458,1000000000,180610.72020895834,true
video,180610721129125,1000000000,180610.72048812502,true
video,180610737795708,1000000000,180610.73749454168,true
audio,180610695995458,1000000000,180610.74152904167,true
video,180610754462208,1000000000,180610.75468433334,true
audio,180610715995416,1000000000,180610.76289420834,true
video,180610771128791,1000000000,180610.77148470836,true
audio,180610735995458,1000000000,180610.78426216668,true
audio,180610755995458,1000000000,180610.78430254167,true
video,180610787795500,1000000000,180610.78798541668,true
audio,180610775995416,1000000000,180610.80555958336,true
video,180610812795291,1000000000,180610.80832912502,true
video,180610829461916,1000000000,180610.82609620836,true
audio,180610795995458,1000000000,180610.82682020834,true
video,180610846128500,1000000000,180610.843084875,true
audio,180610815995458,1000000000,180610.848203125,true
video,180610862795083,1000000000,180610.85996445833,true
audio,180610835995458,1000000000,180610.8695891667,true
video,180610879461708,1000000000,180610.8772705,true
audio,180610855995458,1000000000,180610.89087054168,true
video,180610896128291,1000000000,180610.89468841668,true
video,180610912795000,1000000000,180610.91176970836,true
audio,180610875995458,1000000000,180610.91216766668,true
video,180610929461500,1000000000,180610.92863862502,true
audio,180610895995458,1000000000,180610.93359079168,true
video,180610946128208,1000000000,180610.9456849167,true
audio,180610915995458,1000000000,180610.95497129168,true
video,180610962794708,1000000000,180610.962986625,true
audio,180610935995458,1000000000,180610.97620845833,true
video,180610979461333,1000000000,180610.9797939167,true
audio,180610955995458,1000000000,180610.99756429167,true
video,180611004461166,1000000000,180610.99949320834,true
video,180611021127791,1000000000,180611.017656,true
audio,180610975995458,1000000000,180611.0188791667,true
video,180611037794500,1000000000,180611.0348600417,true
audio,180610995995416,1000000000,180611.04029020836,true
video,180611054461000,1000000000,180611.05196550002,true
audio,180611015995458,1000000000,180611.06158520834,true
video,180611071127625,1000000000,180611.0689801667,true
audio,180611035995458,1000000000,180611.08294658334,true
video,180611087794208,1000000000,180611.085513125,true
video,180611104460791,1000000000,180611.10227566666,true
audio,180611055995416,1000000000,180611.10423300002,true
audio,180611075995458,1000000000,180611.1042666667,true
video,180611121127416,1000000000,180611.12021075,true
audio,180611095995458,1000000000,180611.12559370833,true
video,180611137793958,1000000000,180611.13771629168,true
audio,180611115995458,1000000000,180611.14690762502,true
video,180611154460541,1000000000,180611.154661625,true
audio,180611135995458,1000000000,180611.168229375,true
video,180611179460458,1000000000,180611.17502904168,true
audio,180611155995458,1000000000,180611.18957395834,true
video,180611196127166,1000000000,180611.1932504167,true
video,180611212793666,1000000000,180611.2104574167,true
audio,180611175995458,1000000000,180611.21091025003,true
video,180611229460250,1000000000,180611.2275466667,true
audio,180611195995458,1000000000,180611.23219070834,true
video,180611246126958,1000000000,180611.24464404167,true
audio,180611215995416,1000000000,180611.253547625,true
video,180611262793458,1000000000,180611.26144212502,true
audio,180611235995458,1000000000,180611.274949125,true
video,180611279460041,1000000000,180611.27822595835,true
video,180611296126750,1000000000,180611.29497866667,true
audio,180611255995458,1000000000,180611.29618570834,true
video,180611312793250,1000000000,180611.31222695834,true
audio,180611275995416,1000000000,180611.3175930417,true
video,180611329459875,1000000000,180611.32896966668,true
audio,180611295995458,1000000000,180611.338888375,true
video,180611346126583,1000000000,180611.34569583336,true
audio,180611315995458,1000000000,180611.3603127917,true
video,180611362793166,1000000000,180611.36284204168,true
video,180611379459666,1000000000,180611.37971683335,true
audio,180611335995458,1000000000,180611.38158641668,true
video,180611396126291,1000000000,180611.39761958335,true
audio,180611355995458,1000000000,180611.40290625,true
video,180611421126333,1000000000,180611.41675408336,true
audio,180611375995458,1000000000,180611.42427087502,true
audio,180611395995458,1000000000,180611.424317375,true
video,180611437792750,1000000000,180611.4343597917,true
audio,180611415995458,1000000000,180611.44560108334,true
video,180611454459375,1000000000,180611.45238241667,true
audio,180611435995458,1000000000,180611.4669436667,true
video,180611471125958,1000000000,180611.46954258333,true
video,180611487792625,1000000000,180611.48709508334,true
audio,180611455995458,1000000000,180611.48821945835,true
video,180611504459166,1000000000,180611.504415,true
audio,180611475995458,1000000000,180611.50955100002,true
video,180611521125750,1000000000,180611.52111020836,true
audio,180611495995416,1000000000,180611.5309155417,true
video,180611537792375,1000000000,180611.53793829167,true
audio,180611515995458,1000000000,180611.5522050417,true
video,180611554458958,1000000000,180611.55474275,true
video,180611562792250,1000000000,180611.57156625,true
audio,180611535995458,1000000000,180611.57357,true
video,180611587792125,1000000000,180611.58920779167,true
audio,180611555995416,1000000000,180611.59488379167,true
video,180611612792000,1000000000,180611.60739154168,true
audio,180611575995458,1000000000,180611.61625316666,true
video,180611629458666,1000000000,180611.6249862917,true
audio,180611595995458,1000000000,180611.637513625,true
video,180611637791916,1000000000,180611.64191704168,true
audio,180611615995458,1000000000,180611.65887616668,true
video,180611662791833,1000000000,180611.65970750002,true
video,180611679458416,1000000000,180611.67753320833,true
audio,180611635995458,1000000000,180611.68015920834,true
video,180611687791666,1000000000,180611.69533429167,true
audio,180611655995458,1000000000,180611.70152720835,true
video,180611712791583,1000000000,180611.71201833335,true
audio,180611675995458,1000000000,180611.72291033334,true
video,180611729458208,1000000000,180611.7296925,true
audio,180611695995458,1000000000,180611.74425883335,true
video,180611746124916,1000000000,180611.74655283336,true
audio,180611715995416,1000000000,180611.76554566668,true
video,180611771124750,1000000000,180611.768924,true
video,180611787791333,1000000000,180611.78580120835,true
audio,180611735995458,1000000000,180611.78689104167,true
audio,180611755995458,1000000000,180611.78691875,true
video,180611804457916,1000000000,180611.80362720834,true
audio,180611775995416,1000000000,180611.808253625,true
video,180611821124625,1000000000,180611.82150545836,true
audio,180611795995458,1000000000,180611.829537125,true
video,180611837791125,1000000000,180611.83803229168,true
audio,180611815995458,1000000000,180611.85087483336,true
video,180611862791041,1000000000,180611.8578054167,true
audio,180611835995458,1000000000,180611.87225208335,true
video,180611879457666,1000000000,180611.87489833334,true
video,180611896124250,1000000000,180611.89270816668,true
audio,180611855995458,1000000000,180611.89351004167,true
video,180611912790833,1000000000,180611.91045250001,true
audio,180611875995458,1000000000,180611.91493237502,true
video,180611929457416,1000000000,180611.927539875,true
audio,180611895995458,1000000000,180611.93621208335,true
video,180611946124125,1000000000,180611.945358875,true
audio,180611915995458,1000000000,180611.95757733335,true
video,180611962790625,1000000000,180611.96319554167,true
audio,180611935995458,1000000000,180611.97886979167,true
video,180611987790500,1000000000,180611.982788875,true
video,180612004457166,1000000000,180611.99953679167,true
audio,180611955995458,1000000000,180612.00020941667,true
video,180612021123750,1000000000,180612.016669,true
audio,180611975995458,1000000000,180612.02152500002,true
video,180612037790333,1000000000,180612.03410745834,true
audio,180611995995416,1000000000,180612.04290458333,true
video,180612054456958,1000000000,180612.05099254168,true
audio,180612015995458,1000000000,180612.064259875,true
video,180612071123625,1000000000,180612.06799879167,true
audio,180612035995458,1000000000,180612.08560125,true
video,180612087790125,1000000000,180612.0857085,true
video,180612104456708,1000000000,180612.10273608335,true
audio,180612055995416,1000000000,180612.10690145835,true
audio,180612075995458,1000000000,180612.10695520835,true
video,180612121123458,1000000000,180612.12020625002,true
audio,180612095995458,1000000000,180612.128261375,true
video,180612137790083,1000000000,180612.13765045835,true
audio,180612115995458,1000000000,180612.14960604167,true
video,180612154456541,1000000000,180612.15469608334,true
audio,180612135995458,1000000000,180612.1709131667,true
video,180612179456458,1000000000,180612.17464075002,true
audio,180612155995458,1000000000,180612.19228545835,true
video,180612196123125,1000000000,180612.19261687502,true
video,180612212789625,1000000000,180612.20973433333,true
audio,180612175995458,1000000000,180612.21353383333,true
video,180612229456291,1000000000,180612.22687920835,true
audio,180612195995458,1000000000,180612.23497820835,true
video,180612246122916,1000000000,180612.24453733335,true
audio,180612215995416,1000000000,180612.256196375,true
video,180612262789416,1000000000,180612.26184879168,true
audio,180612235995458,1000000000,180612.27751508335,true
video,180612279456000,1000000000,180612.2787630417,true
video,180612296122708,1000000000,180612.296610875,true
audio,180612255995458,1000000000,180612.29887312502,true
video,180612321122500,1000000000,180612.31642804167,true
audio,180612275995416,1000000000,180612.32021620835,true
video,180612337789208,1000000000,180612.33412491667,true
audio,180612295995458,1000000000,180612.34152891667,true
video,180612354455791,1000000000,180612.35109941667,true
audio,180612315995458,1000000000,180612.36291370835,true
video,180612371122416,1000000000,180612.36855033334,true
audio,180612335995458,1000000000,180612.38427279168,true
video,180612387788916,1000000000,180612.38619216668,true
video,180612404455500,1000000000,180612.40399379167,true
audio,180612355995458,1000000000,180612.405493125,true
video,180612421122208,1000000000,180612.42108841668,true
audio,180612375995458,1000000000,180612.42688416666,true
audio,180612395995458,1000000000,180612.42691975003,true
video,180612437788708,1000000000,180612.43812833334,true
audio,180612415995458,1000000000,180612.44828266668,true
video,180612462788583,1000000000,180612.45780333335,true
audio,180612435995458,1000000000,180612.46955933335,true
video,180612479455166,1000000000,180612.47450100002,true
audio,180612455995458,1000000000,180612.490965625,true
video,180612496121916,1000000000,180612.49173241667,true
video,180612512788416,1000000000,180612.50925975002,true
audio,180612475995458,1000000000,180612.51221408334,true
video,180612529455125,1000000000,180612.52720162502,true
audio,180612495995416,1000000000,180612.53356579167,true
video,180612546121708,1000000000,180612.544437625,true
audio,180612515995458,1000000000,180612.55484795835,true
video,180612562788208,1000000000,180612.56170945836,true
audio,180612535995458,1000000000,180612.57625758334,true
video,180612571121458,1000000000,180612.57955858335,true
video,180612596121333,1000000000,180612.59638558334,true
audio,180612555995416,1000000000,180612.59753716667,true
video,180612612787958,1000000000,180612.61318087502,true
audio,180612575995458,1000000000,180612.618919125,true
video,180612637788000,1000000000,180612.63216279168,true
audio,180612595995458,1000000000,180612.64026129167,true
video,180612646121333,1000000000,180612.64956183336,true
audio,180612615995458,1000000000,180612.6616256667,true
video,180612671121041,1000000000,180612.66682095834,true
audio,180612635995458,1000000000,180612.6722091667,true
video,180612687787708,1000000000,180612.683396,true
audio,180612655995458,1000000000,180612.6935557917,true
video,180612696120958,1000000000,180612.70104862502,true
audio,180612675995458,1000000000,180612.7149107917,true
video,180612721120833,1000000000,180612.71800295834,true
video,180612737787458,1000000000,180612.73547533335,true
audio,180612695995458,1000000000,180612.73615095834,true
video,180612754454083,1000000000,180612.7520887917,true
audio,180612715995416,1000000000,180612.75753920834,true
video,180612771120666,1000000000,180612.7692145,true
audio,180612735995458,1000000000,180612.7788701667,true
audio,180612755995458,1000000000,180612.7789165,true
video,180612787787250,1000000000,180612.78646370835,true
audio,180612775995416,1000000000,180612.800217125,true
video,180612804453875,1000000000,180612.80419575,true
video,180612821120458,1000000000,180612.82118654167,true
audio,180612795995458,1000000000,180612.82148733333,true
video,180612837787041,1000000000,180612.83793487502,true
audio,180612815995458,1000000000,180612.84293945835,true
video,180612862786916,1000000000,180612.85843295834,true
audio,180612835995458,1000000000,180612.8642270417,true
video,180612879453541,1000000000,180612.87601504166,true
audio,180612855995458,1000000000,180612.88558066668,true
video,180612896120125,1000000000,180612.89313912502,true
audio,180612875995458,1000000000,180612.90697295836,true
video,180612912786750,1000000000,180612.910818625,true
audio,180612895995458,1000000000,180612.92825804168,true
video,180612929453375,1000000000,180612.92836991668,true
video,180612946119958,1000000000,180612.94601233336,true
audio,180612915995458,1000000000,180612.94959937502,true
video,180612962786541,1000000000,180612.96291658335,true
audio,180612935995458,1000000000,180612.97094304167,true
video,180612979453125,1000000000,180612.9796165,true
audio,180612955995458,1000000000,180612.99222062502,true
video,180612996119833,1000000000,180612.99633820835,true
audio,180612975995458,1000000000,180613.013550375,true
video,180613021119625,1000000000,180613.01638112502,true
video,180613037786208,1000000000,180613.03417933334,true
audio,180612995995416,1000000000,180613.03486433334,true
video,180613054452875,1000000000,180613.051018375,true
audio,180613015995458,1000000000,180613.05617783335,true
video,180613071119458,1000000000,180613.06775879167,true
audio,180613035995458,1000000000,180613.07752283334,true
video,180613087786041,1000000000,180613.08552758335,true
audio,180613055995416,1000000000,180613.09888445833,true
audio,180613075995458,1000000000,180613.09892420835,true
video,180613104452625,1000000000,180613.10242512502,true
video,180613121119333,1000000000,180613.1190432917,true
audio,180613095995458,1000000000,180613.120206625,true
video,180613137785833,1000000000,180613.13691733335,true
audio,180613115995458,1000000000,180613.14156475003,true
video,180613154452458,1000000000,180613.15396041668,true
audio,180613135995458,1000000000,180613.162951125,true
video,180613171119125,1000000000,180613.17099270836,true
audio,180613155995458,1000000000,180613.18424720835,true
video,180613187785666,1000000000,180613.18813166668,true
video,180613204452250,1000000000,180613.20467900002,true
audio,180613175995458,1000000000,180613.20555841667,true
video,180613229452125,1000000000,180613.22466329168,true
audio,180613195995458,1000000000,180613.22689991668,true
video,180613246118833,1000000000,180613.24165620835,true
audio,180613215995416,1000000000,180613.24826708334,true
video,180613262785333,1000000000,180613.25921595836,true
audio,180613235995458,1000000000,180613.26955270834,true
video,180613279451916,1000000000,180613.27597858335,true
audio,180613255995458,1000000000,180613.29097266667,true
video,180613296118500,1000000000,180613.29393583335,true
video,180613312785083,1000000000,180613.31074791666,true
audio,180613275995416,1000000000,180613.31217179168,true
video,180613329451791,1000000000,180613.32775275002,true
audio,180613295995458,1000000000,180613.33355270835,true
video,180613346118291,1000000000,180613.34494470834,true
audio,180613315995458,1000000000,180613.35491362502,true
video,180613362784875,1000000000,180613.36198804167,true
audio,180613335995458,1000000000,180613.376217125,true
video,180613379451625,1000000000,180613.37964616666,true
video,180613396118083,1000000000,180613.396347125,true
audio,180613355995458,1000000000,180613.39751833334,true
video,180613421118125,1000000000,180613.41629679166,true
audio,180613375995458,1000000000,180613.41894458333,true
audio,180613395995458,1000000000,180613.4189989167,true
video,180613437784583,1000000000,180613.43344820835,true
audio,180613415995458,1000000000,180613.44032575,true
video,180613454451291,1000000000,180613.45098345834,true
audio,180613435995458,1000000000,180613.46155641667,true
video,180613471117791,1000000000,180613.46795970833,true
audio,180613455995458,1000000000,180613.48293691667,true
video,180613487784375,1000000000,180613.48570362502,true
video,180613504451000,1000000000,180613.50275758334,true
audio,180613475995458,1000000000,180613.50418416667,true
video,180613512784291,1000000000,180613.52023454168,true
audio,180613495995416,1000000000,180613.52561220835,true
video,180613529450875,1000000000,180613.5372299167,true
audio,180613515995458,1000000000,180613.546994625,true
video,180613554450750,1000000000,180613.55417270833,true
audio,180613535995458,1000000000,180613.5681995,true
video,180613571117375,1000000000,180613.57151645835,true
audio,180613555995416,1000000000,180613.5895969167,true
video,180613596117291,1000000000,180613.59034320834,true
video,180613604450541,1000000000,180613.60716666668,true
audio,180613575995458,1000000000,180613.61090054168,true
video,180613629450625,1000000000,180613.62406458333,true
audio,180613595995458,1000000000,180613.63222262502,true
video,180613646117083,1000000000,180613.64152579167,true
audio,180613615995458,1000000000,180613.653585625,true
video,180613654450333,1000000000,180613.65871091667,true
audio,180613635995458,1000000000,180613.67496125,true
video,180613679450458,1000000000,180613.675305,true
video,180613696116875,1000000000,180613.69287308335,true
audio,180613655995458,1000000000,180613.69625729168,true
video,180613712783500,1000000000,180613.710283625,true
audio,180613675995458,1000000000,180613.71758983334,true
video,180613729450083,1000000000,180613.72692883335,true
audio,180613695995458,1000000000,180613.73889345836,true
video,180613746116833,1000000000,180613.74476208334,true
audio,180613715995416,1000000000,180613.76029041669,true
video,180613762783291,1000000000,180613.76167025,true
video,180613779449875,1000000000,180613.7790005,true
audio,180613735995458,1000000000,180613.781561125,true
audio,180613755995458,1000000000,180613.78159733335,true
video,180613796116583,1000000000,180613.79627308334,true
audio,180613775995416,1000000000,180613.80293675,true
video,180613812783083,1000000000,180613.81308558336,true
audio,180613795995458,1000000000,180613.82424670833,true
video,180613829449666,1000000000,180613.82968675002,true
audio,180613815995458,1000000000,180613.84561062502,true
video,180613854449541,1000000000,180613.84940545834,true
video,180613871116166,1000000000,180613.86665975,true
audio,180613835995458,1000000000,180613.86678183335,true
video,180613887782875,1000000000,180613.88412625002,true
audio,180613855995458,1000000000,180613.88819583334,true
video,180613904449333,1000000000,180613.9008319167,true
audio,180613875995458,1000000000,180613.9095690417,true
video,180613921116041,1000000000,180613.91784162502,true
audio,180613895995458,1000000000,180613.93089483335,true
video,180613937782541,1000000000,180613.93536775,true
video,180613954449166,1000000000,180613.95225608334,true
audio,180613915995458,1000000000,180613.95232683336,true
video,180613971115750,1000000000,180613.969909,true
audio,180613935995458,1000000000,180613.97359191667,true
video,180613987782333,1000000000,180613.98656866667,true
audio,180613955995458,1000000000,180613.99486512502,true
video,180614004448958,1000000000,180614.00391266667,true
audio,180613975995458,1000000000,180614.01629791668,true
video,180614021115541,1000000000,180614.0211231667,true
audio,180613995995416,1000000000,180614.03757770834,true
video,180614037782125,1000000000,180614.03798300002,true
video,180614054448750,1000000000,180614.05496366668,true
audio,180614015995458,1000000000,180614.05896508336,true
video,180614079448625,1000000000,180614.074765875,true
audio,180614035995458,1000000000,180614.08028687502,true
video,180614096115208,1000000000,180614.09260550002,true
audio,180614055995416,1000000000,180614.101571,true
audio,180614075995458,1000000000,180614.10160916668,true
video,180614112781791,1000000000,180614.1095750417,true
audio,180614095995458,1000000000,180614.122933125,true
video,180614129448583,1000000000,180614.12713862502,true
video,180614146115041,1000000000,180614.14401125,true
audio,180614115995458,1000000000,180614.14421041668,true
video,180614162781625,1000000000,180614.1620755,true
audio,180614135995458,1000000000,180614.165549,true
video,180614179448250,1000000000,180614.17887416668,true
audio,180614155995458,1000000000,180614.18689550002,true
video,180614196114958,1000000000,180614.19611066667,true
audio,180614175995458,1000000000,180614.20830558334,true
video,180614212781416,1000000000,180614.21301170834,true
audio,180614195995458,1000000000,180614.22960504168,true
video,180614229448000,1000000000,180614.22971645836,true
video,180614254447916,1000000000,180614.25006495835,true
audio,180614215995416,1000000000,180614.2508651667,true
video,180614271114625,1000000000,180614.26773533336,true
audio,180614235995458,1000000000,180614.27229720834,true
video,180614287781083,1000000000,180614.28558804168,true
audio,180614255995458,1000000000,180614.29355429168,true
video,180614304447708,1000000000,180614.30226795835,true
audio,180614275995416,1000000000,180614.31493729167,true
video,180614321114416,1000000000,180614.31942429167,true
audio,180614295995458,1000000000,180614.33628570836,true
video,180614337780875,1000000000,180614.33697775,true
video,180614354447625,1000000000,180614.35458604168,true
audio,180614315995458,1000000000,180614.35766229167,true
video,180614371114208,1000000000,180614.37134525002,true
audio,180614335995458,1000000000,180614.37889295834,true
video,180614387780666,1000000000,180614.38811275002,true
audio,180614355995458,1000000000,180614.40031908333,true
video,180614412780541,1000000000,180614.40810425,true
audio,180614375995458,1000000000,180614.42157325,true
audio,180614395995458,1000000000,180614.4216225,true
video,180614429447166,1000000000,180614.42603820833,true
video,180614446113750,1000000000,180614.44282020835,true
audio,180614415995458,1000000000,180614.44288762502,true
video,180614462780333,1000000000,180614.4599150417,true
audio,180614435995458,1000000000,180614.464218125,true
video,180614479446958,1000000000,180614.47753162502,true
audio,180614455995458,1000000000,180614.48559745835,true
video,180614496113666,1000000000,180614.49493191668,true
audio,180614475995458,1000000000,180614.50699775002,true
video,180614512780166,1000000000,180614.51251483333,true
audio,180614495995416,1000000000,180614.52825695835,true
video,180614529446750,1000000000,180614.529787125,true
video,180614546113458,1000000000,180614.54656179168,true
audio,180614515995458,1000000000,180614.54950458335,true
video,180614562779958,1000000000,180614.56316625,true
audio,180614535995458,1000000000,180614.57092458336,true
video,180614587779833,1000000000,180614.5821822917,true
audio,180614555995416,1000000000,180614.59224470836,true
video,180614596113083,1000000000,180614.599598375,true
audio,180614575995458,1000000000,180614.61357433334,true
video,180614621113000,1000000000,180614.61688812502,true
video,180614637779666,1000000000,180614.63499483335,true
audio,180614595995458,1000000000,180614.63505070834,true
video,180614646112916,1000000000,180614.65257583334,true
audio,180614615995458,1000000000,180614.6562020417,true
video,180614671112791,1000000000,180614.66931658334,true
audio,180614635995458,1000000000,180614.67754958334,true
video,180614687779458,1000000000,180614.68676841666,true
audio,180614655995458,1000000000,180614.69894429168,true
video,180614704446041,1000000000,180614.70407320836,true
audio,180614675995458,1000000000,180614.720217875,true
video,180614721112666,1000000000,180614.72105320834,true
video,180614737779250,1000000000,180614.73830429168,true
audio,180614695995458,1000000000,180614.74150695835,true
video,180614762779125,1000000000,180614.75843437502,true
audio,180614715995416,1000000000,180614.762851,true
video,180614779445750,1000000000,180614.7772192917,true
audio,180614735995458,1000000000,180614.78426566668,true
audio,180614755995458,1000000000,180614.78431862502,true
video,180614796112458,1000000000,180614.79401845834,true
audio,180614775995416,1000000000,180614.80565495836,true
video,180614812778958,1000000000,180614.81177370835,true
audio,180614795995458,1000000000,180614.82689141668,true
video,180614829445541,1000000000,180614.82880858335,true
video,180614846112125,1000000000,180614.84646208334,true
audio,180614815995458,1000000000,180614.84824508335,true
video,180614871112166,1000000000,180614.86634225002,true
audio,180614835995458,1000000000,180614.86961483335,true
video,180614887778625,1000000000,180614.88314675,true
audio,180614855995458,1000000000,180614.8909017917,true
video,180614904445208,1000000000,180614.90014645836,true
audio,180614875995458,1000000000,180614.9122405,true
video,180614921111791,1000000000,180614.9174535,true
audio,180614895995458,1000000000,180614.93357491668,true
video,180614937778416,1000000000,180614.93425854167,true
video,180614954444958,1000000000,180614.95134633334,true
audio,180614915995458,1000000000,180614.954853,true
video,180614971111708,1000000000,180614.96865175,true
audio,180614935995458,1000000000,180614.97620379168,true
video,180614987778166,1000000000,180614.98654566667,true
audio,180614955995458,1000000000,180614.9975505,true
video,180615004444791,1000000000,180615.00378745835,true
audio,180614975995458,1000000000,180615.01890925,true
video,180615021111375,1000000000,180615.02122633334,true
video,180615037777958,1000000000,180615.0380765,true
audio,180614995995416,1000000000,180615.04027195834,true
video,180615054444583,1000000000,180615.05464433334,true
audio,180615015995458,1000000000,180615.061628875,true
video,180615079444458,1000000000,180615.07498645835,true
audio,180615035995458,1000000000,180615.08286775002,true
video,180615096111208,1000000000,180615.0927159167,true
audio,180615055995416,1000000000,180615.10418733335,true
audio,180615075995458,1000000000,180615.10422145834,true
video,180615112777666,1000000000,180615.11063866667,true
audio,180615095995458,1000000000,180615.125628625,true
video,180615129444291,1000000000,180615.12811158336,true
video,180615146110875,1000000000,180615.144979375,true
audio,180615115995458,1000000000,180615.1468417917,true
video,180615162777458,1000000000,180615.16168029167,true
audio,180615135995458,1000000000,180615.16831820834,true
video,180615179444083,1000000000,180615.17899616668,true
audio,180615155995458,1000000000,180615.18962445835,true
video,180615196110666,1000000000,180615.195699125,true
audio,180615175995458,1000000000,180615.210960625,true
video,180615212777250,1000000000,180615.21311220835,true
video,180615229444000,1000000000,180615.2295457917,true
audio,180615195995458,1000000000,180615.232215125,true
video,180615246110583,1000000000,180615.24642275,true
audio,180615215995416,1000000000,180615.25356241668,true
video,180615262777083,1000000000,180615.26311095833,true
audio,180615235995458,1000000000,180615.27491391668,true
video,180615287776958,1000000000,180615.284336,true
audio,180615255995458,1000000000,180615.2961659167,true
video,180615304443708,1000000000,180615.30204666668,true
audio,180615275995416,1000000000,180615.31757941667,true
video,180615321110291,1000000000,180615.31907879168,true
video,180615337776750,1000000000,180615.33635070836,true
audio,180615295995458,1000000000,180615.33884658336,true
video,180615354443333,1000000000,180615.35300170834,true
audio,180615315995458,1000000000,180615.36025525,true
video,180615371110041,1000000000,180615.37073408335,true
audio,180615335995458,1000000000,180615.38160325002,true
video,180615387776541,1000000000,180615.38753395833,true
audio,180615355995458,1000000000,180615.40284287502,true
video,180615404443125,1000000000,180615.40452295836,true
video,180615421109875,1000000000,180615.42127208333,true
audio,180615375995458,1000000000,180615.4242421667,true
audio,180615395995458,1000000000,180615.42427529168,true
video,180615437776333,1000000000,180615.43811400002,true
audio,180615415995458,1000000000,180615.44559620833,true
video,180615462776166,1000000000,180615.45963641666,true
audio,180615435995458,1000000000,180615.46688004167,true
video,180615479442833,1000000000,180615.47692016666,true
audio,180615455995458,1000000000,180615.48824995835,true
video,180615487776125,1000000000,180615.493957625,true
audio,180615475995458,1000000000,180615.5095834167,true
video,180615512775958,1000000000,180615.51106358334,true
video,180615521109291,1000000000,180615.52806162502,true
audio,180615495995416,1000000000,180615.5308645,true
video,180615537776000,1000000000,180615.5459284167,true
audio,180615515995458,1000000000,180615.55228241667,true
video,180615562775750,1000000000,180615.56355325002,true
audio,180615535995458,1000000000,180615.5736355417,true
video,180615587775666,1000000000,180615.58204670835,true
audio,180615555995416,1000000000,180615.59494220835,true
video,180615604442291,1000000000,180615.59887970836,true
audio,180615575995458,1000000000,180615.61622712502,true
video,180615637775416,1000000000,180615.63402650002,true
audio,180615595995458,1000000000,180615.63757079167,true
video,180615654442083,1000000000,180615.65117233334,true
audio,180615615995458,1000000000,180615.65883570834,true
video,180615671108708,1000000000,180615.66810566667,true
audio,180615635995458,1000000000,180615.68022220835,true
audio,180615655995458,1000000000,180615.70160241667,true
video,180615696108541,1000000000,180615.70334908334,true
video,180615721108416,1000000000,180615.72013675002,true
audio,180615675995458,1000000000,180615.72288666668,true
video,180615737775083,1000000000,180615.73784454167,true
audio,180615695995458,1000000000,180615.74424104168,true
video,180615754441708,1000000000,180615.754424,true
audio,180615715995416,1000000000,180615.76551408335,true
video,180615771108291,1000000000,180615.77148804168,true
audio,180615735995458,1000000000,180615.78685408336,true
audio,180615755995458,1000000000,180615.7868889167,true
video,180615796108291,1000000000,180615.79280820835,true
audio,180615775995416,1000000000,180615.80820770835,true
video,180615812774791,1000000000,180615.80996233335,true
video,180615829441375,1000000000,180615.82767070836,true
audio,180615795995458,1000000000,180615.82954808333,true
video,180615846108083,1000000000,180615.84548325,true
audio,180615815995458,1000000000,180615.8509145,true
video,180615862774708,1000000000,180615.86272054169,true
audio,180615835995458,1000000000,180615.87233270836,true
video,180615879441166,1000000000,180615.87960929167,true
audio,180615855995458,1000000000,180615.89362841667,true
video,180615896107708,1000000000,180615.89651050002,true
audio,180615875995458,1000000000,180615.91489108335,true
video,180615921107750,1000000000,180615.918199625,true
video,180615937774250,1000000000,180615.93542079168,true
audio,180615895995458,1000000000,180615.93621383334,true
video,180615954440833,1000000000,180615.95322379167,true
audio,180615915995458,1000000000,180615.957566375,true
video,180615971107541,1000000000,180615.97037033335,true
audio,180615935995458,1000000000,180615.97892008335,true
video,180615987774041,1000000000,180615.987755625,true
audio,180615955995458,1000000000,180616.00022108335,true
video,180616004440625,1000000000,180616.00456454168,true
audio,180615975995458,1000000000,180616.02160220835,true
video,180616029440625,1000000000,180616.02495070835,true
video,180616046107208,1000000000,180616.04179570836,true
audio,180615995995416,1000000000,180616.04290858333,true
video,180616062773708,1000000000,180616.05956270834,true
audio,180616015995458,1000000000,180616.06423054167,true
video,180616079440291,1000000000,180616.07660025,true
audio,180616035995458,1000000000,180616.08560754167,true
video,180616096107000,1000000000,180616.09382758333,true
audio,180616055995416,1000000000,180616.1069905,true
audio,180616075995458,1000000000,180616.10703529167,true
video,180616112773500,1000000000,180616.11099479167,true
video,180616129440250,1000000000,180616.12782729167,true
audio,180616095995458,1000000000,180616.12813045835,true
video,180616146106833,1000000000,180616.145567375,true
audio,180616115995458,1000000000,180616.149608125,true
video,180616162773291,1000000000,180616.16275850002,true
audio,180616135995458,1000000000,180616.17086141667,true
video,180616171106541,1000000000,180616.17998375001,true
audio,180616155995458,1000000000,180616.19223500002,true
video,180616204439791,1000000000,180616.20125395834,true
audio,180616175995458,1000000000,180616.21356550002,true
video,180616221106500,1000000000,180616.2188885,true
audio,180616195995458,1000000000,180616.23497062502,true
video,180616237773000,1000000000,180616.23633925,true
video,180616254439583,1000000000,180616.25310175002,true
audio,180616215995416,1000000000,180616.256277375,true
video,180616262772833,1000000000,180616.27099216668,true
audio,180616235995458,1000000000,180616.27758154168,true
video,180616287772708,1000000000,180616.28796875002,true
audio,180616255995458,1000000000,180616.29894070834,true
video,180616304439375,1000000000,180616.30490725,true
audio,180616275995416,1000000000,180616.320220375,true
video,180616329439250,1000000000,180616.32674958336,true
audio,180616295995458,1000000000,180616.34157079167,true
video,180616346105833,1000000000,180616.34397529167,true
video,180616362772458,1000000000,180616.361081125,true
audio,180616315995458,1000000000,180616.3628590417,true
video,180616379439083,1000000000,180616.37824904168,true
audio,180616335995458,1000000000,180616.38431354167,true
video,180616387772375,1000000000,180616.39581570835,true
audio,180616355995458,1000000000,180616.40555945833,true
video,180616412772416,1000000000,180616.41283020834,true
audio,180616375995458,1000000000,180616.426894875,true
audio,180616395995458,1000000000,180616.42693404166,true
video,180616429439000,1000000000,180616.42982358334,true
video,180616446105458,1000000000,180616.44645100003,true
audio,180616415995458,1000000000,180616.44818925002,true
video,180616462772041,1000000000,180616.46317108333,true
audio,180616435995458,1000000000,180616.4696344167,true
video,180616487771958,1000000000,180616.48283445835,true
audio,180616455995458,1000000000,180616.49093875,true
video,180616504438541,1000000000,180616.49981795833,true
audio,180616475995458,1000000000,180616.51226333334,true
video,180616521105291,1000000000,180616.51737412502,true
audio,180616495995416,1000000000,180616.53364916667,true
video,180616537771750,1000000000,180616.53409995834,true
video,180616554438333,1000000000,180616.55105183335,true
audio,180616515995458,1000000000,180616.55489545834,true
video,180616571105041,1000000000,180616.56795741667,true
audio,180616535995458,1000000000,180616.57622058335,true
video,180616587771500,1000000000,180616.58542087502,true
audio,180616555995416,1000000000,180616.59757062502,true
video,180616604438125,1000000000,180616.603149375,true
audio,180616575995458,1000000000,180616.61890470833,true
video,180616621104708,1000000000,180616.6199285,true
video,180616637771291,1000000000,180616.63724129167,true
audio,180616595995458,1000000000,180616.64019887501,true
video,180616646104708,1000000000,180616.65457137502,true
audio,180616615995458,1000000000,180616.66154933334,true
video,180616671104416,1000000000,180616.67120383334,true
audio,180616635995458,1000000000,180616.67219666668,true
video,180616687771083,1000000000,180616.68812475,true
audio,180616655995458,1000000000,180616.69362587502,true
video,180616704437791,1000000000,180616.704672625,true
audio,180616675995458,1000000000,180616.71491329168,true
video,180616729437583,1000000000,180616.72559804167,true
audio,180616695995458,1000000000,180616.73626220835,true
video,180616737770875,1000000000,180616.74304795836,true
audio,180616715995416,1000000000,180616.7575735,true
video,180616762770708,1000000000,180616.76066341667,true
video,180616779437375,1000000000,180616.7779076667,true
audio,180616735995458,1000000000,180616.778892625,true
audio,180616755995458,1000000000,180616.778948625,true
video,180616796104125,1000000000,180616.79488841668,true
audio,180616775995416,1000000000,180616.80029595835,true
video,180616812770708,1000000000,180616.81212129167,true
audio,180616795995458,1000000000,180616.82159679168,true
video,180616829437166,1000000000,180616.82965416668,true
audio,180616815995458,1000000000,180616.84294095833,true
video,180616846103916,1000000000,180616.84642283333,true
audio,180616835995458,1000000000,180616.86423187502,true
video,180616871103666,1000000000,180616.86642237502,true
video,180616887770416,1000000000,180616.88413758334,true
audio,180616855995458,1000000000,180616.8855166667,true
video,180616904436875,1000000000,180616.90112416667,true
audio,180616875995458,1000000000,180616.90685212502,true
video,180616921103458,1000000000,180616.91874975,true
audio,180616895995458,1000000000,180616.9282135417,true
video,180616937770041,1000000000,180616.9365955,true
audio,180616915995458,1000000000,180616.94954650002,true
video,180616954436666,1000000000,180616.9540845,true
audio,180616935995458,1000000000,180616.97098912502,true
video,180616971103250,1000000000,180616.97119916667,true
video,180616987769833,1000000000,180616.98796829168,true
audio,180616955995458,1000000000,180616.9922545417,true
video,180617004436458,1000000000,180617.00460641668,true
audio,180616975995458,1000000000,180617.01364191668,true
video,180617021103041,1000000000,180617.02130304166,true
audio,180616995995416,1000000000,180617.03494333333,true
video,180617037769625,1000000000,180617.03828483334,true
audio,180617015995458,1000000000,180617.05624775,true
video,180617062769541,1000000000,180617.05813933336,true
video,180617079436125,1000000000,180617.07574058336,true
audio,180617035995458,1000000000,180617.07752466667,true
video,180617096102708,1000000000,180617.09291654167,true
audio,180617055995416,1000000000,180617.09887708334,true
audio,180617075995458,1000000000,180617.0989135,true
video,180617112769416,1000000000,180617.11001558334,true
audio,180617095995458,1000000000,180617.12022820834,true
video,180617129435875,1000000000,180617.127723,true
audio,180617115995458,1000000000,180617.14159525002,true
video,180617146102500,1000000000,180617.14516270833,true
video,180617162769125,1000000000,180617.16212645834,true
audio,180617135995458,1000000000,180617.16286620835,true
video,180617179435708,1000000000,180617.1798342917,true
audio,180617155995458,1000000000,180617.18425475,true
video,180617196102291,1000000000,180617.19633608335,true
audio,180617175995458,1000000000,180617.20557579168,true
video,180617221102291,1000000000,180617.21596345835,true
audio,180617195995458,1000000000,180617.22696479168,true
video,180617237768791,1000000000,180617.23317258334,true
audio,180617215995416,1000000000,180617.2482470417,true
video,180617254435500,1000000000,180617.25014920835,true
video,180617271101958,1000000000,180617.26738083333,true
audio,180617235995458,1000000000,180617.26954162502,true
video,180617287768541,1000000000,180617.2845307917,true
audio,180617255995458,1000000000,180617.29091945835,true
video,180617304435291,1000000000,180617.30218370835,true
audio,180617275995416,1000000000,180617.31223758333,true
video,180617321101750,1000000000,180617.3191291667,true
audio,180617295995458,1000000000,180617.33359008335,true
video,180617337768333,1000000000,180617.33612920836,true
video,180617354434958,1000000000,180617.35341991668,true
audio,180617315995458,1000000000,180617.35490512502,true
video,180617371101666,1000000000,180617.37105645833,true
audio,180617335995458,1000000000,180617.37625733335,true
video,180617387768166,1000000000,180617.38798629167,true
audio,180617355995458,1000000000,180617.39763333334,true
video,180617412768041,1000000000,180617.407760125,true
audio,180617375995458,1000000000,180617.41890391667,true
audio,180617395995458,1000000000,180617.41894795836,true
video,180617429434666,1000000000,180617.42466495835,true
audio,180617415995458,1000000000,180617.4403069167,true
video,180617446101250,1000000000,180617.44156320835,true
video,180617462767833,1000000000,180617.45914633333,true
audio,180617435995458,1000000000,180617.4616575,true
video,180617479434458,1000000000,180617.4759330417,true
audio,180617455995458,1000000000,180617.48299016667,true
video,180617496101041,1000000000,180617.49300458335,true
audio,180617475995458,1000000000,180617.5042669167,true
video,180617512767750,1000000000,180617.5098326667,true
audio,180617495995416,1000000000,180617.52554704167,true
video,180617529434208,1000000000,180617.52691100002,true
video,180617537767458,1000000000,180617.544472,true
audio,180617515995458,1000000000,180617.54684341667,true
video,180617562767375,1000000000,180617.56131745834,true
audio,180617535995458,1000000000,180617.56822075002,true
audio,180617555995416,1000000000,180617.58960141666,true
video,180617587767250,1000000000,180617.59512216668,true
audio,180617575995458,1000000000,180617.61092766668,true
video,180617612767166,1000000000,180617.61235220835,true
video,180617629433791,1000000000,180617.63022400002,true
audio,180617595995458,1000000000,180617.632175,true
video,180617654433666,1000000000,180617.64894845834,true
audio,180617615995458,1000000000,180617.65358512502,true
audio,180617635995458,1000000000,180617.6748849167,true
video,180617679433541,1000000000,180617.68419845833,true
audio,180617655995458,1000000000,180617.6962885417,true
video,180617704433416,1000000000,180617.70136858334,true
audio,180617675995458,1000000000,180617.7176359167,true
video,180617721100083,1000000000,180617.71828683335,true
video,180617737766666,1000000000,180617.735625,true
audio,180617695995458,1000000000,180617.73890620834,true
video,180617754433250,1000000000,180617.752568125,true
audio,180617715995416,1000000000,180617.7601987917,true
video,180617771099875,1000000000,180617.77060062502,true
audio,180617735995458,1000000000,180617.78155745834,true
audio,180617755995458,1000000000,180617.78158020834,true
video,180617787766458,1000000000,180617.7882464167,true
audio,180617775995416,1000000000,180617.80285883334,true
video,180617812766333,1000000000,180617.8098975,true
audio,180617795995458,1000000000,180617.82425283335,true
video,180617829432916,1000000000,180617.82685537502,true
video,180617846099541,1000000000,180617.843811375,true
audio,180617815995458,1000000000,180617.84551129167,true
video,180617862766125,1000000000,180617.8606839167,true
audio,180617835995458,1000000000,180617.86689708335,true
video,180617879432708,1000000000,180617.87861833334,true
audio,180617855995458,1000000000,180617.88825670833,true
video,180617896099333,1000000000,180617.8955226667,true
audio,180617875995458,1000000000,180617.90963100002,true
video,180617912765916,1000000000,180617.91276966667,true
video,180617929432541,1000000000,180617.92975900002,true
audio,180617895995458,1000000000,180617.93091700002,true
video,180617954432416,1000000000,180617.94940683336,true
audio,180617915995458,1000000000,180617.95223433335,true
video,180617971099125,1000000000,180617.96612358335,true
audio,180617935995458,1000000000,180617.97362250002,true
video,180617987765625,1000000000,180617.9832454167,true
audio,180617955995458,1000000000,180617.99492875,true
video,180618004432208,1000000000,180618.00103475002,true
audio,180617975995458,1000000000,180618.01627504168,true
video,180618021098833,1000000000,180618.01777550002,true
video,180618037765416,1000000000,180618.0354556667,true
audio,180617995995416,1000000000,180618.03758379168,true
video,180618054432041,1000000000,180618.05256395834,true
audio,180618015995458,1000000000,180618.05889891667,true
video,180618071098625,1000000000,180618.06984025,true
audio,180618035995458,1000000000,180618.0802325,true
video,180618087765208,1000000000,180618.08732504168,true
audio,180618055995416,1000000000,180618.10165670834,true
audio,180618075995458,1000000000,180618.10173362502,true
video,180618104431833,1000000000,180618.10464550002,true
video,180618121098458,1000000000,180618.12162125,true
audio,180618095995458,1000000000,180618.12290545835,true
video,180618146098416,1000000000,180618.1415400417,true
audio,180618115995458,1000000000,180618.144249875,true
video,180618162764916,1000000000,180618.15813729167,true
audio,180618135995458,1000000000,180618.16563266667,true
video,180618179431500,1000000000,180618.176278375,true
audio,180618155995458,1000000000,180618.186861875,true
video,180618196098041,1000000000,180618.194930375,true
audio,180618175995458,1000000000,180618.20824612502,true
video,180618212764625,1000000000,180618.21285933335,true
video,180618229431375,1000000000,180618.22951704168,true
audio,180618195995458,1000000000,180618.22959608334,true
video,180618246097833,1000000000,180618.24630383335,true
audio,180618215995416,1000000000,180618.25089004167,true
video,180618262764541,1000000000,180618.26312583336,true
audio,180618235995458,1000000000,180618.2722579167,true
video,180618287764333,1000000000,180618.283203375,true
audio,180618255995458,1000000000,180618.293557125,true
video,180618304430958,1000000000,180618.3006625,true
audio,180618275995416,1000000000,180618.31491016666,true
video,180618321097541,1000000000,180618.317928125,true
video,180618337764250,1000000000,180618.33476704167,true
audio,180618295995458,1000000000,180618.33629058333,true
video,180618354430750,1000000000,180618.3518774167,true
audio,180618315995458,1000000000,180618.35771545835,true
video,180618371097333,1000000000,180618.36855683333,true
audio,180618335995458,1000000000,180618.37896370835,true
video,180618387764083,1000000000,180618.38552645835,true
audio,180618355995458,1000000000,180618.40023254167,true
video,180618404430541,1000000000,180618.40269062502,true
video,180618421097250,1000000000,180618.41998929167,true
audio,180618375995458,1000000000,180618.421543125,true
audio,180618395995458,1000000000,180618.42157566667,true
video,180618437763708,1000000000,180618.43737220834,true
audio,180618415995458,1000000000,180618.44289391668,true
video,180618454430291,1000000000,180618.45468833335,true
audio,180618435995458,1000000000,180618.46424545834,true
video,180618479430250,1000000000,180618.47517991668,true
audio,180618455995458,1000000000,180618.48556754168,true
video,180618496096916,1000000000,180618.492260375,true
audio,180618475995458,1000000000,180618.5069255,true
video,180618512763500,1000000000,180618.50958233335,true
video,180618529430000,1000000000,180618.527471625,true
audio,180618495995416,1000000000,180618.52820233334,true
audio,180618515995458,1000000000,180618.54959375,true
video,180618554429875,1000000000,180618.56254850002,true
audio,180618535995458,1000000000,180618.57093225,true
video,180618571096458,1000000000,180618.5796515417,true
audio,180618555995416,1000000000,180618.59235633333,true
video,180618596096333,1000000000,180618.59743650001,true
audio,180618575995458,1000000000,180618.61370412502,true
video,180618621096250,1000000000,180618.61583091668,true
video,180618637762916,1000000000,180618.63287633334,true
audio,180618595995458,1000000000,180618.63490470833,true
video,180618646096166,1000000000,180618.65012575002,true
audio,180618615995458,1000000000,180618.65631429167,true
video,180618671096041,1000000000,180618.66693679168,true
audio,180618635995458,1000000000,180618.67759354168,true
video,180618687762666,1000000000,180618.6848991667,true
audio,180618655995458,1000000000,180618.69891775,true
video,180618721095750,1000000000,180618.71916795833,true
audio,180618675995458,1000000000,180618.72016608334,true
video,180618737762458,1000000000,180618.73667641668,true
audio,180618695995458,1000000000,180618.74153312502,true
video,180618754429000,1000000000,180618.75441691666,true
audio,180618715995416,1000000000,180618.7628972917,true
video,180618771095625,1000000000,180618.77150658335,true
audio,180618735995458,1000000000,180618.7842815,true
audio,180618755995458,1000000000,180618.78432575002,true
video,180618796095500,1000000000,180618.79345704167,true
audio,180618775995416,1000000000,180618.80556145834,true
video,180618812762125,1000000000,180618.81132554167,true
audio,180618795995458,1000000000,180618.8269184167,true
video,180618829428666,1000000000,180618.82802095835,true
video,180618846095375,1000000000,180618.84496525,true
audio,180618815995458,1000000000,180618.84830437502,true
video,180618862762000,1000000000,180618.86202333335,true
audio,180618835995458,1000000000,180618.86965995835,true
video,180618879428583,1000000000,180618.8787660417,true
audio,180618855995458,1000000000,180618.89097879166,true
video,180618896095208,1000000000,180618.89564183334,true
audio,180618875995458,1000000000,180618.91230516668,true
video,180618912761666,1000000000,180618.91294658335,true
video,180618937761583,1000000000,180618.93285954167,true
audio,180618895995458,1000000000,180618.93351791668,true
video,180618946094875,1000000000,180618.95012841668,true
audio,180618915995458,1000000000,180618.95482429166,true
video,180618971094708,1000000000,180618.96793541667,true
audio,180618935995458,1000000000,180618.97627120835,true
video,180618987761375,1000000000,180618.98455300002,true
audio,180618955995458,1000000000,180618.99757383333,true
video,180619004427958,1000000000,180619.0021881667,true
audio,180618975995458,1000000000,180619.01892779168,true
video,180619021094583,1000000000,180619.01911337502,true
video,180619037761291,1000000000,180619.035917625,true
audio,180618995995416,1000000000,180619.040253,true
video,180619054427750,1000000000,180619.05302258334,true
audio,180619015995458,1000000000,180619.06164895833,true
video,180619071094333,1000000000,180619.070281875,true
audio,180619035995458,1000000000,180619.082941125,true
video,180619087760916,1000000000,180619.08722283333,true
video,180619104427541,1000000000,180619.104200875,true
audio,180619055995416,1000000000,180619.10424870835,true
audio,180619075995458,1000000000,180619.10426366667,true
video,180619121094125,1000000000,180619.12106291667,true
audio,180619095995458,1000000000,180619.12558258334,true
video,180619137760833,1000000000,180619.1380086667,true
audio,180619115995458,1000000000,180619.14684595834,true
video,180619162760625,1000000000,180619.15859266667,true
audio,180619135995458,1000000000,180619.16828666668,true
video,180619179427333,1000000000,180619.175801875,true
audio,180619155995458,1000000000,180619.18961108333,true
video,180619187760541,1000000000,180619.19335291669,true
video,180619212760375,1000000000,180619.21077583334,true
audio,180619175995458,1000000000,180619.21085958334,true
video,180619229427041,1000000000,180619.22792970834,true
audio,180619195995458,1000000000,180619.23232491667,true
video,180619246093625,1000000000,180619.24610516668,true
audio,180619215995416,1000000000,180619.253532,true
video,180619262760333,1000000000,180619.262613,true
audio,180619235995458,1000000000,180619.27490170836,true
video,180619279426791,1000000000,180619.279730125,true
audio,180619255995458,1000000000,180619.29623537502,true
video,180619296093375,1000000000,180619.29652254167,true
video,180619321093250,1000000000,180619.31608737502,true
audio,180619275995416,1000000000,180619.31760783333,true
video,180619337759833,1000000000,180619.33290716668,true
audio,180619295995458,1000000000,180619.33891854167,true
video,180619354426583,1000000000,180619.34978758334,true
audio,180619315995458,1000000000,180619.36026983336,true
video,180619371093041,1000000000,180619.367787875,true
audio,180619335995458,1000000000,180619.381517375,true
video,180619387759750,1000000000,180619.3843851667,true
video,180619404426250,1000000000,180619.40151879168,true
audio,180619355995458,1000000000,180619.40288125002,true
video,180619421092833,1000000000,180619.41888279168,true
audio,180619375995458,1000000000,180619.424218625,true
audio,180619395995458,1000000000,180619.42426854168,true
video,180619437759541,1000000000,180619.43562025,true
audio,180619415995458,1000000000,180619.44560716668,true
video,180619454426041,1000000000,180619.45251375,true
audio,180619435995458,1000000000,180619.46693529168,true
video,180619471092750,1000000000,180619.46992225002,true
video,180619487759250,1000000000,180619.4874615417,true
audio,180619455995458,1000000000,180619.48827791668,true
video,180619504425833,1000000000,180619.50439841667,true
audio,180619475995458,1000000000,180619.50960354166,true
video,180619521092416,1000000000,180619.521172375,true
audio,180619495995416,1000000000,180619.53093104166,true
audio,180619515995458,1000000000,180619.55225587502,true
video,180619562759000,1000000000,180619.55765770836,true
audio,180619535995458,1000000000,180619.57358308334,true
video,180619596092208,1000000000,180619.591588375,true
audio,180619555995416,1000000000,180619.59487016668,true
video,180619612758708,1000000000,180619.60880941668,true
audio,180619575995458,1000000000,180619.61626633335,true
audio,180619595995458,1000000000,180619.63756200002,true
video,180619646091916,1000000000,180619.643099,true
audio,180619615995458,1000000000,180619.65894625,true
video,180619662758500,1000000000,180619.66010900002,true
video,180619679425208,1000000000,180619.6781449167,true
audio,180619635995458,1000000000,180619.68015729167,true
audio,180619655995458,1000000000,180619.70161808335,true
video,180619712758375,1000000000,180619.71284358334,true
audio,180619675995458,1000000000,180619.72289912502,true
video,180619729424875,1000000000,180619.72962433335,true
audio,180619695995458,1000000000,180619.74429266667,true
video,180619746091500,1000000000,180619.74640225002,true
video,180619762758166,1000000000,180619.76301012503,true
audio,180619715995416,1000000000,180619.76564129168,true
video,180619787757958,1000000000,180619.78324558336,true
audio,180619735995458,1000000000,180619.78691795835,true
audio,180619755995458,1000000000,180619.78699608333,true
video,180619804424541,1000000000,180619.80096854168,true
audio,180619775995416,1000000000,180619.80824241668,true
video,180619821091166,1000000000,180619.81802229167,true
audio,180619795995458,1000000000,180619.82957058333,true
video,180619837757708,1000000000,180619.83462562502,true
audio,180619815995458,1000000000,180619.85087466668,true
video,180619854424333,1000000000,180619.85220041667,true
video,180619871090916,1000000000,180619.8694022917,true
audio,180619835995458,1000000000,180619.87219720834,true
video,180619887757666,1000000000,180619.88616433335,true
audio,180619855995458,1000000000,180619.8935732917,true
video,180619904424125,1000000000,180619.90376116667,true
audio,180619875995458,1000000000,180619.91488791668,true
video,180619921090708,1000000000,180619.92108625002,true
audio,180619895995458,1000000000,180619.93625845836,true
video,180619937757458,1000000000,180619.93799045833,true
audio,180619915995458,1000000000,180619.95762795836,true
video,180619962757166,1000000000,180619.958576875,true
video,180619979423791,1000000000,180619.97587745835,true
audio,180619935995458,1000000000,180619.97890170835,true
video,180619996090375,1000000000,180619.9925900417,true
audio,180619955995458,1000000000,180620.00024883336,true
video,180620012757083,1000000000,180620.00995183334,true
audio,180619975995458,1000000000,180620.021496125,true
video,180620029423583,1000000000,180620.02676520834,true
audio,180619995995416,1000000000,180620.04290183334,true
video,180620046090166,1000000000,180620.043710375,true
video,180620062756875,1000000000,180620.06115291666,true
audio,180620015995458,1000000000,180620.06418054167,true
video,180620079423458,1000000000,180620.07905975002,true
audio,180620035995458,1000000000,180620.08558195835,true
video,180620096089958,1000000000,180620.09630041668,true
audio,180620055995416,1000000000,180620.1069192917,true
audio,180620075995458,1000000000,180620.10696925002,true
video,180620112756541,1000000000,180620.112892375,true
audio,180620095995458,1000000000,180620.12825912502,true
video,180620129423125,1000000000,180620.129636,true
video,180620146089875,1000000000,180620.14640691667,true
audio,180620115995458,1000000000,180620.14960970834,true
video,180620162756333,1000000000,180620.1629235,true
audio,180620135995458,1000000000,180620.171007625,true
video,180620187756333,1000000000,180620.18295779167,true
audio,180620155995458,1000000000,180620.19222658334,true
video,180620204422833,1000000000,180620.19979412502,true
audio,180620175995458,1000000000,180620.21357783335,true
video,180620221089541,1000000000,180620.21780920835,true
audio,180620195995458,1000000000,180620.23497004167,true
video,180620237756041,1000000000,180620.2351222917,true
video,180620254422625,1000000000,180620.25180508333,true
audio,180620215995416,1000000000,180620.25620808333,true
video,180620271089250,1000000000,180620.26899112502,true
audio,180620235995458,1000000000,180620.27757554167,true
video,180620287755833,1000000000,180620.28695783333,true
audio,180620255995458,1000000000,180620.29885854168,true
video,180620304422416,1000000000,180620.3037752917,true
audio,180620275995416,1000000000,180620.32026591667,true
video,180620321089041,1000000000,180620.32102791668,true
video,180620337755583,1000000000,180620.338201625,true
audio,180620295995458,1000000000,180620.34156258334,true
video,180620362755458,1000000000,180620.3581880417,true
audio,180620315995458,1000000000,180620.3629082917,true
video,180620379422166,1000000000,180620.37525308333,true
audio,180620335995458,1000000000,180620.38427808334,true
video,180620396088666,1000000000,180620.39275604166,true
audio,180620355995458,1000000000,180620.40560345835,true
video,180620412755375,1000000000,180620.40959545833,true
video,180620429421833,1000000000,180620.42673341668,true
audio,180620375995458,1000000000,180620.42687175,true
audio,180620395995458,1000000000,180620.42691558335,true
video,180620446088458,1000000000,180620.44400870835,true
audio,180620415995458,1000000000,180620.44825308333,true
video,180620462755041,1000000000,180620.461832,true
audio,180620435995458,1000000000,180620.46953379168,true
video,180620479421750,1000000000,180620.479757875,true
audio,180620455995458,1000000000,180620.49084279168,true
video,180620504421500,1000000000,180620.49958020836,true
audio,180620475995458,1000000000,180620.51224420834,true
video,180620512754916,1000000000,180620.51741495833,true
audio,180620495995416,1000000000,180620.53359029168,true
video,180620537754833,1000000000,180620.53482591666,true
video,180620554421416,1000000000,180620.55248041666,true
audio,180620515995458,1000000000,180620.55487929168,true
audio,180620535995458,1000000000,180620.57625500002,true
video,180620579421166,1000000000,180620.587371375,true
audio,180620555995416,1000000000,180620.597615,true
video,180620604421125,1000000000,180620.60415895833,true
audio,180620575995458,1000000000,180620.61895691667,true
video,180620629421000,1000000000,180620.63810520835,true
audio,180620595995458,1000000000,180620.64027470833,true
video,180620646087625,1000000000,180620.65597854168,true
audio,180620615995458,1000000000,180620.66162612502,true
audio,180620635995458,1000000000,180620.67223045835,true
video,180620671087458,1000000000,180620.67446570835,true
video,180620696087375,1000000000,180620.69193716667,true
audio,180620655995458,1000000000,180620.69357754168,true
video,180620712753958,1000000000,180620.7093376667,true
audio,180620675995458,1000000000,180620.7149330417,true
video,180620729420583,1000000000,180620.72705816667,true
audio,180620695995458,1000000000,180620.73626245835,true
video,180620746087166,1000000000,180620.744370875,true
audio,180620715995416,1000000000,180620.75757795834,true
video,180620762753875,1000000000,180620.76180366668,true
video,180620779420375,1000000000,180620.77886050002,true
audio,180620735995458,1000000000,180620.77894466667,true
audio,180620755995458,1000000000,180620.778964125,true
video,180620796087083,1000000000,180620.796339625,true
audio,180620775995416,1000000000,180620.80028762502,true
video,180620812753666,1000000000,180620.81300491668,true
audio,180620795995458,1000000000,180620.82153670833,true
video,180620829420291,1000000000,180620.8297476667,true
audio,180620815995458,1000000000,180620.84292908333,true
video,180620854420041,1000000000,180620.849682875,true
audio,180620835995458,1000000000,180620.8642462917,true
video,180620871086625,1000000000,180620.86748820834,true
video,180620887753333,1000000000,180620.8853885,true
audio,180620855995458,1000000000,180620.88553408335,true
video,180620904419791,1000000000,180620.90244262503,true
audio,180620875995458,1000000000,180620.906974,true
video,180620921086500,1000000000,180620.91937670833,true
audio,180620895995458,1000000000,180620.92823045835,true
video,180620937753083,1000000000,180620.93579254168,true
audio,180620915995458,1000000000,180620.9495985417,true
video,180620954419583,1000000000,180620.95268358334,true
video,180620971086291,1000000000,180620.96996795834,true
audio,180620935995458,1000000000,180620.97087712502,true
video,180620987752791,1000000000,180620.98682245833,true
audio,180620955995458,1000000000,180620.99226354167,true
video,180621004419375,1000000000,180621.00379270833,true
audio,180620975995458,1000000000,180621.01362191667,true
video,180621021086000,1000000000,180621.02078258333,true
audio,180620995995416,1000000000,180621.03490304167,true
video,180621037752583,1000000000,180621.03788183336,true
video,180621054419166,1000000000,180621.05458650002,true
audio,180621015995458,1000000000,180621.05619495834,true
video,180621071085875,1000000000,180621.07132116667,true
audio,180621035995458,1000000000,180621.0775687917,true
video,180621096085750,1000000000,180621.09175883335,true
audio,180621055995416,1000000000,180621.09889091668,true
audio,180621075995458,1000000000,180621.09894091668,true
video,180621112752250,1000000000,180621.108893125,true
audio,180621095995458,1000000000,180621.12026262502,true
video,180621129418833,1000000000,180621.12600379167,true
audio,180621115995458,1000000000,180621.14158995834,true
video,180621146085458,1000000000,180621.142960125,true
video,180621162752041,1000000000,180621.16061733334,true
audio,180621135995458,1000000000,180621.16289308335,true
video,180621179418625,1000000000,180621.1784805,true
audio,180621155995458,1000000000,180621.18436087502,true
video,180621196085250,1000000000,180621.19510858334,true
audio,180621175995458,1000000000,180621.20556775,true
video,180621212751833,1000000000,180621.21192483333,true
audio,180621195995458,1000000000,180621.22696020835,true
video,180621229418416,1000000000,180621.229109375,true
video,180621246085000,1000000000,180621.24620170833,true
audio,180621215995416,1000000000,180621.24825170834,true
video,180621271084916,1000000000,180621.26625416667,true
audio,180621235995458,1000000000,180621.26958141668,true
video,180621287751500,1000000000,180621.28323579166,true
audio,180621255995458,1000000000,180621.29094029168,true
video,180621304418208,1000000000,180621.3015282917,true
audio,180621275995416,1000000000,180621.31220629168,true
video,180621321084708,1000000000,180621.31834025,true
audio,180621295995458,1000000000,180621.33358625002,true
video,180621337751291,1000000000,180621.33560712502,true
video,180621354417916,1000000000,180621.3530575,true
audio,180621315995458,1000000000,180621.354944875,true
video,180621371084500,1000000000,180621.3699395,true
audio,180621335995458,1000000000,180621.37624412501,true
video,180621387751083,1000000000,180621.38775804167,true
audio,180621355995458,1000000000,180621.397536,true
video,180621404417666,1000000000,180621.4048451667,true
audio,180621375995458,1000000000,180621.41898141667,true
audio,180621395995458,1000000000,180621.419040125,true
video,180621421084250,1000000000,180621.42138050002,true
video,180621437751000,1000000000,180621.43797854168,true
audio,180621415995458,1000000000,180621.44022412502,true
video,180621462750708,1000000000,180621.4575371667,true
audio,180621435995458,1000000000,180621.46156745835,true
video,180621479417333,1000000000,180621.47468787502,true
audio,180621455995458,1000000000,180621.48288575,true
video,180621496083916,1000000000,180621.49155279167,true
audio,180621475995458,1000000000,180621.50426241668,true
video,180621512750625,1000000000,180621.50900220833,true
audio,180621495995416,1000000000,180621.5255906667,true
video,180621529417125,1000000000,180621.52578312502,true
video,180621546083833,1000000000,180621.543053625,true
audio,180621515995458,1000000000,180621.54687779167,true
audio,180621535995458,1000000000,180621.56823233335,true
video,180621571083583,1000000000,180621.57738095833,true
audio,180621555995416,1000000000,180621.58959016667,true
video,180621596083458,1000000000,180621.59407383334,true
video,180621612750125,1000000000,180621.6108136667,true
audio,180621575995458,1000000000,180621.61085370835,true
audio,180621595995458,1000000000,180621.63226545835,true
video,180621637749916,1000000000,180621.64640279167,true
audio,180621615995458,1000000000,180621.653712875,true
video,180621662749833,1000000000,180621.663995125,true
audio,180621635995458,1000000000,180621.67497479168,true
video,180621687749708,1000000000,180621.68220966667,true
audio,180621655995458,1000000000,180621.69625170834,true
video,180621704416375,1000000000,180621.69880954167,true
audio,180621675995458,1000000000,180621.71755979166,true
video,180621721082958,1000000000,180621.71819104167,true
video,180621737749541,1000000000,180621.735545375,true
audio,180621695995458,1000000000,180621.738912625,true
video,180621754416250,1000000000,180621.75317991668,true
audio,180621715995416,1000000000,180621.76024416668,true
video,180621771082750,1000000000,180621.770853875,true
audio,180621735995458,1000000000,180621.78159041668,true
audio,180621755995458,1000000000,180621.781629875,true
video,180621787749333,1000000000,180621.78776520834,true
audio,180621775995416,1000000000,180621.80297579168,true
video,180621804416041,1000000000,180621.80473725,true
audio,180621795995458,1000000000,180621.82425470834,true
video,180621829415833,1000000000,180621.82487450002,true
video,180621846082416,1000000000,180621.84198479168,true
audio,180621815995458,1000000000,180621.84556070835,true
video,180621862749000,1000000000,180621.86001991667,true
audio,180621835995458,1000000000,180621.866917625,true
video,180621879415583,1000000000,180621.87703304167,true
audio,180621855995458,1000000000,180621.88831158335,true
video,180621896082250,1000000000,180621.89397941667,true
audio,180621875995458,1000000000,180621.90960254168,true
video,180621912748791,1000000000,180621.91176516667,true
video,180621929415375,1000000000,180621.92875154168,true
audio,180621895995458,1000000000,180621.930918,true
video,180621946082000,1000000000,180621.94537345835,true
audio,180621915995458,1000000000,180621.952245875,true
video,180621962748583,1000000000,180621.96303141667,true
audio,180621935995458,1000000000,180621.97354229167,true
video,180621979415208,1000000000,180621.979713125,true
audio,180621955995458,1000000000,180621.99488858334,true
video,180622004415041,1000000000,180621.99952550002,true
audio,180621975995458,1000000000,180622.01620095834,true
video,180622021081791,1000000000,180622.01631120834,true
video,180622037748250,1000000000,180622.03320995835,true
audio,180621995995416,1000000000,180622.037562,true
video,180622054414791,1000000000,180622.0510584167,true
audio,180622015995458,1000000000,180622.0589090417,true
video,180622071081458,1000000000,180622.06836791668,true
audio,180622035995458,1000000000,180622.08023333334,true
video,180622087748000,1000000000,180622.08566900002,true
audio,180622055995416,1000000000,180622.10161129167,true
audio,180622075995458,1000000000,180622.10169795834,true
video,180622104414708,1000000000,180622.10251854168,true
video,180622121081208,1000000000,180622.12014291668,true
audio,180622095995458,1000000000,180622.12293995835,true
video,180622137747916,1000000000,180622.13728454168,true
audio,180622115995458,1000000000,180622.144236875,true
video,180622154414541,1000000000,180622.15460604167,true
audio,180622135995458,1000000000,180622.16565808334,true
video,180622171081000,1000000000,180622.17126420836,true
audio,180622155995458,1000000000,180622.18695425,true
video,180622196081041,1000000000,180622.19159937502,true
audio,180622175995458,1000000000,180622.20834991668,true
video,180622212747500,1000000000,180622.20847033334,true
video,180622229414208,1000000000,180622.22625666668,true
audio,180622195995458,1000000000,180622.22964379168,true
video,180622246080666,1000000000,180622.24356,true
audio,180622215995416,1000000000,180622.25099266667,true
video,180622262747375,1000000000,180622.26139491668,true
audio,180622235995458,1000000000,180622.27218683335,true
video,180622279413875,1000000000,180622.27893825,true
audio,180622255995458,1000000000,180622.29355520834,true
video,180622296080458,1000000000,180622.29640416667,true
video,180622312747166,1000000000,180622.312943,true
audio,180622275995416,1000000000,180622.31492720835,true
video,180622329413666,1000000000,180622.32970375,true
audio,180622295995458,1000000000,180622.33622620834,true
video,180622354413541,1000000000,180622.34989050002,true
audio,180622315995458,1000000000,180622.35758958335,true
video,180622371080125,1000000000,180622.36645966666,true
audio,180622335995458,1000000000,180622.37892087502,true
video,180622387746833,1000000000,180622.38439166668,true
audio,180622355995458,1000000000,180622.40027812502,true
video,180622404413458,1000000000,180622.402012125,true
video,180622421079916,1000000000,180622.41986312502,true
audio,180622375995458,1000000000,180622.42160145834,true
audio,180622395995458,1000000000,180622.42165979167,true
video,180622437746541,1000000000,180622.43686170835,true
audio,180622415995458,1000000000,180622.44289416668,true
video,180622454413125,1000000000,180622.453985375,true
audio,180622435995458,1000000000,180622.46425733334,true
video,180622471079708,1000000000,180622.471323,true
audio,180622455995458,1000000000,180622.485597625,true
video,180622496079625,1000000000,180622.491305375,true
audio,180622475995458,1000000000,180622.50688725,true
video,180622512746333,1000000000,180622.50895283333,true
video,180622529412791,1000000000,180622.52596470836,true
audio,180622495995416,1000000000,180622.52825566666,true
video,180622537746041,1000000000,180622.54372012502,true
audio,180622515995458,1000000000,180622.54957004168,true
video,180622554412625,1000000000,180622.56130779168,true
audio,180622535995458,1000000000,180622.57092970834,true
video,180622571079250,1000000000,180622.57903195833,true
audio,180622555995416,1000000000,180622.59220125002,true
video,180622596079083,1000000000,180622.59632979168,true
audio,180622575995458,1000000000,180622.6135732917,true
video,180622612745833,1000000000,180622.613973625,true
video,180622629412333,1000000000,180622.63148316668,true
audio,180622595995458,1000000000,180622.63490295835,true
video,180622646078958,1000000000,180622.64813045834,true
audio,180622615995458,1000000000,180622.65632633335,true
video,180622671078791,1000000000,180622.66546970836,true
audio,180622635995458,1000000000,180622.6776100417,true
video,180622687745583,1000000000,180622.683327,true
audio,180622655995458,1000000000,180622.69891183334,true
video,180622704412083,1000000000,180622.70029658335,true
video,180622721078583,1000000000,180622.71811370834,true
audio,180622675995458,1000000000,180622.72020112502,true
video,180622737745291,1000000000,180622.73598041668,true
audio,180622695995458,1000000000,180622.74159320834,true
video,180622754411791,1000000000,180622.75419425,true
audio,180622715995416,1000000000,180622.76284329168,true
video,180622771078416,1000000000,180622.77145675002,true
audio,180622735995458,1000000000,180622.78431179168,true
audio,180622755995458,1000000000,180622.78436437502,true
video,180622787745125,1000000000,180622.78813945834,true
audio,180622775995416,1000000000,180622.80555891668,true
video,180622812745000,1000000000,180622.81006141668,true
audio,180622795995458,1000000000,180622.82695008334,true
video,180622829411500,1000000000,180622.82706870834,true
video,180622846078083,1000000000,180622.844661125,true
audio,180622815995458,1000000000,180622.8482162917,true
video,180622862744791,1000000000,180622.861567,true
audio,180622835995458,1000000000,180622.86957279168,true
video,180622879411375,1000000000,180622.87808125,true
audio,180622855995458,1000000000,180622.89091845835,true
video,180622896077875,1000000000,180622.89512612502,true
video,180622912744458,1000000000,180622.91203475,true
audio,180622875995458,1000000000,180622.91222895833,true
video,180622929411041,1000000000,180622.929302625,true
audio,180622895995458,1000000000,180622.93353550002,true
video,180622946077666,1000000000,180622.9462775417,true
audio,180622915995458,1000000000,180622.95494058335,true
video,180622962744250,1000000000,180622.96295279168,true
audio,180622935995458,1000000000,180622.97621225,true
video,180622979410958,1000000000,180622.97959658335,true
video,180622996077416,1000000000,180622.9962901667,true
audio,180622955995458,1000000000,180622.99758841668,true
video,180623012744166,1000000000,180623.01303170834,true
audio,180622975995458,1000000000,180623.01892775,true
video,180623037743916,1000000000,180623.03322508335,true
audio,180622995995416,1000000000,180623.04029395836,true
video,180623054410500,1000000000,180623.05008887502,true
audio,180623015995458,1000000000,180623.06159329167,true
video,180623071077083,1000000000,180623.0678855,true
audio,180623035995458,1000000000,180623.08292375001,true
video,180623087743666,1000000000,180623.08562,true
video,180623104410250,1000000000,180623.10336508334,true
audio,180623055995416,1000000000,180623.10417975002,true
audio,180623075995458,1000000000,180623.104235625,true
video,180623121077000,1000000000,180623.12017545835,true
audio,180623095995458,1000000000,180623.12564225,true
video,180623137743458,1000000000,180623.1378821667,true
audio,180623115995458,1000000000,180623.14692679167,true
video,180623154410041,1000000000,180623.15468733336,true
audio,180623135995458,1000000000,180623.16825216668,true
video,180623179409916,1000000000,180623.17503245836,true
audio,180623155995458,1000000000,180623.18963195835,true
video,180623196076541,1000000000,180623.19279975002,true
video,180623212743125,1000000000,180623.21039558333,true
audio,180623175995458,1000000000,180623.210879875,true
video,180623229409708,1000000000,180623.227458,true
audio,180623195995458,1000000000,180623.23226825002,true
video,180623246076333,1000000000,180623.24464095835,true
audio,180623215995416,1000000000,180623.25355304166,true
video,180623262742875,1000000000,180623.26183537501,true
audio,180623235995458,1000000000,180623.27494158334,true
video,180623279409500,1000000000,180623.2790000417,true
audio,180623255995458,1000000000,180623.29624570833,true
video,180623296076083,1000000000,180623.29635858335,true
video,180623321076000,1000000000,180623.31615337502,true
audio,180623275995416,1000000000,180623.31749091667,true
video,180623337742708,1000000000,180623.33293695835,true
audio,180623295995458,1000000000,180623.33888670834,true
video,180623354409166,1000000000,180623.35096058334,true
audio,180623315995458,1000000000,180623.36021608335,true
video,180623371075791,1000000000,180623.367718875,true
audio,180623335995458,1000000000,180623.38159958334,true
video,180623387742500,1000000000,180623.38459370835,true
video,180623404408958,1000000000,180623.40225266668,true
audio,180623355995458,1000000000,180623.40292312502,true
video,180623421075541,1000000000,180623.41904220835,true
audio,180623375995458,1000000000,180623.42420708336,true
audio,180623395995458,1000000000,180623.42425829166,true
video,180623437742250,1000000000,180623.43574183335,true
audio,180623415995458,1000000000,180623.4456125,true
video,180623454408875,1000000000,180623.452603,true
audio,180623435995458,1000000000,180623.46691379166,true
video,180623471075333,1000000000,180623.469885625,true
video,180623487742041,1000000000,180623.48702970834,true
audio,180623455995458,1000000000,180623.48819716668,true
video,180623504408541,1000000000,180623.50447225,true
audio,180623475995458,1000000000,180623.50968229168,true
video,180623512741833,1000000000,180623.52125841667,true
audio,180623495995416,1000000000,180623.530896,true
video,180623529408458,1000000000,180623.53807858334,true
audio,180623515995458,1000000000,180623.55226195834,true
video,180623546075041,1000000000,180623.55483225003,true
video,180623562741625,1000000000,180623.57141720835,true
audio,180623535995458,1000000000,180623.57363608334,true
video,180623596074791,1000000000,180623.59037533336,true
audio,180623555995416,1000000000,180623.59485816667,true
video,180623604408041,1000000000,180623.60738233334,true
audio,180623575995458,1000000000,180623.61629658335,true
video,180623621074666,1000000000,180623.62435495833,true
audio,180623595995458,1000000000,180623.6376031667,true
video,180623637741291,1000000000,180623.64149629168,true
video,180623654407875,1000000000,180623.65842133336,true
audio,180623615995458,1000000000,180623.658909875,true
video,180623671074458,1000000000,180623.675189,true
audio,180623635995458,1000000000,180623.68027458334,true
video,180623687741208,1000000000,180623.6919375,true
audio,180623655995458,1000000000,180623.70156029167,true
video,180623712740916,1000000000,180623.70947287502,true
audio,180623675995458,1000000000,180623.72289600002,true
video,180623729407500,1000000000,180623.72695487502,true
audio,180623695995458,1000000000,180623.74425454167,true
video,180623746074125,1000000000,180623.7443642917,true
video,180623762740833,1000000000,180623.76232666668,true
audio,180623715995416,1000000000,180623.76554879168,true
video,180623779407333,1000000000,180623.77883770835,true
audio,180623735995458,1000000000,180623.78689075002,true
audio,180623755995458,1000000000,180623.78694191668,true
video,180623796073916,1000000000,180623.79611350002,true
audio,180623775995416,1000000000,180623.8082057917,true
video,180623812740625,1000000000,180623.81304654168,true
audio,180623795995458,1000000000,180623.82955429167,true
video,180623821073833,1000000000,180623.8297660417,true
audio,180623815995458,1000000000,180623.85087779167,true
video,180623854406958,1000000000,180623.85127270836,true
video,180623871073583,1000000000,180623.86971395835,true
audio,180623835995458,1000000000,180623.87220075002,true
video,180623887740208,1000000000,180623.88713275,true
audio,180623855995458,1000000000,180623.89360495834,true
video,180623904406791,1000000000,180623.90455554167,true
audio,180623875995458,1000000000,180623.9148897917,true
video,180623921073375,1000000000,180623.92123295835,true
audio,180623895995458,1000000000,180623.9362235,true
video,180623937740083,1000000000,180623.93810275002,true
audio,180623915995458,1000000000,180623.95752295834,true
video,180623962739833,1000000000,180623.9577745417,true
video,180623979406416,1000000000,180623.9763269167,true
audio,180623935995458,1000000000,180623.9789112917,true
video,180623996073041,1000000000,180623.994156125,true
audio,180623955995458,1000000000,180624.00026675002,true
video,180624012739666,1000000000,180624.01134758335,true
audio,180623975995458,1000000000,180624.02155220835,true
video,180624029406250,1000000000,180624.02924283335,true
audio,180623995995416,1000000000,180624.04297570835,true
video,180624054406083,1000000000,180624.0492961667,true
audio,180624015995458,1000000000,180624.0642640417,true
video,180624071072750,1000000000,180624.06837645834,true
video,180624087739333,1000000000,180624.08521583336,true
audio,180624035995458,1000000000,180624.08555208336,true
video,180624104405916,1000000000,180624.10281108334,true
audio,180624055995416,1000000000,180624.10687004167,true
audio,180624075995458,1000000000,180624.106899625,true
video,180624121072500,1000000000,180624.12035708333,true
audio,180624095995458,1000000000,180624.128286875,true
video,180624137739208,1000000000,180624.13713975,true
audio,180624115995458,1000000000,180624.14962008334,true
video,180624154405666,1000000000,180624.153873,true
audio,180624135995458,1000000000,180624.17096800002,true
video,180624171072250,1000000000,180624.17108304167,true
video,180624187739000,1000000000,180624.18824408334,true
audio,180624155995458,1000000000,180624.192305125,true
video,180624212738750,1000000000,180624.20970775,true
audio,180624175995458,1000000000,180624.21355129167,true
video,180624229405333,1000000000,180624.22755533335,true
audio,180624195995458,1000000000,180624.2348735417,true
video,180624246071916,1000000000,180624.24514204168,true
audio,180624215995416,1000000000,180624.25622125002,true
video,180624262738541,1000000000,180624.26223300002,true
audio,180624235995458,1000000000,180624.27755275002,true
video,180624279405125,1000000000,180624.27926316668,true
audio,180624255995458,1000000000,180624.298982,true
video,180624304404958,1000000000,180624.29954833334,true
video,180624321071625,1000000000,180624.31643420833,true
audio,180624275995416,1000000000,180624.32025229168,true
video,180624337738208,1000000000,180624.33494945834,true
audio,180624295995458,1000000000,180624.34160920835,true
video,180624354404791,1000000000,180624.352163,true
audio,180624315995458,1000000000,180624.36304491668,true
video,180624371071375,1000000000,180624.36910675,true
audio,180624335995458,1000000000,180624.38429062502,true
video,180624387738083,1000000000,180624.38658383334,true
video,180624404404583,1000000000,180624.40432875,true
audio,180624355995458,1000000000,180624.40559283335,true
video,180624421071166,1000000000,180624.4212845417,true
audio,180624375995458,1000000000,180624.42688616668,true
audio,180624395995458,1000000000,180624.42695645834,true
video,180624437737875,1000000000,180624.43794958334,true
audio,180624415995458,1000000000,180624.44819945833,true
video,180624454404375,1000000000,180624.45482454167,true
audio,180624435995458,1000000000,180624.46961925,true
video,180624479404250,1000000000,180624.47506108336,true
audio,180624455995458,1000000000,180624.49094558335,true
video,180624496070875,1000000000,180624.49299066668,true
video,180624512737416,1000000000,180624.51068970835,true
audio,180624475995458,1000000000,180624.51218870835,true
video,180624529404166,1000000000,180624.52775887502,true
audio,180624495995416,1000000000,180624.533591,true
video,180624546070625,1000000000,180624.54522133333,true
audio,180624515995458,1000000000,180624.55489775,true
video,180624562737333,1000000000,180624.56274883336,true
audio,180624535995458,1000000000,180624.57625995835,true
video,180624579403833,1000000000,180624.57968041667,true
video,180624596070416,1000000000,180624.59627704168,true
audio,180624555995416,1000000000,180624.59756141668,true
video,180624612737125,1000000000,180624.61330083336,true
audio,180624575995458,1000000000,180624.61888300002,true
video,180624637736875,1000000000,180624.63233191668,true
audio,180624595995458,1000000000,180624.64022641667,true
video,180624654403583,1000000000,180624.64980883335,true
audio,180624615995458,1000000000,180624.66156654168,true
video,180624671070083,1000000000,180624.666348875,true
audio,180624635995458,1000000000,180624.6722662917,true
video,180624687736791,1000000000,180624.68304795836,true
audio,180624655995458,1000000000,180624.69359550002,true
video,180624704403250,1000000000,180624.70018654168,true
audio,180624675995458,1000000000,180624.71493616668,true
video,180624721069833,1000000000,180624.71808779167,true
video,180624737736541,1000000000,180624.73495066667,true
audio,180624695995458,1000000000,180624.73622308334,true
video,180624754403000,1000000000,180624.75231979167,true
audio,180624715995416,1000000000,180624.75762566668,true
video,180624771069583,1000000000,180624.76905020836,true
audio,180624735995458,1000000000,180624.77889695833,true
audio,180624755995458,1000000000,180624.77892283336,true
video,180624787736208,1000000000,180624.78595341666,true
audio,180624775995416,1000000000,180624.80033662502,true
video,180624804402791,1000000000,180624.80265429168,true
video,180624821069416,1000000000,180624.81989991668,true
audio,180624795995458,1000000000,180624.82151862502,true
video,180624837736000,1000000000,180624.83660595835,true
audio,180624815995458,1000000000,180624.84292754167,true
video,180624854402583,1000000000,180624.85347133334,true
audio,180624835995458,1000000000,180624.86427775002,true
video,180624871069208,1000000000,180624.87086091668,true
audio,180624855995458,1000000000,180624.88556333334,true
video,180624887735791,1000000000,180624.887854625,true
video,180624904402500,1000000000,180624.90459791667,true
audio,180624875995458,1000000000,180624.90691737502,true
video,180624929402250,1000000000,180624.92508220836,true
audio,180624895995458,1000000000,180624.92824487502,true
video,180624946069000,1000000000,180624.94165708334,true
audio,180624915995458,1000000000,180624.94964541667,true
video,180624962735583,1000000000,180624.95988920834,true
audio,180624935995458,1000000000,180624.97089704167,true
video,180624979402041,1000000000,180624.97748133334,true
audio,180624955995458,1000000000,180624.99229483336,true
video,180624996068666,1000000000,180624.99480829167,true
video,180625012735208,1000000000,180625.01229820834,true
audio,180624975995458,1000000000,180625.01356620833,true
video,180625029401791,1000000000,180625.02977658334,true
audio,180624995995416,1000000000,180625.03490070836,true
video,180625046068416,1000000000,180625.04650858336,true
audio,180625015995458,1000000000,180625.05619583334,true
video,180625071068333,1000000000,180625.0666980417,true
audio,180625035995458,1000000000,180625.077585625,true
video,180625087735041,1000000000,180625.08486666667,true
audio,180625055995416,1000000000,180625.09893675,true
audio,180625075995458,1000000000,180625.09896979167,true
video,180625104401500,1000000000,180625.10217670834,true
video,180625121068083,1000000000,180625.11896954168,true
audio,180625095995458,1000000000,180625.12017091666,true
video,180625137734791,1000000000,180625.1361014167,true
audio,180625115995458,1000000000,180625.1416465,true
video,180625154401250,1000000000,180625.1539584167,true
audio,180625135995458,1000000000,180625.162878625,true
video,180625171067875,1000000000,180625.17135875,true
audio,180625155995458,1000000000,180625.184233375,true
video,180625187734583,1000000000,180625.18807191667,true
audio,180625175995458,1000000000,180625.20556204166,true
video,180625212734333,1000000000,180625.20817375,true
video,180625229400916,1000000000,180625.22598995836,true
audio,180625195995458,1000000000,180625.22687125002,true
video,180625246067500,1000000000,180625.243614,true
audio,180625215995416,1000000000,180625.24824291668,true
video,180625262734083,1000000000,180625.26159575002,true
audio,180625235995458,1000000000,180625.269544375,true
video,180625279400666,1000000000,180625.27892745833,true
audio,180625255995458,1000000000,180625.29098050002,true
video,180625296067416,1000000000,180625.29618004168,true
audio,180625275995416,1000000000,180625.31224987502,true
video,180625312734000,1000000000,180625.312865,true
video,180625329400458,1000000000,180625.32969945835,true
audio,180625295995458,1000000000,180625.33356725003,true
video,180625354400458,1000000000,180625.35022370834,true
audio,180625315995458,1000000000,180625.35495104166,true
video,180625371066958,1000000000,180625.36782241668,true
audio,180625335995458,1000000000,180625.37629470835,true
video,180625387733541,1000000000,180625.38539679168,true
audio,180625355995458,1000000000,180625.39757545834,true
video,180625404400125,1000000000,180625.40218979167,true
audio,180625375995458,1000000000,180625.41893258336,true
audio,180625395995458,1000000000,180625.41898104167,true
video,180625421066750,1000000000,180625.41996804168,true
video,180625437733333,1000000000,180625.43742441668,true
audio,180625415995458,1000000000,180625.44025904167,true
video,180625454399916,1000000000,180625.45472670835,true
audio,180625435995458,1000000000,180625.46157175,true
video,180625479399791,1000000000,180625.47497770833,true
audio,180625455995458,1000000000,180625.48290650002,true
video,180625496066416,1000000000,180625.492770125,true
audio,180625475995458,1000000000,180625.50425445836,true
video,180625512733000,1000000000,180625.51062791666,true
audio,180625495995416,1000000000,180625.5255184167,true
video,180625529399583,1000000000,180625.528254125,true
video,180625537732833,1000000000,180625.5457532917,true
audio,180625515995458,1000000000,180625.5468764167,true
video,180625554399458,1000000000,180625.56238570836,true
audio,180625535995458,1000000000,180625.56820937502,true
video,180625571066083,1000000000,180625.57977316668,true
audio,180625555995416,1000000000,180625.58954100002,true
video,180625604399291,1000000000,180625.59887966668,true
audio,180625575995458,1000000000,180625.610877875,true
video,180625621065875,1000000000,180625.61661304167,true
audio,180625595995458,1000000000,180625.63223450002,true
video,180625629399125,1000000000,180625.63435958335,true
video,180625646065875,1000000000,180625.6512885,true
audio,180625615995458,1000000000,180625.6535457917,true
video,180625662732375,1000000000,180625.66810558335,true
audio,180625635995458,1000000000,180625.67492120835,true
video,180625679398916,1000000000,180625.68484845833,true
audio,180625655995458,1000000000,180625.69624675,true
video,180625696065541,1000000000,180625.70274641667,true
audio,180625675995458,1000000000,180625.71761095835,true
video,180625721065375,1000000000,180625.71977854168,true
video,180625737732166,1000000000,180625.73683675,true
audio,180625695995458,1000000000,180625.73884941667,true
video,180625754398750,1000000000,180625.7541981667,true
audio,180625715995416,1000000000,180625.76021612503,true
video,180625771065333,1000000000,180625.77148795835,true
audio,180625735995458,1000000000,180625.78156029168,true
audio,180625755995458,1000000000,180625.78159212501,true
video,180625796065041,1000000000,180625.7927485417,true
audio,180625775995416,1000000000,180625.80290604167,true
video,180625812731750,1000000000,180625.81048583335,true
audio,180625795995458,1000000000,180625.82437808334,true
video,180625829398250,1000000000,180625.82802945835,true
video,180625846064833,1000000000,180625.8451544167,true
audio,180625815995458,1000000000,180625.84556966668,true
video,180625862731541,1000000000,180625.86183170835,true
audio,180625835995458,1000000000,180625.86689745836,true
video,180625879398041,1000000000,180625.87872475001,true
audio,180625855995458,1000000000,180625.88828541667,true
video,180625896064625,1000000000,180625.89623462502,true
audio,180625875995458,1000000000,180625.90963508334,true
video,180625912731333,1000000000,180625.91291758334,true
audio,180625895995458,1000000000,180625.93092050002,true
video,180625937731208,1000000000,180625.933067625,true
video,180625954397708,1000000000,180625.95091883335,true
audio,180625915995458,1000000000,180625.95223870836,true
video,180625971064291,1000000000,180625.96776483333,true
audio,180625935995458,1000000000,180625.97357575002,true
video,180625987731000,1000000000,180625.98463754167,true
audio,180625955995458,1000000000,180625.9948795417,true
video,180626004397458,1000000000,180626.00226129167,true
audio,180625975995458,1000000000,180626.01629495833,true
video,180626021064041,1000000000,180626.01938645836,true
video,180626037730750,1000000000,180626.03697970835,true
audio,180625995995416,1000000000,180626.03755020833,true
video,180626054397250,1000000000,180626.0538941667,true
audio,180626015995458,1000000000,180626.058904375,true
video,180626071063875,1000000000,180626.070951,true
audio,180626035995458,1000000000,180626.08020679167,true
video,180626087730583,1000000000,180626.08778391668,true
audio,180626055995416,1000000000,180626.10158370834,true
audio,180626075995458,1000000000,180626.10163104167,true
video,180626104397041,1000000000,180626.10459804168,true
audio,180626095995458,1000000000,180626.122879875,true
video,180626129397000,1000000000,180626.12580550002,true
video,180626146063500,1000000000,180626.14290533334,true
audio,180626115995458,1000000000,180626.14421325002,true
video,180626162730250,1000000000,180626.1605936667,true
audio,180626135995458,1000000000,180626.1656774167,true
video,180626179396708,1000000000,180626.1783362917,true
audio,180626155995458,1000000000,180626.18697550002,true
video,180626196063291,1000000000,180626.19519645834,true
audio,180626175995458,1000000000,180626.20828720834,true
video,180626212729875,1000000000,180626.21254820834,true
audio,180626195995458,1000000000,180626.22954625002,true
video,180626229396500,1000000000,180626.22976975,true
video,180626254396375,1000000000,180626.25000308335,true
audio,180626215995416,1000000000,180626.25084675002,true
video,180626271062958,1000000000,180626.26665341668,true
audio,180626235995458,1000000000,180626.27221929168,true
video,180626287729666,1000000000,180626.28462466667,true
audio,180626255995458,1000000000,180626.293584125,true
video,180626304396166,1000000000,180626.30240175,true
audio,180626275995416,1000000000,180626.31494795834,true
video,180626321062708,1000000000,180626.319683125,true
audio,180626295995458,1000000000,180626.33622525,true
video,180626337729291,1000000000,180626.33683220836,true
video,180626354395875,1000000000,180626.35377870835,true
audio,180626315995458,1000000000,180626.35760375002,true
video,180626371062500,1000000000,180626.370854375,true
audio,180626335995458,1000000000,180626.378934875,true
video,180626387729083,1000000000,180626.387991375,true
audio,180626355995458,1000000000,180626.400285375,true
video,180626404395708,1000000000,180626.40467087502,true
video,180626421062291,1000000000,180626.421386125,true
audio,180626375995458,1000000000,180626.42150333335,true
audio,180626395995458,1000000000,180626.42153516668,true
video,180626446062166,1000000000,180626.44158654168,true
audio,180626415995458,1000000000,180626.44285345834,true
video,180626462728791,1000000000,180626.45932920833,true
audio,180626435995458,1000000000,180626.464233875,true
video,180626479395333,1000000000,180626.476212625,true
audio,180626455995458,1000000000,180626.48555550002,true
video,180626496062083,1000000000,180626.49357795835,true
audio,180626475995458,1000000000,180626.50698191667,true
video,180626512728541,1000000000,180626.51054616668,true
video,180626529395083,1000000000,180626.52754720833,true
audio,180626495995416,1000000000,180626.52822129166,true
video,180626537728500,1000000000,180626.54505795834,true
audio,180626515995458,1000000000,180626.549647125,true
video,180626554395000,1000000000,180626.56183766667,true
audio,180626535995458,1000000000,180626.57089458333,true
video,180626571063125,1000000000,180626.57899500002,true
audio,180626555995416,1000000000,180626.592286375,true
video,180626596061458,1000000000,180626.59631104168,true
audio,180626575995458,1000000000,180626.61361933334,true
video,180626612728083,1000000000,180626.614034375,true
video,180626637727916,1000000000,180626.63323304168,true
audio,180626595995458,1000000000,180626.6348626667,true
video,180626646061250,1000000000,180626.65132962502,true
audio,180626615995458,1000000000,180626.65620208334,true
video,180626662727958,1000000000,180626.66918754167,true
audio,180626635995458,1000000000,180626.677568,true
video,180626687727708,1000000000,180626.68619058334,true
audio,180626655995458,1000000000,180626.69890045834,true
video,180626704394375,1000000000,180626.70271925002,true
video,180626721060916,1000000000,180626.71961025,true
audio,180626675995458,1000000000,180626.72016120833,true
video,180626737727625,1000000000,180626.7370475,true
audio,180626695995458,1000000000,180626.74152783334,true
video,180626754394125,1000000000,180626.7544465417,true
audio,180626715995416,1000000000,180626.76287308335,true
video,180626771060708,1000000000,180626.771412125,true
audio,180626735995458,1000000000,180626.78422562502,true
audio,180626755995458,1000000000,180626.78429495834,true
video,180626787727416,1000000000,180626.78816675002,true
audio,180626775995416,1000000000,180626.80551779168,true
video,180626812727208,1000000000,180626.80989595834,true
audio,180626795995458,1000000000,180626.826910125,true
video,180626829393791,1000000000,180626.82727645835,true
video,180626846060375,1000000000,180626.84413675,true
audio,180626815995458,1000000000,180626.84825654168,true
video,180626862726958,1000000000,180626.8609054167,true
audio,180626835995458,1000000000,180626.86958741667,true
video,180626879393541,1000000000,180626.877649375,true
audio,180626855995458,1000000000,180626.89096820835,true
video,180626896060125,1000000000,180626.894447625,true
video,180626912726833,1000000000,180626.91177795833,true
audio,180626875995458,1000000000,180626.912212625,true
video,180626929393333,1000000000,180626.92933800002,true
audio,180626895995458,1000000000,180626.93360966668,true
video,180626946060000,1000000000,180626.946082125,true
audio,180626915995458,1000000000,180626.9548889167,true
video,180626962726500,1000000000,180626.96293270835,true
audio,180626935995458,1000000000,180626.97626883336,true
video,180626987726500,1000000000,180626.98317825,true
audio,180626955995458,1000000000,180626.997576875,true
video,180627004393000,1000000000,180627.000019,true
video,180627021059541,1000000000,180627.01787150002,true
audio,180626975995458,1000000000,180627.01883116667,true
video,180627037726250,1000000000,180627.03567904167,true
audio,180626995995416,1000000000,180627.04033025002,true
video,180627054392750,1000000000,180627.05274233336,true
audio,180627015995458,1000000000,180627.061564375,true
video,180627071059458,1000000000,180627.0699765,true
audio,180627035995458,1000000000,180627.08285558334,true
video,180627087725916,1000000000,180627.08700454168,true
video,180627104392500,1000000000,180627.10380512502,true
audio,180627055995416,1000000000,180627.1042279167,true
audio,180627075995458,1000000000,180627.10428625002,true
video,180627121059125,1000000000,180627.12128295834,true
audio,180627095995458,1000000000,180627.12564887502,true
video,180627146059000,1000000000,180627.1414095,true
audio,180627115995458,1000000000,180627.146877625,true
video,180627162725708,1000000000,180627.1582006667,true
audio,180627135995458,1000000000,180627.16821645835,true
video,180627179392208,1000000000,180627.17603345835,true
audio,180627155995458,1000000000,180627.18957983336,true
video,180627196058791,1000000000,180627.19387804167,true
video,180627212725375,1000000000,180627.2109272917,true
audio,180627175995458,1000000000,180627.21098783336,true
video,180627229391958,1000000000,180627.228027125,true
audio,180627195995458,1000000000,180627.232246875,true
video,180627246058583,1000000000,180627.24604883333,true
audio,180627215995416,1000000000,180627.25359979167,true
video,180627262725166,1000000000,180627.26313075,true
audio,180627235995458,1000000000,180627.27490995833,true
video,180627279391791,1000000000,180627.27967845835,true
audio,180627255995458,1000000000,180627.29622016667,true
video,180627304391666,1000000000,180627.29968504168,true
audio,180627275995416,1000000000,180627.31755395833,true
video,180627321058208,1000000000,180627.31766704167,true
video,180627337724833,1000000000,180627.335222625,true
audio,180627295995458,1000000000,180627.33894850002,true
video,180627354391416,1000000000,180627.35299137502,true
audio,180627315995458,1000000000,180627.36025679167,true
video,180627371058041,1000000000,180627.36970975,true
audio,180627335995458,1000000000,180627.38161933335,true
video,180627387724583,1000000000,180627.38744387502,true
audio,180627355995458,1000000000,180627.40294312502,true
video,180627404391125,1000000000,180627.40412916668,true
video,180627421057750,1000000000,180627.42126833333,true
audio,180627375995458,1000000000,180627.4242200417,true
audio,180627395995458,1000000000,180627.42426995834,true
video,180627437724333,1000000000,180627.43806837502,true
audio,180627415995458,1000000000,180627.4455932917,true
video,180627454391041,1000000000,180627.45465304167,true
audio,180627435995458,1000000000,180627.46693841668,true
video,180627479390916,1000000000,180627.47525120835,true
audio,180627455995458,1000000000,180627.48824529166,true
video,180627496057416,1000000000,180627.49235620836,true
video,180627512724000,1000000000,180627.50953425,true
audio,180627475995458,1000000000,180627.509568625,true
video,180627521057291,1000000000,180627.52768558334,true
audio,180627495995416,1000000000,180627.53086629167,true
video,180627537724000,1000000000,180627.54527083333,true
audio,180627515995458,1000000000,180627.55225470834,true
video,180627562723750,1000000000,180627.56221370836,true
audio,180627535995458,1000000000,180627.57358250002,true
video,180627579390375,1000000000,180627.5795142917,true
audio,180627555995416,1000000000,180627.59492158334,true
video,180627596056958,1000000000,180627.59695433333,true
video,180627612723583,1000000000,180627.6142689167,true
audio,180627575995458,1000000000,180627.616168375,true
video,180627629390166,1000000000,180627.63135975,true
audio,180627595995458,1000000000,180627.63757620833,true
video,180627654390000,1000000000,180627.64868241668,true
audio,180627615995458,1000000000,180627.65887891667,true
video,180627671056625,1000000000,180627.66673495836,true
audio,180627635995458,1000000000,180627.68032545835,true
video,180627687723166,1000000000,180627.68383916668,true
video,180627704389791,1000000000,180627.70132633334,true
audio,180627655995458,1000000000,180627.70151083334,true
video,180627721056416,1000000000,180627.71838283335,true
audio,180627675995458,1000000000,180627.722871625,true
video,180627737723000,1000000000,180627.7356650417,true
audio,180627695995458,1000000000,180627.74432558334,true
video,180627754389708,1000000000,180627.75336783336,true
audio,180627715995416,1000000000,180627.76556620834,true
video,180627771056166,1000000000,180627.77079483334,true
audio,180627735995458,1000000000,180627.78688125,true
audio,180627755995458,1000000000,180627.78691495836,true
video,180627787722916,1000000000,180627.78809395834,true
audio,180627775995416,1000000000,180627.80828716667,true
video,180627812722791,1000000000,180627.80889641668,true
video,180627829389250,1000000000,180627.8261316667,true
audio,180627795995458,1000000000,180627.82955566669,true
video,180627846055833,1000000000,180627.84281883333,true
audio,180627815995458,1000000000,180627.85089258334,true
video,180627862722541,1000000000,180627.8605725,true
audio,180627835995458,1000000000,180627.87227358334,true
video,180627879389041,1000000000,180627.87864683336,true
audio,180627855995458,1000000000,180627.893598625,true
video,180627896055625,1000000000,180627.8956029167,true
video,180627912722375,1000000000,180627.91276145834,true
audio,180627875995458,1000000000,180627.91504295834,true
video,180627929388833,1000000000,180627.92965833333,true
audio,180627895995458,1000000000,180627.93620725002,true
video,180627946055333,1000000000,180627.946472,true
audio,180627915995458,1000000000,180627.95760383335,true
video,180627971055250,1000000000,180627.96660233336,true
audio,180627935995458,1000000000,180627.97888216667,true
video,180627987721958,1000000000,180627.98422325,true
audio,180627955995458,1000000000,180628.000199375,true
video,180628004388458,1000000000,180628.00203341668,true
video,180628021055000,1000000000,180628.0192616667,true
audio,180627975995458,1000000000,180628.0214932917,true
video,180628037721708,1000000000,180628.036906875,true
audio,180627995995416,1000000000,180628.04295229167,true
video,180628054388208,1000000000,180628.0537604167,true
audio,180628015995458,1000000000,180628.06417025,true
video,180628071054791,1000000000,180628.07118283334,true
audio,180628035995458,1000000000,180628.0856067917,true
video,180628087721375,1000000000,180628.08802708334,true
audio,180628055995416,1000000000,180628.10694295834,true
audio,180628075995458,1000000000,180628.10700508335,true
video,180628112721291,1000000000,180628.10795937502,true
video,180628129387875,1000000000,180628.12588912502,true
audio,180628095995458,1000000000,180628.12822812502,true
video,180628146054458,1000000000,180628.1438181667,true
audio,180628115995458,1000000000,180628.14961808335,true
video,180628162721166,1000000000,180628.161447875,true
audio,180628135995458,1000000000,180628.17089325,true
video,180628179387666,1000000000,180628.179481625,true
audio,180628155995458,1000000000,180628.19228129167,true
video,180628196054208,1000000000,180628.19636495833,true
audio,180628175995458,1000000000,180628.21362220834,true
video,180628221054125,1000000000,180628.216418875,true
video,180628237720833,1000000000,180628.2344610417,true
audio,180628195995458,1000000000,180628.23484320834,true
video,180628254387458,1000000000,180628.25119845834,true
audio,180628215995416,1000000000,180628.25626741667,true
video,180628271053875,1000000000,180628.26886325,true
audio,180628235995458,1000000000,180628.27754120834,true
video,180628287720500,1000000000,180628.28650500003,true
audio,180628255995458,1000000000,180628.29888754166,true
video,180628304387208,1000000000,180628.30376145834,true
audio,180628275995416,1000000000,180628.32027870836,true
video,180628321053666,1000000000,180628.32039358333,true
video,180628337720416,1000000000,180628.33802470836,true
audio,180628295995458,1000000000,180628.3415882917,true
video,180628362720166,1000000000,180628.35808629167,true
audio,180628315995458,1000000000,180628.3629045,true
video,180628379386750,1000000000,180628.37591804168,true
audio,180628335995458,1000000000,180628.3843122917,true
video,180628396053333,1000000000,180628.39255350002,true
audio,180628355995458,1000000000,180628.40552158334,true
video,180628412720041,1000000000,180628.409545875,true
video,180628429386541,1000000000,180628.426454375,true
audio,180628375995458,1000000000,180628.426886125,true
audio,180628395995458,1000000000,180628.4269449167,true
video,180628446053083,1000000000,180628.44349691668,true
audio,180628415995458,1000000000,180628.44826004168,true
video,180628462719791,1000000000,180628.46116825,true
audio,180628435995458,1000000000,180628.46956662502,true
video,180628479386291,1000000000,180628.478176125,true
audio,180628455995458,1000000000,180628.49097479167,true
video,180628496052916,1000000000,180628.49480670833,true
video,180628512719416,1000000000,180628.5121515,true
audio,180628475995458,1000000000,180628.512219875,true
video,180628529386000,1000000000,180628.52980225,true
audio,180628495995416,1000000000,180628.53354970834,true
video,180628546052625,1000000000,180628.54669583336,true
audio,180628515995458,1000000000,180628.55493495835,true
video,180628562719208,1000000000,180628.56366554167,true
audio,180628535995458,1000000000,180628.57621662502,true
video,180628579385833,1000000000,180628.58123950002,true
audio,180628555995416,1000000000,180628.59759845835,true
video,180628596052416,1000000000,180628.59783858334,true
video,180628621052291,1000000000,180628.61530808333,true
audio,180628575995458,1000000000,180628.61892562502,true
video,180628637718875,1000000000,180628.63203995835,true
audio,180628595995458,1000000000,180628.64019141666,true
video,180628654385458,1000000000,180628.64903291667,true
audio,180628615995458,1000000000,180628.66158370834,true
video,180628671052083,1000000000,180628.66663816667,true
audio,180628635995458,1000000000,180628.67226220833,true
video,180628687718625,1000000000,180628.68348008333,true
audio,180628655995458,1000000000,180628.69369070834,true
video,180628704385208,1000000000,180628.70103916668,true
audio,180628675995458,1000000000,180628.71485466667,true
video,180628721051833,1000000000,180628.71885020833,true
audio,180628695995458,1000000000,180628.73626791668,true
video,180628737718541,1000000000,180628.7367390417,true
video,180628754385041,1000000000,180628.753929,true
audio,180628715995416,1000000000,180628.7575545417,true
video,180628771051708,1000000000,180628.7712265417,true
audio,180628735995458,1000000000,180628.77892666668,true
audio,180628755995458,1000000000,180628.77895720836,true
video,180628787718291,1000000000,180628.78813945834,true
audio,180628775995416,1000000000,180628.80026683334,true
video,180628812718208,1000000000,180628.807854,true
audio,180628795995458,1000000000,180628.8215987917,true
video,180628829384666,1000000000,180628.82557175,true
video,180628846051291,1000000000,180628.84288254168,true
audio,180628815995458,1000000000,180628.84293666668,true
video,180628862717958,1000000000,180628.86026995836,true
audio,180628835995458,1000000000,180628.86426008336,true
video,180628879384458,1000000000,180628.87727270834,true
audio,180628855995458,1000000000,180628.88557433334,true
video,180628896051041,1000000000,180628.89513991668,true
audio,180628875995458,1000000000,180628.90693466668,true
video,180628912717750,1000000000,180628.91191045835,true
audio,180628895995458,1000000000,180628.92828375002,true
video,180628929384208,1000000000,180628.92902820834,true
video,180628946050791,1000000000,180628.94627220836,true
audio,180628915995458,1000000000,180628.94953450002,true
video,180628962717500,1000000000,180628.96296733335,true
audio,180628935995458,1000000000,180628.97088179167,true
video,180628987717291,1000000000,180628.98275329167,true
audio,180628955995458,1000000000,180628.992215875,true
video,180629004383875,1000000000,180628.99973479167,true
audio,180628975995458,1000000000,180629.01355825,true
video,180629021050458,1000000000,180629.01829658335,true
audio,180628995995416,1000000000,180629.03496233333,true
video,180629037717166,1000000000,180629.035161,true
video,180629054383625,1000000000,180629.05201020834,true
audio,180629015995458,1000000000,180629.05625620834,true
video,180629071050208,1000000000,180629.06901004168,true
audio,180629035995458,1000000000,180629.07752737502,true
video,180629087716958,1000000000,180629.08649066667,true
audio,180629055995416,1000000000,180629.09888825,true
audio,180629075995458,1000000000,180629.09894145833,true
video,180629104383416,1000000000,180629.1032842917,true
video,180629121050000,1000000000,180629.1200367917,true
audio,180629095995458,1000000000,180629.12015270835,true
video,180629137716583,1000000000,180629.137087125,true
audio,180629115995458,1000000000,180629.14157820833,true
video,180629154383125,1000000000,180629.15381862503,true
audio,180629135995458,1000000000,180629.16291125002,true
video,180629171049750,1000000000,180629.17148945836,true
audio,180629155995458,1000000000,180629.18424775,true
video,180629187716333,1000000000,180629.188173875,true
audio,180629175995458,1000000000,180629.20555075002,true
video,180629212716250,1000000000,180629.20786895836,true
video,180629229382833,1000000000,180629.224956875,true
audio,180629195995458,1000000000,180629.22695579167,true
video,180629246049416,1000000000,180629.24182833335,true
audio,180629215995416,1000000000,180629.24828495833,true
video,180629262716000,1000000000,180629.259105375,true
audio,180629235995458,1000000000,180629.269654875,true
video,180629279382708,1000000000,180629.27611595835,true
audio,180629255995458,1000000000,180629.29085966668,true
video,180629296049208,1000000000,180629.29281966668,true
video,180629312715750,1000000000,180629.31008670834,true
audio,180629275995416,1000000000,180629.312238125,true
video,180629329382333,1000000000,180629.327876125,true
audio,180629295995458,1000000000,180629.3335502917,true
video,180629346048958,1000000000,180629.34511120836,true
audio,180629315995458,1000000000,180629.35486854168,true
video,180629362715583,1000000000,180629.36191950002,true
audio,180629335995458,1000000000,180629.37628066668,true
video,180629379382250,1000000000,180629.37883404168,true
video,180629396048708,1000000000,180629.39598754168,true
audio,180629355995458,1000000000,180629.39750341667,true
video,180629412715416,1000000000,180629.41304887502,true
audio,180629375995458,1000000000,180629.418937625,true
audio,180629395995458,1000000000,180629.41898012502,true
video,180629437715208,1000000000,180629.432688375,true
audio,180629415995458,1000000000,180629.44017570835,true
video,180629454381791,1000000000,180629.45000479167,true
audio,180629435995458,1000000000,180629.46151154168,true
video,180629471048416,1000000000,180629.4669859167,true
audio,180629455995458,1000000000,180629.48291037502,true
video,180629487714958,1000000000,180629.48391266668,true
video,180629504381583,1000000000,180629.50123125,true
audio,180629475995458,1000000000,180629.504194375,true
video,180629512714875,1000000000,180629.51895195834,true
audio,180629495995416,1000000000,180629.52562120833,true
video,180629529381416,1000000000,180629.53691775003,true
audio,180629515995458,1000000000,180629.54694608334,true
video,180629554381250,1000000000,180629.55425533335,true
audio,180629535995458,1000000000,180629.56819991668,true
video,180629579381166,1000000000,180629.57396825,true
audio,180629555995416,1000000000,180629.5895285417,true
video,180629604381083,1000000000,180629.60941875,true
audio,180629575995458,1000000000,180629.61079766668,true
video,180629629380916,1000000000,180629.62615154168,true
audio,180629595995458,1000000000,180629.63213941667,true
audio,180629615995458,1000000000,180629.65355933335,true
video,180629654380791,1000000000,180629.661207125,true
audio,180629635995458,1000000000,180629.67490816666,true
video,180629679380708,1000000000,180629.67806754168,true
video,180629696047333,1000000000,180629.69550608334,true
audio,180629655995458,1000000000,180629.69613716667,true
video,180629712713916,1000000000,180629.713059,true
audio,180629675995458,1000000000,180629.71756720834,true
video,180629737713791,1000000000,180629.73519962502,true
audio,180629695995458,1000000000,180629.73888170836,true
video,180629754380375,1000000000,180629.75253729167,true
audio,180629715995416,1000000000,180629.76027770835,true
video,180629771046958,1000000000,180629.77009133334,true
audio,180629735995458,1000000000,180629.781521625,true
audio,180629755995458,1000000000,180629.7815715,true
video,180629787713666,1000000000,180629.78718866667,true
audio,180629775995416,1000000000,180629.80293533334,true
video,180629804380166,1000000000,180629.80400612502,true
video,180629821046750,1000000000,180629.82127504167,true
audio,180629795995458,1000000000,180629.82420304167,true
video,180629837713333,1000000000,180629.83793233335,true
audio,180629815995458,1000000000,180629.84553079167,true
video,180629862713208,1000000000,180629.857274375,true
audio,180629835995458,1000000000,180629.8669235,true
video,180629879379833,1000000000,180629.87449983336,true
audio,180629855995458,1000000000,180629.88819458336,true
video,180629896046375,1000000000,180629.89258812502,true
audio,180629875995458,1000000000,180629.90960658336,true
video,180629912712958,1000000000,180629.909911875,true
video,180629929379583,1000000000,180629.92691725,true
audio,180629895995458,1000000000,180629.93087795834,true
video,180629946046166,1000000000,180629.94375904166,true
audio,180629915995458,1000000000,180629.95224979168,true
video,180629962712875,1000000000,180629.9614777917,true
audio,180629935995458,1000000000,180629.973615375,true
video,180629979379375,1000000000,180629.97845729167,true
audio,180629955995458,1000000000,180629.99492529168,true
video,180629996045958,1000000000,180629.996090875,true
video,180630012712541,1000000000,180630.01289800002,true
audio,180629975995458,1000000000,180630.01620675,true
video,180630029379125,1000000000,180630.02951304166,true
audio,180629995995416,1000000000,180630.03754270833,true
video,180630046045708,1000000000,180630.04633425002,true
audio,180630015995458,1000000000,180630.058916625,true
video,180630071045583,1000000000,180630.06762745834,true
audio,180630035995458,1000000000,180630.08023170836,true
video,180630087712291,1000000000,180630.08498083334,true
audio,180630055995416,1000000000,180630.10162058336,true
audio,180630075995458,1000000000,180630.10166791666,true
video,180630104378833,1000000000,180630.10254179168,true
video,180630121045375,1000000000,180630.11956283334,true
audio,180630095995458,1000000000,180630.122851625,true
video,180630137711916,1000000000,180630.13746275002,true
audio,180630115995458,1000000000,180630.14424908336,true
video,180630154378500,1000000000,180630.15450783336,true
audio,180630135995458,1000000000,180630.16571858333,true
video,180630171045125,1000000000,180630.17123395833,true
audio,180630155995458,1000000000,180630.18694137502,true
video,180630187711708,1000000000,180630.188272875,true
audio,180630175995458,1000000000,180630.20841783335,true
video,180630212711666,1000000000,180630.20954820834,true
video,180630229378166,1000000000,180630.22701291667,true
audio,180630195995458,1000000000,180630.2295764167,true
video,180630246044750,1000000000,180630.2446501667,true
audio,180630215995416,1000000000,180630.2509065,true
video,180630262711333,1000000000,180630.26184520836,true
audio,180630235995458,1000000000,180630.27224175,true
video,180630279377916,1000000000,180630.27861291668,true
audio,180630255995458,1000000000,180630.29351204168,true
video,180630296044541,1000000000,180630.295970375,true
video,180630312711125,1000000000,180630.31332433334,true
audio,180630275995416,1000000000,180630.314912625,true
video,180630337711125,1000000000,180630.33457316668,true
audio,180630295995458,1000000000,180630.33630445835,true
video,180630354377583,1000000000,180630.35171820835,true
audio,180630315995458,1000000000,180630.35757595833,true
video,180630371044166,1000000000,180630.36858487502,true
audio,180630335995458,1000000000,180630.3789044167,true
video,180630387710875,1000000000,180630.38662204167,true
audio,180630355995458,1000000000,180630.40018116668,true
video,180630404377333,1000000000,180630.40354266667,true
video,180630421044083,1000000000,180630.42034883334,true
audio,180630375995458,1000000000,180630.4215291667,true
audio,180630395995458,1000000000,180630.42159820834,true
video,180630437710541,1000000000,180630.43736720833,true
audio,180630415995458,1000000000,180630.44288345834,true
video,180630454377125,1000000000,180630.45452354167,true
audio,180630435995458,1000000000,180630.46423333333,true
video,180630471043750,1000000000,180630.47115295834,true
audio,180630455995458,1000000000,180630.48555504167,true
video,180630496043583,1000000000,180630.491243875,true
audio,180630475995458,1000000000,180630.5069309167,true
video,180630512710333,1000000000,180630.50828320836,true
video,180630529376791,1000000000,180630.52580675003,true
audio,180630495995416,1000000000,180630.52832137502,true
video,180630546043375,1000000000,180630.5433980417,true
audio,180630515995458,1000000000,180630.54960283334,true
video,180630562709958,1000000000,180630.56116,true
audio,180630535995458,1000000000,180630.57087041668,true
video,180630579376541,1000000000,180630.578011875,true
audio,180630555995416,1000000000,180630.59218487501,true
video,180630612709750,1000000000,180630.61170608335,true
audio,180630575995458,1000000000,180630.61349675,true
video,180630629376291,1000000000,180630.62891333335,true
audio,180630595995458,1000000000,180630.634941625,true
video,180630646042916,1000000000,180630.64579325,true
audio,180630615995458,1000000000,180630.65620454168,true
video,180630662709541,1000000000,180630.663110625,true
audio,180630635995458,1000000000,180630.67757104168,true
video,180630679376041,1000000000,180630.67978908334,true
audio,180630655995458,1000000000,180630.69888466666,true
video,180630721042541,1000000000,180630.7165732917,true
audio,180630675995458,1000000000,180630.72028283335,true
video,180630737709125,1000000000,180630.73403183333,true
audio,180630695995458,1000000000,180630.74162154167,true
video,180630754375708,1000000000,180630.75131129168,true
audio,180630715995416,1000000000,180630.76293354167,true
video,180630771042291,1000000000,180630.768994,true
audio,180630735995458,1000000000,180630.78430691667,true
audio,180630755995458,1000000000,180630.78435841668,true
video,180630787709000,1000000000,180630.78667008335,true
video,180630804375500,1000000000,180630.80408420836,true
audio,180630775995416,1000000000,180630.805568375,true
video,180630821042041,1000000000,180630.82119991668,true
audio,180630795995458,1000000000,180630.82691570834,true
video,180630846042083,1000000000,180630.84309345833,true
audio,180630815995458,1000000000,180630.84826045836,true
video,180630862708541,1000000000,180630.86066600002,true
audio,180630835995458,1000000000,180630.86954554167,true
video,180630879375125,1000000000,180630.878554625,true
audio,180630855995458,1000000000,180630.89095875,true
video,180630896041708,1000000000,180630.8950679167,true
video,180630912708416,1000000000,180630.91203566667,true
audio,180630875995458,1000000000,180630.912175375,true
video,180630929374916,1000000000,180630.929482,true
audio,180630895995458,1000000000,180630.93357170833,true
video,180630946041458,1000000000,180630.94620204167,true
audio,180630915995458,1000000000,180630.95491208334,true
video,180630962708083,1000000000,180630.96289158333,true
audio,180630935995458,1000000000,180630.97619470835,true
video,180630987708083,1000000000,180630.98219820834,true
audio,180630955995458,1000000000,180630.99756483335,true
video,180631004374541,1000000000,180631.000509875,true
video,180631021041125,1000000000,180631.01801766668,true
audio,180630975995458,1000000000,180631.01882479168,true
video,180631037707875,1000000000,180631.03509804167,true
audio,180630995995416,1000000000,180631.04017820835,true
video,180631046041041,1000000000,180631.05217095834,true
audio,180631015995458,1000000000,180631.06160916667,true
video,180631071041083,1000000000,180631.06895016666,true
audio,180631035995458,1000000000,180631.08293950002,true
video,180631087707583,1000000000,180631.0864972917,true
video,180631104374083,1000000000,180631.10316716667,true
audio,180631055995416,1000000000,180631.10419533335,true
audio,180631075995458,1000000000,180631.1042476667,true
video,180631121040666,1000000000,180631.12085266667,true
audio,180631095995458,1000000000,180631.12553362502,true
video,180631137707291,1000000000,180631.13805570835,true
audio,180631115995458,1000000000,180631.146893625,true
video,180631154373833,1000000000,180631.15460087502,true
audio,180631135995458,1000000000,180631.16829770835,true
video,180631171040458,1000000000,180631.17133850002,true
video,180631187707041,1000000000,180631.18810316667,true
audio,180631155995458,1000000000,180631.18946166668,true
video,180631212706833,1000000000,180631.20748037501,true
audio,180631175995458,1000000000,180631.21095933334,true
video,180631229373458,1000000000,180631.22644766668,true
audio,180631195995458,1000000000,180631.23219604167,true
video,180631237706750,1000000000,180631.24449091667,true
audio,180631215995416,1000000000,180631.25362570834,true
video,180631254373333,1000000000,180631.26091087502,true
audio,180631235995458,1000000000,180631.27489604166,true
video,180631279373208,1000000000,180631.27855141668,true
video,180631296039833,1000000000,180631.29574070833,true
audio,180631255995458,1000000000,180631.29619025002,true
video,180631304373083,1000000000,180631.313024625,true
audio,180631275995416,1000000000,180631.3176384167,true
video,180631321039708,1000000000,180631.3295066667,true
audio,180631295995458,1000000000,180631.33893183334,true
video,180631346039541,1000000000,180631.34623791667,true
audio,180631315995458,1000000000,180631.36023725002,true
video,180631362706166,1000000000,180631.36328387502,true
video,180631379372750,1000000000,180631.37988320834,true
audio,180631335995458,1000000000,180631.3815069167,true
video,180631396039375,1000000000,180631.397539,true
audio,180631355995458,1000000000,180631.40286079168,true
video,180631421039416,1000000000,180631.41663079167,true
audio,180631375995458,1000000000,180631.42423429168,true
audio,180631395995458,1000000000,180631.42428070834,true
video,180631429372541,1000000000,180631.43366070834,true
audio,180631415995458,1000000000,180631.44555354168,true
video,180631446039125,1000000000,180631.4511161667,true
audio,180631435995458,1000000000,180631.4668942917,true
video,180631471038958,1000000000,180631.46800175,true
video,180631487705583,1000000000,180631.48536308334,true
audio,180631455995458,1000000000,180631.48818412502,true
video,180631504372208,1000000000,180631.50302304167,true
audio,180631475995458,1000000000,180631.509545125,true
video,180631521038791,1000000000,180631.52097179167,true
audio,180631495995416,1000000000,180631.53088754168,true
video,180631537705458,1000000000,180631.53817233336,true
audio,180631515995458,1000000000,180631.552260125,true
video,180631554372083,1000000000,180631.55465220835,true
video,180631571038541,1000000000,180631.571476,true
audio,180631535995458,1000000000,180631.5735059167,true
video,180631579371833,1000000000,180631.588144,true
audio,180631555995416,1000000000,180631.59493225,true
video,180631612705000,1000000000,180631.60800708336,true
audio,180631575995458,1000000000,180631.61623058334,true
video,180631629371583,1000000000,180631.62647362502,true
audio,180631595995458,1000000000,180631.63752133335,true
video,180631646038208,1000000000,180631.64414991668,true
audio,180631615995458,1000000000,180631.658902125,true
video,180631662704791,1000000000,180631.66104583335,true
video,180631679371375,1000000000,180631.67813045834,true
audio,180631635995458,1000000000,180631.68023058336,true
video,180631696037916,1000000000,180631.69532287502,true
audio,180631655995458,1000000000,180631.7015820417,true
video,180631712704541,1000000000,180631.71199512502,true
audio,180631675995458,1000000000,180631.72292379168,true
video,180631729371125,1000000000,180631.72926941668,true
audio,180631695995458,1000000000,180631.74423183335,true
video,180631737704416,1000000000,180631.74628570833,true
video,180631762704458,1000000000,180631.76306908333,true
audio,180631715995416,1000000000,180631.76549241669,true
video,180631779370833,1000000000,180631.77983433334,true
audio,180631735995458,1000000000,180631.7869046667,true
audio,180631755995458,1000000000,180631.7869580417,true
video,180631804370750,1000000000,180631.80137079168,true
audio,180631775995416,1000000000,180631.80827629167,true
video,180631821037291,1000000000,180631.818452125,true
audio,180631795995458,1000000000,180631.82954354168,true
video,180631837703916,1000000000,180631.83593687502,true
audio,180631815995458,1000000000,180631.850997,true
video,180631854370500,1000000000,180631.85278437502,true
video,180631871037083,1000000000,180631.87006725,true
audio,180631835995458,1000000000,180631.87223345836,true
video,180631887703708,1000000000,180631.88702245834,true
audio,180631855995458,1000000000,180631.89362283333,true
video,180631904370250,1000000000,180631.904458875,true
audio,180631875995458,1000000000,180631.914843125,true
video,180631929370125,1000000000,180631.92497270834,true
audio,180631895995458,1000000000,180631.93627483334,true
video,180631946036708,1000000000,180631.94199208333,true
audio,180631915995458,1000000000,180631.95751554167,true
video,180631962703416,1000000000,180631.95918741668,true
video,180631979369916,1000000000,180631.9761402917,true
audio,180631935995458,1000000000,180631.97886883334,true
video,180631996036625,1000000000,180631.993521875,true
audio,180631955995458,1000000000,180632.00031600002,true
video,180632012703208,1000000000,180632.01059845835,true
audio,180631975995458,1000000000,180632.021568375,true
video,180632029369666,1000000000,180632.02755691667,true
audio,180631995995416,1000000000,180632.04291529168,true
video,180632046036375,1000000000,180632.04500208335,true
video,180632062702958,1000000000,180632.06270850002,true
audio,180632015995458,1000000000,180632.06418658333,true
video,180632079369416,1000000000,180632.0795449167,true
audio,180632035995458,1000000000,180632.08558383334,true
video,180632096036041,1000000000,180632.09639541668,true
audio,180632055995416,1000000000,180632.10696541666,true
audio,180632075995458,1000000000,180632.107014375,true
video,180632112702625,1000000000,180632.11317995834,true
audio,180632095995458,1000000000,180632.12827733334,true
video,180632137702500,1000000000,180632.13272750002,true
audio,180632115995458,1000000000,180632.14958883333,true
video,180632154369083,1000000000,180632.1504154167,true
video,180632171035666,1000000000,180632.16739920835,true
audio,180632135995458,1000000000,180632.17084525002,true
video,180632187702250,1000000000,180632.18419279167,true
audio,180632155995458,1000000000,180632.19225404167,true
video,180632204368958,1000000000,180632.20119345834,true
audio,180632175995458,1000000000,180632.21361758336,true
video,180632221035458,1000000000,180632.218425125,true
audio,180632195995458,1000000000,180632.23491833336,true
video,180632237702041,1000000000,180632.23559083336,true
video,180632254368583,1000000000,180632.252610375,true
audio,180632215995416,1000000000,180632.25620233334,true
video,180632271035208,1000000000,180632.270064375,true
audio,180632235995458,1000000000,180632.27757591667,true
video,180632287701833,1000000000,180632.28702895835,true
audio,180632255995458,1000000000,180632.29898016667,true
video,180632304368375,1000000000,180632.30441995835,true
audio,180632275995416,1000000000,180632.3201715,true
video,180632329368166,1000000000,180632.32497095835,true
audio,180632295995458,1000000000,180632.34157787502,true
video,180632346034958,1000000000,180632.34229025,true
video,180632362701375,1000000000,180632.35907558334,true
audio,180632315995458,1000000000,180632.3628620417,true
video,180632379367958,1000000000,180632.37596029168,true
audio,180632335995458,1000000000,180632.384234875,true
video,180632396034583,1000000000,180632.39399408334,true
audio,180632355995458,1000000000,180632.4055944167,true
video,180632412701166,1000000000,180632.41165158333,true
audio,180632375995458,1000000000,180632.42690675,true
audio,180632395995458,1000000000,180632.42696145835,true
video,180632429367750,1000000000,180632.4294287917,true
video,180632446034333,1000000000,180632.44627787502,true
audio,180632415995458,1000000000,180632.4481806667,true
video,180632471034208,1000000000,180632.46649145836,true
audio,180632435995458,1000000000,180632.46960508334,true
video,180632487700791,1000000000,180632.48360070834,true
audio,180632455995458,1000000000,180632.49085875,true
video,180632504367375,1000000000,180632.5006662917,true
audio,180632475995458,1000000000,180632.51225733335,true
video,180632521034000,1000000000,180632.51819725,true
audio,180632495995416,1000000000,180632.53358541668,true
video,180632529367416,1000000000,180632.535466375,true
video,180632546033833,1000000000,180632.55209087502,true
audio,180632515995458,1000000000,180632.55488741669,true
video,180632571033708,1000000000,180632.56903037502,true
audio,180632535995458,1000000000,180632.57621375,true
audio,180632555995416,1000000000,180632.59752462502,true
video,180632596033583,1000000000,180632.60410325002,true
audio,180632575995458,1000000000,180632.6188322917,true
video,180632612700208,1000000000,180632.6212216667,true
video,180632637700041,1000000000,180632.63824920834,true
audio,180632595995458,1000000000,180632.64012354167,true
video,180632662699916,1000000000,180632.65674950002,true
audio,180632615995458,1000000000,180632.66153229168,true
audio,180632635995458,1000000000,180632.67223779167,true
video,180632687699875,1000000000,180632.69106654168,true
audio,180632655995458,1000000000,180632.69350795835,true
video,180632712699708,1000000000,180632.70912116667,true
audio,180632675995458,1000000000,180632.71482895836,true
video,180632729366333,1000000000,180632.72654187502,true
audio,180632695995458,1000000000,180632.73619166669,true
video,180632737699625,1000000000,180632.74375995834,true
audio,180632715995416,1000000000,180632.75758408333,true
video,180632762699416,1000000000,180632.7600695417,true
video,180632779366083,1000000000,180632.77782433335,true
audio,180632735995458,1000000000,180632.778883625,true
audio,180632755995458,1000000000,180632.7789350417,true
video,180632796032666,1000000000,180632.79506779168,true
audio,180632775995416,1000000000,180632.8002702917,true
video,180632812699250,1000000000,180632.81248391667,true
audio,180632795995458,1000000000,180632.82156408334,true
video,180632829365833,1000000000,180632.8295791667,true
audio,180632815995458,1000000000,180632.84295120835,true
video,180632846032416,1000000000,180632.84616025002,true
video,180632862699125,1000000000,180632.86318133335,true
audio,180632835995458,1000000000,180632.8642611667,true
video,180632887698875,1000000000,180632.88290558333,true
audio,180632855995458,1000000000,180632.88561075,true
video,180632904365458,1000000000,180632.900648,true
audio,180632875995458,1000000000,180632.90687150002,true
video,180632921032041,1000000000,180632.91769058333,true
audio,180632895995458,1000000000,180632.92829770833,true
video,180632937698625,1000000000,180632.93437958334,true
audio,180632915995458,1000000000,180632.94955729166,true
video,180632954365333,1000000000,180632.95199933334,true
video,180632971031791,1000000000,180632.97005816668,true
audio,180632935995458,1000000000,180632.97080270835,true
video,180632987698375,1000000000,180632.986589625,true
audio,180632955995458,1000000000,180632.99226483333,true
video,180633004364958,1000000000,180633.00337445835,true
audio,180632975995458,1000000000,180633.01356733334,true
video,180633021031583,1000000000,180633.02001200002,true
audio,180632995995416,1000000000,180633.034911875,true
video,180633037698125,1000000000,180633.03772000002,true
video,180633054364833,1000000000,180633.0546549167,true
audio,180633015995458,1000000000,180633.05622654167,true
video,180633079364583,1000000000,180633.07472329168,true
audio,180633035995458,1000000000,180633.07756495834,true
video,180633096031208,1000000000,180633.09202562502,true
audio,180633055995416,1000000000,180633.09892675,true
audio,180633075995458,1000000000,180633.09897033335,true
video,180633112697791,1000000000,180633.10910612502,true
audio,180633095995458,1000000000,180633.12024258333,true
video,180633129364375,1000000000,180633.12644983333,true
audio,180633115995458,1000000000,180633.14168304167,true
video,180633146030958,1000000000,180633.1434362917,true
video,180633162697541,1000000000,180633.1606741667,true
audio,180633135995458,1000000000,180633.1628867917,true
video,180633179364250,1000000000,180633.17742058335,true
audio,180633155995458,1000000000,180633.18422645834,true
video,180633196030708,1000000000,180633.19512804167,true
audio,180633175995458,1000000000,180633.20557400002,true
video,180633212697416,1000000000,180633.21217333333,true
audio,180633195995458,1000000000,180633.22692870835,true
video,180633229363916,1000000000,180633.22905095835,true
video,180633246030458,1000000000,180633.24624045833,true
audio,180633215995416,1000000000,180633.24819095834,true
video,180633271030375,1000000000,180633.26682737502,true
audio,180633235995458,1000000000,180633.26955595834,true
video,180633287696958,1000000000,180633.28486112502,true
audio,180633255995458,1000000000,180633.290944125,true
video,180633304363541,1000000000,180633.3018682917,true
audio,180633275995416,1000000000,180633.312280125,true
video,180633321030125,1000000000,180633.319101375,true
audio,180633295995458,1000000000,180633.333533875,true
video,180633337696708,1000000000,180633.335965625,true
video,180633354363291,1000000000,180633.35344562502,true
audio,180633315995458,1000000000,180633.35490591667,true
video,180633371029875,1000000000,180633.37117395835,true
audio,180633335995458,1000000000,180633.37626000002,true
video,180633387696458,1000000000,180633.38796925,true
audio,180633355995458,1000000000,180633.39752733335,true
video,180633412696291,1000000000,180633.40885495834,true
audio,180633375995458,1000000000,180633.4189025,true
audio,180633395995458,1000000000,180633.41895070835,true
video,180633429362916,1000000000,180633.42654058334,true
audio,180633415995458,1000000000,180633.44026458333,true
video,180633446029458,1000000000,180633.444221125,true
video,180633462696166,1000000000,180633.46105270836,true
audio,180633435995458,1000000000,180633.46156779167,true
video,180633479362666,1000000000,180633.47818404168,true
audio,180633455995458,1000000000,180633.48294037502,true
video,180633496029250,1000000000,180633.49554287503,true
audio,180633475995458,1000000000,180633.50429104167,true
video,180633512695833,1000000000,180633.51287887502,true
audio,180633495995416,1000000000,180633.52558812502,true
video,180633529362416,1000000000,180633.5296194167,true
audio,180633515995458,1000000000,180633.54693420834,true
video,180633554362333,1000000000,180633.5502557917,true
audio,180633535995458,1000000000,180633.5682116667,true
video,180633587695583,1000000000,180633.584911,true
audio,180633555995416,1000000000,180633.589572,true
video,180633604362083,1000000000,180633.60182604167,true
audio,180633575995458,1000000000,180633.61094454167,true
video,180633621028625,1000000000,180633.61946000002,true
audio,180633595995458,1000000000,180633.63225045835,true
audio,180633615995458,1000000000,180633.65359841668,true
video,180633654361958,1000000000,180633.6539009167,true
video,180633671028375,1000000000,180633.67145691667,true
audio,180633635995458,1000000000,180633.67485270835,true
audio,180633655995458,1000000000,180633.69623562502,true
video,180633712694875,1000000000,180633.709875125,true
audio,180633675995458,1000000000,180633.71761945833,true
video,180633729361583,1000000000,180633.7274739167,true
audio,180633695995458,1000000000,180633.73891070834,true
video,180633746028041,1000000000,180633.74492366667,true
audio,180633715995416,1000000000,180633.76023658333,true
video,180633762694791,1000000000,180633.76204995834,true
video,180633779361208,1000000000,180633.7795930417,true
audio,180633735995458,1000000000,180633.781593875,true
audio,180633755995458,1000000000,180633.7816531667,true
video,180633804361125,1000000000,180633.79938079166,true
audio,180633775995416,1000000000,180633.80296058336,true
video,180633821027666,1000000000,180633.81634345834,true
audio,180633795995458,1000000000,180633.82424012502,true
video,180633837694375,1000000000,180633.83308191667,true
audio,180633815995458,1000000000,180633.84558025002,true
video,180633854360875,1000000000,180633.85110829168,true
audio,180633835995458,1000000000,180633.86694962502,true
video,180633871027416,1000000000,180633.86764441666,true
video,180633887694125,1000000000,180633.88563875,true
audio,180633855995458,1000000000,180633.88825433335,true
video,180633904360625,1000000000,180633.90254220835,true
audio,180633875995458,1000000000,180633.909630625,true
video,180633921027208,1000000000,180633.91996095833,true
audio,180633895995458,1000000000,180633.93089791667,true
video,180633937693750,1000000000,180633.93775495834,true
audio,180633915995458,1000000000,180633.9521941667,true
video,180633954360291,1000000000,180633.95449920834,true
video,180633971026916,1000000000,180633.97145641668,true
audio,180633935995458,1000000000,180633.97359541667,true
video,180633987693625,1000000000,180633.987883625,true
audio,180633955995458,1000000000,180633.99493445834,true
video,180634012693375,1000000000,180634.00814762502,true
audio,180633975995458,1000000000,180634.016294,true
video,180634029359958,1000000000,180634.02617133333,true
audio,180633995995416,1000000000,180634.03760408334,true
video,180634046026541,1000000000,180634.044008625,true
audio,180634015995458,1000000000,180634.058901,true
video,180634062693166,1000000000,180634.061678625,true
video,180634079359708,1000000000,180634.07855166667,true
audio,180634035995458,1000000000,180634.08018066667,true
video,180634096026333,1000000000,180634.09599829168,true
audio,180634055995416,1000000000,180634.10159445833,true
audio,180634075995458,1000000000,180634.10162016668,true
video,180634112692875,1000000000,180634.11302183336,true
audio,180634095995458,1000000000,180634.1229070417,true
video,180634137692875,1000000000,180634.13338066667,true
audio,180634115995458,1000000000,180634.144226625,true
video,180634154359500,1000000000,180634.15106375,true
audio,180634135995458,1000000000,180634.16564116668,true
video,180634171025916,1000000000,180634.169024625,true
video,180634187692666,1000000000,180634.18582241668,true
audio,180634155995458,1000000000,180634.18693658334,true
video,180634204359125,1000000000,180634.20273591668,true
audio,180634175995458,1000000000,180634.20834920835,true
video,180634221025708,1000000000,180634.2199019167,true
audio,180634195995458,1000000000,180634.22960770834,true
video,180634237692291,1000000000,180634.23681316667,true
audio,180634215995416,1000000000,180634.25092220833,true
video,180634254358875,1000000000,180634.25381904168,true
video,180634271025458,1000000000,180634.27096783335,true
audio,180634235995458,1000000000,180634.27221266666,true
video,180634287692166,1000000000,180634.28787733335,true
audio,180634255995458,1000000000,180634.29360895834,true
video,180634304358750,1000000000,180634.304635,true
audio,180634275995416,1000000000,180634.31493383335,true
video,180634321025208,1000000000,180634.32123720835,true
audio,180634295995458,1000000000,180634.33627091668,true
video,180634346025125,1000000000,180634.3410611667,true
audio,180634315995458,1000000000,180634.35757845835,true
video,180634362691666,1000000000,180634.3579360417,true
video,180634379358375,1000000000,180634.3748334167,true
audio,180634335995458,1000000000,180634.37888912502,true
video,180634396024875,1000000000,180634.39284979168,true
audio,180634355995458,1000000000,180634.400214875,true
video,180634412691458,1000000000,180634.40943145833,true
audio,180634375995458,1000000000,180634.42154654168,true
audio,180634395995458,1000000000,180634.42159958335,true
video,180634429358041,1000000000,180634.42646750002,true
audio,180634415995458,1000000000,180634.44289475,true
video,180634446024625,1000000000,180634.44429912503,true
video,180634462691208,1000000000,180634.46148783335,true
audio,180634435995458,1000000000,180634.46427145833,true
video,180634479357750,1000000000,180634.47883975002,true
audio,180634455995458,1000000000,180634.48557800002,true
video,180634496024333,1000000000,180634.4960491667,true
audio,180634475995458,1000000000,180634.50692025002,true
video,180634512690916,1000000000,180634.51292595835,true
audio,180634495995416,1000000000,180634.528272875,true
video,180634529357500,1000000000,180634.52947645835,true
video,180634546024083,1000000000,180634.54631070833,true
audio,180634515995458,1000000000,180634.549577,true
audio,180634535995458,1000000000,180634.57087279166,true
video,180634587690541,1000000000,180634.58379250002,true
audio,180634555995416,1000000000,180634.59226333335,true
audio,180634575995458,1000000000,180634.61357275,true
video,180634621023833,1000000000,180634.61823033335,true
audio,180634595995458,1000000000,180634.63488091668,true
video,180634637690416,1000000000,180634.63532733335,true
audio,180634615995458,1000000000,180634.6562249167,true
video,180634671023500,1000000000,180634.67076375,true
audio,180634635995458,1000000000,180634.67762179166,true
video,180634687690083,1000000000,180634.687966375,true
audio,180634655995458,1000000000,180634.698868,true
video,180634712689916,1000000000,180634.70924745835,true
audio,180634675995458,1000000000,180634.72020216667,true
video,180634729356541,1000000000,180634.72694245834,true
audio,180634695995458,1000000000,180634.74160345836,true
video,180634746023083,1000000000,180634.74411600002,true
video,180634762689791,1000000000,180634.761382375,true
audio,180634715995416,1000000000,180634.76288691667,true
video,180634779356291,1000000000,180634.77903404168,true
audio,180634735995458,1000000000,180634.78424875002,true
audio,180634755995458,1000000000,180634.78429375,true
video,180634796022875,1000000000,180634.795985875,true
audio,180634775995416,1000000000,180634.80558862502,true
video,180634812689458,1000000000,180634.8129907917,true
audio,180634795995458,1000000000,180634.82692245833,true
video,180634837689333,1000000000,180634.832482625,true
audio,180634815995458,1000000000,180634.84822533335,true
video,180634854355916,1000000000,180634.84990341667,true
video,180634871022500,1000000000,180634.867965,true
audio,180634835995458,1000000000,180634.86956808335,true
video,180634887689125,1000000000,180634.88506958334,true
audio,180634855995458,1000000000,180634.8909512917,true
video,180634904355666,1000000000,180634.90204270833,true
audio,180634875995458,1000000000,180634.91225833335,true
video,180634921022291,1000000000,180634.91990658335,true
audio,180634895995458,1000000000,180634.93356425,true
video,180634937688875,1000000000,180634.9370121667,true
video,180634954355416,1000000000,180634.95382158333,true
audio,180634915995458,1000000000,180634.95487433334,true
video,180634971022000,1000000000,180634.97071366667,true
audio,180634935995458,1000000000,180634.97618183334,true
video,180634987688708,1000000000,180634.98785770836,true
audio,180634955995458,1000000000,180634.99754145835,true
video,180635004355166,1000000000,180635.004548625,true
audio,180634975995458,1000000000,180635.01891041666,true
video,180635029355208,1000000000,180635.02456033335,true
audio,180634995995416,1000000000,180635.04030483335,true
video,180635046021583,1000000000,180635.04129166668,true
video,180635062688208,1000000000,180635.05989325,true
audio,180635015995458,1000000000,180635.06161675,true
video,180635079354791,1000000000,180635.076628375,true
audio,180635035995458,1000000000,180635.08294625,true
video,180635096021333,1000000000,180635.094041875,true
audio,180635055995416,1000000000,180635.104291375,true
audio,180635075995458,1000000000,180635.10435291668,true
video,180635112687958,1000000000,180635.11091741666,true
audio,180635095995458,1000000000,180635.12558737502,true
video,180635129354500,1000000000,180635.12787045835,true
video,180635146021125,1000000000,180635.14503429167,true
audio,180635115995458,1000000000,180635.14689575002,true
video,180635162687708,1000000000,180635.16225750002,true
audio,180635135995458,1000000000,180635.16825645833,true
video,180635179354458,1000000000,180635.17924704167,true
audio,180635155995458,1000000000,180635.18954541668,true
video,180635196020833,1000000000,180635.19632875,true
audio,180635175995458,1000000000,180635.21095716668,true
video,180635221020791,1000000000,180635.21687708335,true
audio,180635195995458,1000000000,180635.23230679167,true
video,180635237687333,1000000000,180635.23421125,true
video,180635254353916,1000000000,180635.25148695835,true
audio,180635215995416,1000000000,180635.25355625,true
video,180635271020541,1000000000,180635.268870125,true
audio,180635235995458,1000000000,180635.274924625,true
video,180635287687083,1000000000,180635.28651545834,true
audio,180635255995458,1000000000,180635.29625462502,true
video,180635304353708,1000000000,180635.30359741667,true
audio,180635275995416,1000000000,180635.3175966667,true
video,180635321020291,1000000000,180635.32054958335,true
video,180635337686958,1000000000,180635.33753608333,true
audio,180635295995458,1000000000,180635.33890354168,true
video,180635354353541,1000000000,180635.35446637502,true
audio,180635315995458,1000000000,180635.36026320833,true
video,180635371020000,1000000000,180635.371247,true
audio,180635335995458,1000000000,180635.3816556667,true
video,180635396019916,1000000000,180635.391721625,true
audio,180635355995458,1000000000,180635.40293229168,true
video,180635412686458,1000000000,180635.4096224167,true
audio,180635375995458,1000000000,180635.42423254167,true
audio,180635395995458,1000000000,180635.42426395835,true
video,180635429353083,1000000000,180635.42681625002,true
video,180635446019666,1000000000,180635.44397766667,true
audio,180635415995458,1000000000,180635.4455545,true
video,180635462686375,1000000000,180635.46085333335,true
audio,180635435995458,1000000000,180635.46690666667,true
video,180635479352833,1000000000,180635.47832854168,true
audio,180635455995458,1000000000,180635.48823266668,true
video,180635496019375,1000000000,180635.49493958335,true
audio,180635475995458,1000000000,180635.50954920833,true
video,180635512686000,1000000000,180635.51185045834,true
video,180635521019291,1000000000,180635.52960245835,true
audio,180635495995416,1000000000,180635.53085654168,true
video,180635537685875,1000000000,180635.54626979167,true
audio,180635515995458,1000000000,180635.55224450002,true
video,180635562685750,1000000000,180635.56307445833,true
audio,180635535995458,1000000000,180635.57361408335,true
video,180635587685541,1000000000,180635.5821205,true
audio,180635555995416,1000000000,180635.5949096667,true
video,180635604352208,1000000000,180635.59874070834,true
audio,180635575995458,1000000000,180635.616250625,true
video,180635629352000,1000000000,180635.6339475,true
audio,180635595995458,1000000000,180635.63756016668,true
video,180635654351916,1000000000,180635.65136204168,true
audio,180635615995458,1000000000,180635.65889358334,true
audio,180635635995458,1000000000,180635.6803240417,true
video,180635679351750,1000000000,180635.68690441668,true
audio,180635655995458,1000000000,180635.70157754168,true
video,180635696018375,1000000000,180635.703744,true
video,180635721018208,1000000000,180635.72104395836,true
audio,180635675995458,1000000000,180635.722848125,true
video,180635737684833,1000000000,180635.73797570835,true
audio,180635695995458,1000000000,180635.74430825002,true
video,180635754351416,1000000000,180635.7549055,true
audio,180635715995416,1000000000,180635.76555320833,true
video,180635779351291,1000000000,180635.77638650002,true
audio,180635735995458,1000000000,180635.78698654167,true
audio,180635755995458,1000000000,180635.78703562502,true
video,180635796017875,1000000000,180635.79508341668,true
audio,180635775995416,1000000000,180635.808201375,true
video,180635812684500,1000000000,180635.81295195833,true
video,180635829351041,1000000000,180635.82963012502,true
audio,180635795995458,1000000000,180635.829684125,true
video,180635846017625,1000000000,180635.84614145834,true
audio,180635815995458,1000000000,180635.850927875,true
video,180635862684250,1000000000,180635.86287620835,true
audio,180635835995458,1000000000,180635.87221204166,true
video,180635887684208,1000000000,180635.88341333336,true
audio,180635855995458,1000000000,180635.89359383335,true
video,180635904350708,1000000000,180635.90106070833,true
audio,180635875995458,1000000000,180635.9148976667,true
video,180635921017250,1000000000,180635.91865320835,true
audio,180635895995458,1000000000,180635.93621991668,true
video,180635937683875,1000000000,180635.93652254168,true
video,180635954350458,1000000000,180635.954104625,true
audio,180635915995458,1000000000,180635.9576020417,true
video,180635971017166,1000000000,180635.97105866668,true
audio,180635935995458,1000000000,180635.97889425,true
video,180635987683625,1000000000,180635.98805608336,true
audio,180635955995458,1000000000,180636.000276875,true
video,180636004350208,1000000000,180636.00479720836,true
audio,180635975995458,1000000000,180636.02163366668,true
video,180636029350083,1000000000,180636.0251856667,true
video,180636046016666,1000000000,180636.04264670835,true
audio,180635995995416,1000000000,180636.04288670834,true
video,180636062683291,1000000000,180636.06028845833,true
audio,180636015995458,1000000000,180636.06427308335,true
video,180636079349833,1000000000,180636.0776950417,true
audio,180636035995458,1000000000,180636.08560483335,true
video,180636096016375,1000000000,180636.09468862502,true
audio,180636055995416,1000000000,180636.10690416666,true
audio,180636075995458,1000000000,180636.10696033333,true
video,180636112682958,1000000000,180636.111867625,true
audio,180636095995458,1000000000,180636.1282621667,true
video,180636129349541,1000000000,180636.128863875,true
video,180636146016125,1000000000,180636.14626166667,true
audio,180636115995458,1000000000,180636.1495326667,true
video,180636171016000,1000000000,180636.16671683334,true
audio,180636135995458,1000000000,180636.17091854167,true
video,180636187682625,1000000000,180636.18442754168,true
audio,180636155995458,1000000000,180636.19220766667,true
video,180636204349166,1000000000,180636.20200983333,true
audio,180636175995458,1000000000,180636.2136105,true
video,180636221015750,1000000000,180636.21875720835,true
audio,180636195995458,1000000000,180636.23494633334,true
video,180636237682375,1000000000,180636.23672025002,true
video,180636254348916,1000000000,180636.253262125,true
audio,180636215995416,1000000000,180636.256203375,true
video,180636271015541,1000000000,180636.27041441668,true
audio,180636235995458,1000000000,180636.27759800002,true
video,180636287682083,1000000000,180636.28795300002,true
audio,180636255995458,1000000000,180636.29890554168,true
video,180636312682000,1000000000,180636.30849266666,true
audio,180636275995416,1000000000,180636.32028191668,true
video,180636329348583,1000000000,180636.32612554167,true
audio,180636295995458,1000000000,180636.34161166666,true
video,180636346015166,1000000000,180636.34355904168,true
video,180636362681750,1000000000,180636.36078441667,true
audio,180636315995458,1000000000,180636.36287525002,true
video,180636379348291,1000000000,180636.378539625,true
audio,180636335995458,1000000000,180636.38425225002,true
video,180636396014916,1000000000,180636.39511554167,true
audio,180636355995458,1000000000,180636.40559475002,true
video,180636412681500,1000000000,180636.4116519167,true
audio,180636375995458,1000000000,180636.42690020835,true
audio,180636395995458,1000000000,180636.42696108334,true
video,180636429348208,1000000000,180636.42903016668,true
video,180636437681375,1000000000,180636.44653466667,true
audio,180636415995458,1000000000,180636.448256,true
video,180636462681208,1000000000,180636.46283433333,true
audio,180636435995458,1000000000,180636.4695927917,true
video,180636479347916,1000000000,180636.48084375,true
audio,180636455995458,1000000000,180636.4908857917,true
video,180636504347666,1000000000,180636.49972158336,true
audio,180636475995458,1000000000,180636.51225570834,true
video,180636512681000,1000000000,180636.51757033335,true
audio,180636495995416,1000000000,180636.53361370834,true
video,180636537680833,1000000000,180636.53427354168,true
video,180636554347458,1000000000,180636.5514366667,true
audio,180636515995458,1000000000,180636.55489250002,true
video,180636571014041,1000000000,180636.568922875,true
audio,180636535995458,1000000000,180636.576208125,true
video,180636587680625,1000000000,180636.58668962502,true
audio,180636555995416,1000000000,180636.59759041667,true
video,180636604347208,1000000000,180636.60449070836,true
audio,180636575995458,1000000000,180636.61888570833,true
video,180636621013791,1000000000,180636.62128358334,true
audio,180636595995458,1000000000,180636.640228625,true
video,180636662680208,1000000000,180636.65669133334,true
audio,180636615995458,1000000000,180636.66157737502,true
audio,180636635995458,1000000000,180636.672246125,true
video,180636687680083,1000000000,180636.692332125,true
audio,180636655995458,1000000000,180636.69353729166,true
video,180636712679916,1000000000,180636.70968608334,true
audio,180636675995458,1000000000,180636.71500066668,true
video,180636729346583,1000000000,180636.72730666667,true
audio,180636695995458,1000000000,180636.73622375002,true
video,180636746013166,1000000000,180636.74454100002,true
audio,180636715995416,1000000000,180636.7575845417,true
video,180636762679833,1000000000,180636.762339,true
audio,180636735995458,1000000000,180636.77891312502,true
audio,180636755995458,1000000000,180636.77896666666,true
video,180636779346291,1000000000,180636.77967145835,true
video,180636796012875,1000000000,180636.796417375,true
audio,180636775995416,1000000000,180636.80035391668,true
video,180636821012750,1000000000,180636.81727237502,true
audio,180636795995458,1000000000,180636.82161691668,true
video,180636837679333,1000000000,180636.834459875,true
audio,180636815995458,1000000000,180636.84295195836,true
video,180636854345958,1000000000,180636.85136120833,true
audio,180636835995458,1000000000,180636.8642540417,true
video,180636871012541,1000000000,180636.86802312502,true
video,180636887679250,1000000000,180636.88498445833,true
audio,180636855995458,1000000000,180636.885523625,true
video,180636904345666,1000000000,180636.90240479168,true
audio,180636875995458,1000000000,180636.90697045834,true
video,180636921012375,1000000000,180636.91958004166,true
audio,180636895995458,1000000000,180636.9282594167,true
video,180636937678875,1000000000,180636.93693795835,true
audio,180636915995458,1000000000,180636.949544625,true
video,180636954345458,1000000000,180636.95377833335,true
audio,180636935995458,1000000000,180636.97097300002,true
video,180636971012000,1000000000,180636.971113625,true
video,180636987678625,1000000000,180636.98788175,true
audio,180636955995458,1000000000,180636.9922505,true
video,180637004345208,1000000000,180637.00456066668,true
audio,180636975995458,1000000000,180637.01360566667,true
video,180637021011875,1000000000,180637.0213559167,true
audio,180636995995416,1000000000,180637.03493000002,true
video,180637037678333,1000000000,180637.03791820834,true
audio,180637015995458,1000000000,180637.05627420836,true
video,180637062678250,1000000000,180637.05760479168,true
video,180637079344833,1000000000,180637.07458037502,true
audio,180637035995458,1000000000,180637.07759470833,true
video,180637096011375,1000000000,180637.0915767917,true
audio,180637055995416,1000000000,180637.09889575,true
audio,180637075995458,1000000000,180637.09894754167,true
video,180637112678000,1000000000,180637.10936216667,true
audio,180637095995458,1000000000,180637.12020900002,true
video,180637129344583,1000000000,180637.12613241668,true
audio,180637115995458,1000000000,180637.14172033334,true
video,180637146011166,1000000000,180637.14377004167,true
video,180637162677791,1000000000,180637.16082350002,true
audio,180637135995458,1000000000,180637.16288966668,true
video,180637179344291,1000000000,180637.1784124167,true
audio,180637155995458,1000000000,180637.18425504168,true
video,180637196010875,1000000000,180637.19613804168,true
audio,180637175995458,1000000000,180637.20557116668,true
video,180637212677458,1000000000,180637.2129645417,true
audio,180637195995458,1000000000,180637.22691170833,true
video,180637237677333,1000000000,180637.23272779168,true
audio,180637215995416,1000000000,180637.2481895,true
video,180637254343916,1000000000,180637.25085866667,true
video,180637271010500,1000000000,180637.26792758334,true
audio,180637235995458,1000000000,180637.26956833334,true
video,180637287677083,1000000000,180637.28550637502,true
audio,180637255995458,1000000000,180637.29099545834,true
video,180637304343666,1000000000,180637.30256900002,true
audio,180637275995416,1000000000,180637.31225270833,true
video,180637321010250,1000000000,180637.32020375002,true
audio,180637295995458,1000000000,180637.33355670836,true
video,180637337676833,1000000000,180637.33791795836,true
audio,180637315995458,1000000000,180637.354941,true
video,180637362676708,1000000000,180637.35853870836,true
video,180637379343291,1000000000,180637.37552133334,true
audio,180637335995458,1000000000,180637.37616787502,true
video,180637396009875,1000000000,180637.39259729168,true
audio,180637355995458,1000000000,180637.39754845834,true
video,180637412676458,1000000000,180637.4097635,true
audio,180637375995458,1000000000,180637.418908875,true
audio,180637395995458,1000000000,180637.41895604169,true
video,180637429343166,1000000000,180637.4274454167,true
audio,180637415995458,1000000000,180637.44025895835,true
video,180637446009625,1000000000,180637.44470775002,true
audio,180637435995458,1000000000,180637.46155500002,true
video,180637462676208,1000000000,180637.462425375,true
video,180637479342916,1000000000,180637.479039375,true
audio,180637455995458,1000000000,180637.48297566667,true
video,180637496009416,1000000000,180637.495917875,true
audio,180637475995458,1000000000,180637.50427633335,true
video,180637512675958,1000000000,180637.5128175,true
audio,180637495995416,1000000000,180637.52554662502,true
video,180637529342541,1000000000,180637.53036354168,true
audio,180637515995458,1000000000,180637.54694370835,true
video,180637554342375,1000000000,180637.54885050002,true
video,180637571009000,1000000000,180637.56612625002,true
audio,180637535995458,1000000000,180637.56822570835,true
video,180637587675583,1000000000,180637.58470379168,true
audio,180637555995416,1000000000,180637.58955933334,true
video,180637604342291,1000000000,180637.60150295834,true
audio,180637575995458,1000000000,180637.61094850002,true
video,180637621008750,1000000000,180637.61835895834,true
audio,180637595995458,1000000000,180637.63222216666,true
video,180637637675333,1000000000,180637.63544283336,true
video,180637654341958,1000000000,180637.65313070835,true
audio,180637615995458,1000000000,180637.65350279168,true
video,180637671008541,1000000000,180637.67047708333,true
audio,180637635995458,1000000000,180637.674932625,true
video,180637679341833,1000000000,180637.6873085,true
audio,180637655995458,1000000000,180637.69630320836,true
video,180637704341583,1000000000,180637.7046975,true
audio,180637675995458,1000000000,180637.71756120835,true
video,180637729341500,1000000000,180637.72463208335,true
audio,180637695995458,1000000000,180637.73893058335,true
video,180637746008083,1000000000,180637.74336575,true
audio,180637715995416,1000000000,180637.76027895833,true
video,180637762674708,1000000000,180637.76067954168,true
video,180637779341250,1000000000,180637.77756095835,true
audio,180637735995458,1000000000,180637.78158329168,true
audio,180637755995458,1000000000,180637.781613,true
video,180637796007833,1000000000,180637.794572125,true
audio,180637775995416,1000000000,180637.80295,true
video,180637804341166,1000000000,180637.8113455,true
audio,180637795995458,1000000000,180637.82426579169,true
video,180637829341000,1000000000,180637.82848079168,true
audio,180637815995458,1000000000,180637.845620125,true
video,180637846007583,1000000000,180637.84603845834,true
video,180637862674208,1000000000,180637.86304279167,true
audio,180637835995458,1000000000,180637.86700333335,true
video,180637887674041,1000000000,180637.88412345835,true
audio,180637855995458,1000000000,180637.88820979168,true
video,180637904340750,1000000000,180637.90088925,true
audio,180637875995458,1000000000,180637.90962283334,true
video,180637921007208,1000000000,180637.918321625,true
audio,180637895995458,1000000000,180637.93092025002,true
video,180637937673833,1000000000,180637.93525479166,true
video,180637954340500,1000000000,180637.95204791668,true
audio,180637915995458,1000000000,180637.95219137502,true
video,180637971007083,1000000000,180637.9690117917,true
audio,180637935995458,1000000000,180637.97359200002,true
video,180637987673583,1000000000,180637.98610529167,true
audio,180637955995458,1000000000,180637.99487670834,true
video,180638004340125,1000000000,180638.0027840417,true
audio,180637975995458,1000000000,180638.01627595833,true
video,180638021006708,1000000000,180638.020025875,true
audio,180637995995416,1000000000,180638.03760062502,true
video,180638037673291,1000000000,180638.03773704168,true
video,180638054339916,1000000000,180638.05457516667,true
audio,180638015995458,1000000000,180638.05892195835,true
video,180638079339791,1000000000,180638.07417525002,true
audio,180638035995458,1000000000,180638.08024937502,true
video,180638096006333,1000000000,180638.09121758334,true
audio,180638055995416,1000000000,180638.10153033334,true
audio,180638075995458,1000000000,180638.10156950002,true
video,180638112672958,1000000000,180638.10828091667,true
audio,180638095995458,1000000000,180638.12290241668,true
video,180638129339500,1000000000,180638.12574070835,true
video,180638146006083,1000000000,180638.14265395835,true
audio,180638115995458,1000000000,180638.14423025,true
video,180638162672666,1000000000,180638.15945212502,true
audio,180638135995458,1000000000,180638.16560691668,true
video,180638179339375,1000000000,180638.17700483336,true
audio,180638155995458,1000000000,180638.18690587502,true
video,180638196005875,1000000000,180638.19372625,true
audio,180638175995458,1000000000,180638.2083171667,true
video,180638212672416,1000000000,180638.21095095834,true
video,180638229339125,1000000000,180638.22795345835,true
audio,180638195995458,1000000000,180638.2295526667,true
video,180638246005750,1000000000,180638.24562370835,true
audio,180638215995416,1000000000,180638.25091675002,true
video,180638262672125,1000000000,180638.26306841668,true
audio,180638235995458,1000000000,180638.2722660417,true
video,180638287672041,1000000000,180638.283233375,true
audio,180638255995458,1000000000,180638.293576625,true
video,180638304338625,1000000000,180638.30071550002,true
audio,180638275995416,1000000000,180638.31488395834,true
video,180638321005208,1000000000,180638.31749275,true
video,180638337671750,1000000000,180638.33487754167,true
audio,180638295995458,1000000000,180638.3361836667,true
video,180638354338458,1000000000,180638.35148216668,true
audio,180638315995458,1000000000,180638.35764858333,true
video,180638371005083,1000000000,180638.36876158335,true
audio,180638335995458,1000000000,180638.37895920835,true
video,180638387671541,1000000000,180638.38611195833,true
audio,180638355995458,1000000000,180638.400238375,true
video,180638404338208,1000000000,180638.40288316668,true
video,180638421004666,1000000000,180638.42008645835,true
audio,180638375995458,1000000000,180638.42157404168,true
audio,180638395995458,1000000000,180638.42162170834,true
video,180638437671291,1000000000,180638.43717737502,true
audio,180638415995458,1000000000,180638.44290345834,true
video,180638454337833,1000000000,180638.45433716668,true
audio,180638435995458,1000000000,180638.46425445835,true
video,180638471004458,1000000000,180638.4714770417,true
audio,180638455995458,1000000000,180638.485614125,true
video,180638496004333,1000000000,180638.49267141666,true
audio,180638475995458,1000000000,180638.50696129169,true
video,180638512670875,1000000000,180638.51060587502,true
video,180638529337583,1000000000,180638.52793329168,true
audio,180638495995416,1000000000,180638.52827175002,true
video,180638546004041,1000000000,180638.54507658334,true
audio,180638515995458,1000000000,180638.54962183334,true
video,180638562670666,1000000000,180638.562076875,true
audio,180638535995458,1000000000,180638.57096241668,true
video,180638579337250,1000000000,180638.57903675002,true
audio,180638555995416,1000000000,180638.59224516668,true
audio,180638575995458,1000000000,180638.61363383333,true
video,180638604337041,1000000000,180638.61415004169,true
video,180638629337000,1000000000,180638.63174579167,true
audio,180638595995458,1000000000,180638.63488237502,true
video,180638654336791,1000000000,180638.64897633335,true
audio,180638615995458,1000000000,180638.65624433334,true
audio,180638635995458,1000000000,180638.67757770835,true
video,180638679336708,1000000000,180638.68300625,true
audio,180638655995458,1000000000,180638.69887879168,true
video,180638704336583,1000000000,180638.70005116667,true
video,180638721003166,1000000000,180638.71773920834,true
audio,180638675995458,1000000000,180638.7201961667,true
video,180638737669791,1000000000,180638.73486875,true
audio,180638695995458,1000000000,180638.74155154167,true
video,180638754336375,1000000000,180638.752272,true
audio,180638715995416,1000000000,180638.76290383335,true
video,180638771002916,1000000000,180638.77002133333,true
audio,180638735995458,1000000000,180638.78423154168,true
audio,180638755995458,1000000000,180638.78425791668,true
video,180638787669541,1000000000,180638.7869392917,true
video,180638804336125,1000000000,180638.804126875,true
audio,180638775995416,1000000000,180638.80549395835,true
video,180638821002708,1000000000,180638.82090675,true
audio,180638795995458,1000000000,180638.826932125,true
video,180638837669208,1000000000,180638.83750708334,true
audio,180638815995458,1000000000,180638.84820512502,true
video,180638854335916,1000000000,180638.85419445834,true
audio,180638835995458,1000000000,180638.8695955,true
video,180638871002416,1000000000,180638.87097029167,true
video,180638887668958,1000000000,180638.88802183335,true
audio,180638855995458,1000000000,180638.89094375,true
video,180638912668875,1000000000,180638.90750533334,true
audio,180638875995458,1000000000,180638.912258875,true
video,180638929335458,1000000000,180638.924654625,true
audio,180638895995458,1000000000,180638.93360183336,true
video,180638946002041,1000000000,180638.94145808334,true
audio,180638915995458,1000000000,180638.95493825,true
video,180638962668708,1000000000,180638.95900633335,true
video,180638979335208,1000000000,180638.975742375,true
audio,180638935995458,1000000000,180638.97612975002,true
video,180638996001791,1000000000,180638.99275987502,true
audio,180638955995458,1000000000,180638.99758116668,true
video,180639012668333,1000000000,180639.00978041667,true
audio,180638975995458,1000000000,180639.01889375,true
video,180639029335041,1000000000,180639.02673945835,true
audio,180638995995416,1000000000,180639.04029170834,true
video,180639046001541,1000000000,180639.04338208336,true
video,180639062668208,1000000000,180639.06072825,true
audio,180639015995458,1000000000,180639.061521125,true
video,180639079334708,1000000000,180639.07831241668,true
audio,180639035995458,1000000000,180639.08287308333,true
video,180639096001250,1000000000,180639.09519883335,true
audio,180639055995416,1000000000,180639.10432375,true
audio,180639075995458,1000000000,180639.10441720835,true
video,180639112667875,1000000000,180639.11237695834,true
audio,180639095995458,1000000000,180639.125605125,true
video,180639129334416,1000000000,180639.12955195835,true
video,180639146001000,1000000000,180639.1462146667,true
audio,180639115995458,1000000000,180639.14689550002,true
video,180639162667625,1000000000,180639.1628635417,true
audio,180639135995458,1000000000,180639.16823245835,true
video,180639179334166,1000000000,180639.17978612502,true
audio,180639155995458,1000000000,180639.18953095833,true
video,180639196000791,1000000000,180639.19618858333,true
audio,180639175995458,1000000000,180639.21090154166,true
video,180639221000750,1000000000,180639.21713004168,true
audio,180639195995458,1000000000,180639.232266375,true
video,180639237667291,1000000000,180639.23392641667,true
video,180639254333791,1000000000,180639.2509605,true
audio,180639215995416,1000000000,180639.2535395,true
video,180639271000375,1000000000,180639.26884720835,true
audio,180639235995458,1000000000,180639.27488720833,true
video,180639279333791,1000000000,180639.28614383333,true
audio,180639255995458,1000000000,180639.29625229168,true
video,180639304333541,1000000000,180639.30344854167,true
audio,180639275995416,1000000000,180639.31762920835,true
video,180639321000166,1000000000,180639.320870625,true
video,180639337666708,1000000000,180639.33794283334,true
audio,180639295995458,1000000000,180639.33888508336,true
video,180639362666583,1000000000,180639.35753579167,true
audio,180639315995458,1000000000,180639.36027070833,true
video,180639379333125,1000000000,180639.374737875,true
audio,180639335995458,1000000000,180639.3816371667,true
video,180639395999833,1000000000,180639.39167925002,true
audio,180639355995458,1000000000,180639.40287720834,true
video,180639412666333,1000000000,180639.40903937502,true
audio,180639375995458,1000000000,180639.424288125,true
audio,180639395995458,1000000000,180639.42433941667,true
video,180639429332875,1000000000,180639.42576,true
video,180639445999458,1000000000,180639.44263237502,true
audio,180639415995458,1000000000,180639.44555979167,true
video,180639462666041,1000000000,180639.46089429167,true
audio,180639435995458,1000000000,180639.46700383336,true
video,180639479332750,1000000000,180639.478068125,true
audio,180639455995458,1000000000,180639.48825529168,true
video,180639495999250,1000000000,180639.49533150002,true
audio,180639475995458,1000000000,180639.50960229168,true
video,180639512665791,1000000000,180639.51222154166,true
video,180639520999083,1000000000,180639.52980062502,true
audio,180639495995416,1000000000,180639.53087358334,true
video,180639537665708,1000000000,180639.54743637503,true
audio,180639515995458,1000000000,180639.5522199167,true
video,180639562665500,1000000000,180639.565092875,true
audio,180639535995458,1000000000,180639.573603,true
video,180639587665375,1000000000,180639.58197729167,true
audio,180639555995416,1000000000,180639.59489912502,true
audio,180639575995458,1000000000,180639.61624537501,true
video,180639612665291,1000000000,180639.61686075001,true
video,180639629331916,1000000000,180639.63408445835,true
audio,180639595995458,1000000000,180639.63755770834,true
video,180639654331708,1000000000,180639.65185016667,true
audio,180639615995458,1000000000,180639.65879345834,true
audio,180639635995458,1000000000,180639.68021633333,true
video,180639679331583,1000000000,180639.68635470833,true
audio,180639655995458,1000000000,180639.701608375,true
video,180639704331458,1000000000,180639.70377479168,true
video,180639720998083,1000000000,180639.72143162502,true
audio,180639675995458,1000000000,180639.72284345835,true
video,180639737664666,1000000000,180639.73806404168,true
audio,180639695995458,1000000000,180639.744290875,true
video,180639762664500,1000000000,180639.75800733335,true
audio,180639715995416,1000000000,180639.76559095836,true
video,180639779331125,1000000000,180639.7772537917,true
audio,180639735995458,1000000000,180639.78695154167,true
audio,180639755995458,1000000000,180639.78699037503,true
video,180639795997708,1000000000,180639.7937611667,true
audio,180639775995416,1000000000,180639.80830179167,true
video,180639812664291,1000000000,180639.81117616667,true
video,180639829330875,1000000000,180639.82885283334,true
audio,180639795995458,1000000000,180639.82946283335,true
video,180639845997458,1000000000,180639.846063875,true
audio,180639815995458,1000000000,180639.85088820834,true
video,180639862664166,1000000000,180639.86290616667,true
audio,180639835995458,1000000000,180639.87228104167,true
video,180639887663875,1000000000,180639.88281408334,true
audio,180639855995458,1000000000,180639.89367175,true
video,180639904330541,1000000000,180639.900677375,true
audio,180639875995458,1000000000,180639.91494258333,true
video,180639920997041,1000000000,180639.9179364167,true
video,180639937663625,1000000000,180639.93536650002,true
audio,180639895995458,1000000000,180639.936266875,true
video,180639954330291,1000000000,180639.95230925002,true
audio,180639915995458,1000000000,180639.95761279168,true
video,180639970996791,1000000000,180639.970015375,true
audio,180639935995458,1000000000,180639.978960375,true
video,180639987663500,1000000000,180639.98727933335,true
audio,180639955995458,1000000000,180640.000264875,true
video,180640004329958,1000000000,180640.00468420834,true
video,180640020996500,1000000000,180640.02101725002,true
audio,180639975995458,1000000000,180640.02151341666,true
video,180640037663125,1000000000,180640.03815929167,true
audio,180639995995416,1000000000,180640.04294466667,true
video,180640062662958,1000000000,180640.05952133334,true
audio,180640015995458,1000000000,180640.06426795834,true
video,180640079329666,1000000000,180640.07672108334,true
audio,180640035995458,1000000000,180640.08556004168,true
video,180640095996125,1000000000,180640.0938704167,true
audio,180640055995416,1000000000,180640.107073875,true
audio,180640075995458,1000000000,180640.10713091667,true
video,180640112662750,1000000000,180640.11074204167,true
audio,180640095995458,1000000000,180640.12825845834,true
video,180640129329333,1000000000,180640.12837575,true
video,180640145995875,1000000000,180640.1452745417,true
audio,180640115995458,1000000000,180640.149588,true
video,180640162662625,1000000000,180640.16303429168,true
audio,180640135995458,1000000000,180640.17091045834,true
video,180640179329041,1000000000,180640.179860375,true
audio,180640155995458,1000000000,180640.192297375,true
video,180640204328958,1000000000,180640.20073716668,true
audio,180640175995458,1000000000,180640.21362879168,true
video,180640220995500,1000000000,180640.21793912502,true
video,180640237662250,1000000000,180640.23446620835,true
audio,180640195995458,1000000000,180640.23489316666,true
video,180640254328666,1000000000,180640.25240095836,true
audio,180640215995416,1000000000,180640.25620629167,true
video,180640270995250,1000000000,180640.26902550002,true
audio,180640235995458,1000000000,180640.27760341667,true
video,180640287661875,1000000000,180640.2858155417,true
audio,180640255995458,1000000000,180640.298932125,true
video,180640304328416,1000000000,180640.30293654167,true
video,180640320995000,1000000000,180640.32003066668,true
audio,180640275995416,1000000000,180640.32022208333,true
video,180640337661583,1000000000,180640.33739208334,true
audio,180640295995458,1000000000,180640.34155720833,true
video,180640354328291,1000000000,180640.3546867917,true
audio,180640315995458,1000000000,180640.36289125,true
video,180640379328041,1000000000,180640.3748987917,true
audio,180640335995458,1000000000,180640.3842282917,true
video,180640395994625,1000000000,180640.39211158335,true
audio,180640355995458,1000000000,180640.40554008333,true
video,180640412661208,1000000000,180640.4093476667,true
video,180640429327750,1000000000,180640.426266875,true
audio,180640375995458,1000000000,180640.42681333335,true
audio,180640395995458,1000000000,180640.426847375,true
video,180640445994333,1000000000,180640.4438154167,true
audio,180640415995458,1000000000,180640.4482457917,true
video,180640462660916,1000000000,180640.46100595835,true
audio,180640435995458,1000000000,180640.46961033336,true
video,180640479327541,1000000000,180640.47778070834,true
audio,180640455995458,1000000000,180640.49095900002,true
video,180640495994083,1000000000,180640.4948642917,true
video,180640512660666,1000000000,180640.51199779168,true
audio,180640475995458,1000000000,180640.512148125,true
video,180640529327375,1000000000,180640.52919220834,true
audio,180640495995416,1000000000,180640.53350075003,true
video,180640545993833,1000000000,180640.54632658334,true
audio,180640515995458,1000000000,180640.5549147917,true
video,180640562660500,1000000000,180640.56314500002,true
audio,180640535995458,1000000000,180640.57623220835,true
video,180640587660291,1000000000,180640.5824532917,true
audio,180640555995416,1000000000,180640.59759075003,true
video,180640604326875,1000000000,180640.59961720835,true
video,180640620993458,1000000000,180640.61670512502,true
audio,180640575995458,1000000000,180640.618903375,true
video,180640637660166,1000000000,180640.63427912502,true
audio,180640595995458,1000000000,180640.6402522917,true
video,180640654326625,1000000000,180640.65154766667,true
audio,180640615995458,1000000000,180640.66169166667,true
video,180640670993208,1000000000,180640.66902866669,true
audio,180640635995458,1000000000,180640.67225633335,true
video,180640687659750,1000000000,180640.68706687502,true
audio,180640655995458,1000000000,180640.6935791667,true
video,180640704326458,1000000000,180640.7048504167,true
audio,180640675995458,1000000000,180640.714916875,true
video,180640729326333,1000000000,180640.7244,true
audio,180640695995458,1000000000,180640.73625883335,true
video,180640745992833,1000000000,180640.74110054167,true
audio,180640715995416,1000000000,180640.75759041667,true
video,180640762659375,1000000000,180640.758372125,true
video,180640779326083,1000000000,180640.77575625002,true
audio,180640735995458,1000000000,180640.77890587502,true
audio,180640755995458,1000000000,180640.77893395835,true
video,180640795992583,1000000000,180640.79232783333,true
audio,180640775995416,1000000000,180640.80025679167,true
video,180640812659125,1000000000,180640.80953820836,true
audio,180640795995458,1000000000,180640.82160508336,true
video,180640829325750,1000000000,180640.827353,true
audio,180640815995458,1000000000,180640.84289279167,true
video,180640845992291,1000000000,180640.8451426667,true
video,180640862658916,1000000000,180640.86196045834,true
audio,180640835995458,1000000000,180640.86420308336,true
video,180640879325583,1000000000,180640.87897979168,true
audio,180640855995458,1000000000,180640.88555895834,true
video,180640895992041,1000000000,180640.89621550002,true
audio,180640875995458,1000000000,180640.90692708336,true
video,180640912658791,1000000000,180640.91281995835,true
audio,180640895995458,1000000000,180640.92826658333,true
video,180640937658500,1000000000,180640.93333491668,true
audio,180640915995458,1000000000,180640.94965337502,true
video,180640954325125,1000000000,180640.95138079167,true
video,180640970991625,1000000000,180640.96860608333,true
audio,180640935995458,1000000000,180640.97085137502,true
video,180640987658208,1000000000,180640.98599058334,true
audio,180640955995458,1000000000,180640.9922467917,true
video,180641004324833,1000000000,180641.00302008336,true
audio,180640975995458,1000000000,180641.01357716668,true
video,180641020991375,1000000000,180641.01997525,true
audio,180640995995416,1000000000,180641.03491087502,true
video,180641037657958,1000000000,180641.037022125,true
video,180641054324666,1000000000,180641.0540657917,true
audio,180641015995458,1000000000,180641.05621295836,true
video,180641070991125,1000000000,180641.071283,true
audio,180641035995458,1000000000,180641.07754829168,true
video,180641095991000,1000000000,180641.09154854168,true
audio,180641055995416,1000000000,180641.09888266667,true
audio,180641075995458,1000000000,180641.09891170834,true
video,180641112657583,1000000000,180641.10906816667,true
audio,180641095995458,1000000000,180641.12025566667,true
video,180641129324166,1000000000,180641.12580704168,true
audio,180641115995458,1000000000,180641.141680375,true
video,180641145990708,1000000000,180641.14269654168,true
video,180641162657333,1000000000,180641.15966270835,true
audio,180641135995458,1000000000,180641.16287829168,true
video,180641179323916,1000000000,180641.1777515,true
audio,180641155995458,1000000000,180641.184285625,true
video,180641195990416,1000000000,180641.19484575,true
audio,180641175995458,1000000000,180641.20561033333,true
video,180641212657083,1000000000,180641.2119215417,true
audio,180641195995458,1000000000,180641.22700425002,true
video,180641229323666,1000000000,180641.22932095834,true
video,180641245990250,1000000000,180641.24598291668,true
audio,180641215995416,1000000000,180641.24820979167,true
video,180641262656791,1000000000,180641.26291420835,true
audio,180641235995458,1000000000,180641.26960104168,true
video,180641287656708,1000000000,180641.2848925,true
audio,180641255995458,1000000000,180641.2909290417,true
video,180641304323250,1000000000,180641.3028660417,true
audio,180641275995416,1000000000,180641.31224133333,true
video,180641320989875,1000000000,180641.32033450002,true
audio,180641295995458,1000000000,180641.33364545833,true
video,180641337656416,1000000000,180641.33749941667,true
video,180641354323041,1000000000,180641.35460175,true
audio,180641315995458,1000000000,180641.35482166667,true
video,180641379322875,1000000000,180641.37484833333,true
audio,180641335995458,1000000000,180641.37634654169,true
video,180641395989458,1000000000,180641.39200283334,true
audio,180641355995458,1000000000,180641.39760637502,true
video,180641412656041,1000000000,180641.40896829168,true
audio,180641375995458,1000000000,180641.4189452917,true
audio,180641395995458,1000000000,180641.418992625,true
video,180641429322625,1000000000,180641.42620525,true
audio,180641415995458,1000000000,180641.44029245834,true
video,180641445989208,1000000000,180641.44399279167,true
video,180641462655791,1000000000,180641.46083391667,true
audio,180641435995458,1000000000,180641.4615541667,true
video,180641479322375,1000000000,180641.47760900002,true
audio,180641455995458,1000000000,180641.48293725002,true
video,180641495988958,1000000000,180641.49541020836,true
audio,180641475995458,1000000000,180641.5042896667,true
video,180641512655666,1000000000,180641.51298575,true
audio,180641495995416,1000000000,180641.52555708334,true
video,180641529322250,1000000000,180641.53072100002,true
audio,180641515995458,1000000000,180641.54689883333,true
video,180641545988666,1000000000,180641.54807125,true
video,180641570988500,1000000000,180641.56527025002,true
audio,180641535995458,1000000000,180641.56822054167,true
audio,180641555995416,1000000000,180641.58957225,true
video,180641595988375,1000000000,180641.60006458336,true
audio,180641575995458,1000000000,180641.61092954167,true
video,180641612655000,1000000000,180641.61805891668,true
audio,180641595995458,1000000000,180641.63221241668,true
video,180641637654833,1000000000,180641.63482995835,true
audio,180641615995458,1000000000,180641.65356791668,true
video,180641662654708,1000000000,180641.66906183335,true
audio,180641635995458,1000000000,180641.67491425,true
video,180641687654583,1000000000,180641.6859425417,true
audio,180641655995458,1000000000,180641.69626016667,true
video,180641704321208,1000000000,180641.702694875,true
audio,180641675995458,1000000000,180641.71754820834,true
video,180641720987750,1000000000,180641.71961420836,true
video,180641737654375,1000000000,180641.73692700002,true
audio,180641695995458,1000000000,180641.73890650002,true
video,180641754320916,1000000000,180641.75411945835,true
audio,180641715995416,1000000000,180641.76021154167,true
video,180641770987500,1000000000,180641.77142445833,true
audio,180641735995458,1000000000,180641.78158520834,true
audio,180641755995458,1000000000,180641.78161833333,true
video,180641795987375,1000000000,180641.793765375,true
audio,180641775995416,1000000000,180641.80287837502,true
video,180641812653958,1000000000,180641.81054758336,true
audio,180641795995458,1000000000,180641.8242776667,true
video,180641829320541,1000000000,180641.82832454168,true
audio,180641815995458,1000000000,180641.84560683335,true
video,180641845987125,1000000000,180641.8457196667,true
video,180641862653708,1000000000,180641.862984375,true
audio,180641835995458,1000000000,180641.86691504167,true
video,180641887653708,1000000000,180641.88306391667,true
audio,180641855995458,1000000000,180641.88827983334,true
video,180641904320166,1000000000,180641.90007041668,true
audio,180641875995458,1000000000,180641.90963704168,true
video,180641920986750,1000000000,180641.91751533333,true
audio,180641895995458,1000000000,180641.93095554167,true
video,180641937653291,1000000000,180641.93484433336,true
video,180641954320041,1000000000,180641.95153229168,true
audio,180641915995458,1000000000,180641.95222154167,true
video,180641970986500,1000000000,180641.96822862502,true
audio,180641935995458,1000000000,180641.97349041668,true
video,180641987653041,1000000000,180641.98582791668,true
audio,180641955995458,1000000000,180641.99487866668,true
video,180642004319625,1000000000,180642.002882125,true
audio,180641975995458,1000000000,180642.01624525,true
video,180642020986208,1000000000,180642.01996408333,true
video,180642037652833,1000000000,180642.03661141667,true
audio,180641995995416,1000000000,180642.03753670835,true
video,180642054319375,1000000000,180642.05391229168,true
audio,180642015995458,1000000000,180642.05891370834,true
video,180642070985958,1000000000,180642.07087737502,true
audio,180642035995458,1000000000,180642.08023958333,true
video,180642087652500,1000000000,180642.08780970835,true
audio,180642055995416,1000000000,180642.10159658335,true
audio,180642075995458,1000000000,180642.10165133333,true
video,180642104319083,1000000000,180642.10449908333,true
video,180642120985666,1000000000,180642.12123450002,true
audio,180642095995458,1000000000,180642.122894125,true
video,180642145985541,1000000000,180642.141524875,true
audio,180642115995458,1000000000,180642.1442884167,true
video,180642162652125,1000000000,180642.15882320833,true
audio,180642135995458,1000000000,180642.16565912502,true
video,180642179318708,1000000000,180642.17583220833,true
audio,180642155995458,1000000000,180642.18699695833,true
video,180642195985250,1000000000,180642.19291883335,true
audio,180642175995458,1000000000,180642.20826629168,true
video,180642212651875,1000000000,180642.21007108333,true
video,180642229318458,1000000000,180642.22675616667,true
audio,180642195995458,1000000000,180642.22955383334,true
video,180642245985000,1000000000,180642.24369641667,true
audio,180642215995416,1000000000,180642.25092416667,true
video,180642262651583,1000000000,180642.26070645836,true
audio,180642235995458,1000000000,180642.272281,true
video,180642279318291,1000000000,180642.27804845833,true
audio,180642255995458,1000000000,180642.29361970833,true
video,180642287651500,1000000000,180642.29528333334,true
video,180642312651333,1000000000,180642.31300375002,true
audio,180642275995416,1000000000,180642.31486787501,true
video,180642337651250,1000000000,180642.332168625,true
audio,180642295995458,1000000000,180642.33623270833,true
video,180642354317791,1000000000,180642.34919320836,true
audio,180642315995458,1000000000,180642.35763116667,true
video,180642370984375,1000000000,180642.36714583336,true
audio,180642335995458,1000000000,180642.37890683336,true
video,180642387650958,1000000000,180642.38510175,true
audio,180642355995458,1000000000,180642.40022720833,true
video,180642404317583,1000000000,180642.402131,true
video,180642412650875,1000000000,180642.41869925,true
audio,180642375995458,1000000000,180642.42152254167,true
audio,180642395995458,1000000000,180642.42155479168,true
video,180642437650666,1000000000,180642.43646375,true
audio,180642415995458,1000000000,180642.44292445833,true
video,180642454317291,1000000000,180642.45344108334,true
audio,180642435995458,1000000000,180642.46424979166,true
video,180642470983875,1000000000,180642.47097804167,true
audio,180642455995458,1000000000,180642.485568375,true
video,180642487650541,1000000000,180642.48779516667,true
video,180642504317125,1000000000,180642.50449054167,true
audio,180642475995458,1000000000,180642.506965,true
video,180642520983583,1000000000,180642.52133033334,true
audio,180642495995416,1000000000,180642.52826358334,true
video,180642529317000,1000000000,180642.53805220834,true
audio,180642515995458,1000000000,180642.54962570834,true
video,180642562650041,1000000000,180642.5590080417,true
audio,180642535995458,1000000000,180642.5709184167,true
video,180642579316750,1000000000,180642.57603891668,true
audio,180642555995416,1000000000,180642.59229662502,true
video,180642595983250,1000000000,180642.59291600002,true
video,180642612649791,1000000000,180642.61017629167,true
audio,180642575995458,1000000000,180642.61359220833,true
video,180642629316458,1000000000,180642.6271227917,true
audio,180642595995458,1000000000,180642.63486733334,true
audio,180642615995458,1000000000,180642.65621208336,true
video,180642654316166,1000000000,180642.66131125,true
audio,180642635995458,1000000000,180642.67764166667,true
video,180642679316041,1000000000,180642.67888870835,true
video,180642695982666,1000000000,180642.69594716668,true
audio,180642655995458,1000000000,180642.69885458334,true
