type,pts_value,pts_timescale,host_seconds,appended
video,171128169510583,1000000000,171128.18405129167,true
video,171128186177166,1000000000,171128.18584829167,true
audio,171128169967541,1000000000,171128.19399470833,true
video,171128202843708,1000000000,171128.20199995834,true
audio,171128189967500,1000000000,171128.212907625,true
video,171128219510333,1000000000,171128.219244375,true
audio,171128209967541,1000000000,171128.2341995,true
video,171128236176916,1000000000,171128.23651395834,true
audio,171128229967541,1000000000,171128.255610625,true
video,171128261176916,1000000000,171128.256696,true
video,171128277843416,1000000000,171128.27358100002,true
audio,171128249967500,1000000000,171128.2768481667,true
video,171128294510000,1000000000,171128.29105675002,true
audio,171128269967541,1000000000,171128.29827654167,true
video,171128311176583,1000000000,171128.307845875,true
audio,171128289967541,1000000000,171128.3195424167,true
video,171128327843166,1000000000,171128.324558625,true
audio,171128309967541,1000000000,171128.34089745834,true
video,171128344509791,1000000000,171128.34205266667,true
video,171128361176375,1000000000,171128.35930445834,true
audio,171128329967541,1000000000,171128.36215729167,true
video,171128377842916,1000000000,171128.3760525,true
audio,171128349967541,1000000000,171128.38348054167,true
video,171128394509541,1000000000,171128.3932910417,true
audio,171128369967541,1000000000,171128.40485004167,true
video,171128411176083,1000000000,171128.41055641667,true
audio,171128389967541,1000000000,171128.426187375,true
video,171128427842666,1000000000,171128.4273426667,true
video,171128444509250,1000000000,171128.4446602917,true
audio,171128409967541,1000000000,171128.44754579169,true
video,171128469509166,1000000000,171128.46477283334,true
audio,171128429967541,1000000000,171128.46885970834,true
video,171128486175750,1000000000,171128.48196987502,true
audio,171128449967541,1000000000,171128.49017508334,true
audio,171128469967500,1000000000,171128.49022383333,true
video,171128502842333,1000000000,171128.49879833334,true
audio,171128489967541,1000000000,171128.511531125,true
video,171128519508958,1000000000,171128.51602258335,true
video,171128536175500,1000000000,171128.53280654168,true
audio,171128509967541,1000000000,171128.53285125,true
video,171128552842125,1000000000,171128.55007054168,true
audio,171128529967500,1000000000,171128.554233,true
video,171128569508708,1000000000,171128.56680808336,true
audio,171128549967541,1000000000,171128.57553408336,true
video,171128586175291,1000000000,171128.58409000002,true
audio,171128569967541,1000000000,171128.5968955,true
video,171128602841875,1000000000,171128.601371,true
video,171128619508458,1000000000,171128.61809508334,true
audio,171128589967541,1000000000,171128.61815762502,true
video,171128636175208,1000000000,171128.63567595836,true
audio,171128609967541,1000000000,171128.6395215,true
video,171128652841666,1000000000,171128.65237704167,true
audio,171128629967541,1000000000,171128.66086075,true
video,171128669508250,1000000000,171128.66948758333,true
audio,171128649967541,1000000000,171128.682176125,true
video,171128686174833,1000000000,171128.686308625,true
video,171128702841416,1000000000,171128.70298925,true
audio,171128669967541,1000000000,171128.70341458335,true
video,171128719508041,1000000000,171128.71967895835,true
audio,171128689967500,1000000000,171128.7248655,true
video,171128744507916,1000000000,171128.73940820835,true
audio,171128709967541,1000000000,171128.746194875,true
video,171128761174583,1000000000,171128.75723608333,true
audio,171128729967541,1000000000,171128.76752595833,true
video,171128777841083,1000000000,171128.77401225,true
audio,171128749967500,1000000000,171128.78888775,true
video,171128794507666,1000000000,171128.79129633334,true
video,171128811174250,1000000000,171128.80838075,true
audio,171128769967541,1000000000,171128.81011445835,true
audio,171128789967541,1000000000,171128.81014062502,true
video,171128827840833,1000000000,171128.82511920834,true
audio,171128809967541,1000000000,171128.83155033336,true
video,171128844507458,1000000000,171128.84285016666,true
audio,171128829967541,1000000000,171128.85282645834,true
video,171128861174041,1000000000,171128.86026483335,true
audio,171128849967541,1000000000,171128.874208375,true
video,171128877840625,1000000000,171128.87722733335,true
video,171128894507250,1000000000,171128.8940225,true
audio,171128869967541,1000000000,171128.8955245,true
video,171128911173833,1000000000,171128.911184625,true
audio,171128889967541,1000000000,171128.91686533333,true
video,171128927840416,1000000000,171128.9279536667,true
audio,171128909967541,1000000000,171128.9382391667,true
video,171128944506958,1000000000,171128.94460870835,true
audio,171128929967541,1000000000,171128.9595405417,true
video,171128969506833,1000000000,171128.96416329168,true
audio,171128949967541,1000000000,171128.98082637502,true
video,171128986173416,1000000000,171128.98189154168,true
video,171129002840000,1000000000,171128.99868779167,true
audio,171128969967500,1000000000,171129.00217625,true
video,171129019506625,1000000000,171129.01622991668,true
audio,171128989967541,1000000000,171129.02362025002,true
video,171129036173333,1000000000,171129.03368075,true
audio,171129009967541,1000000000,171129.044843,true
video,171129052839791,1000000000,171129.05028808335,true
audio,171129029967500,1000000000,171129.066247,true
video,171129069506375,1000000000,171129.06711416668,true
video,171129086173083,1000000000,171129.085000625,true
audio,171129049967541,1000000000,171129.0875176667,true
video,171129102839583,1000000000,171129.10246820835,true
audio,171129069967541,1000000000,171129.10887495836,true
video,171129119506166,1000000000,171129.11954370834,true
audio,171129089967541,1000000000,171129.13022329166,true
audio,171129109967541,1000000000,171129.130271375,true
video,171129136172791,1000000000,171129.136313625,true
audio,171129129967541,1000000000,171129.15156875,true
video,171129152839333,1000000000,171129.1529951667,true
video,171129169505916,1000000000,171129.169803,true
video,171129186172625,1000000000,171129.18656308335,true
audio,171129149967541,1000000000,171129.194269125,true
video,171129202839083,1000000000,171129.20309783335,true
audio,171129169967541,1000000000,171129.21554229167,true
video,171129219505833,1000000000,171129.21983220836,true
audio,171129189967500,1000000000,171129.23690029167,true
video,171129244505583,1000000000,171129.23966466667,true
video,171129261172333,1000000000,171129.25734341668,true
audio,171129209967541,1000000000,171129.25818162502,true
video,171129277838791,1000000000,171129.27461195833,true
audio,171129229967541,1000000000,171129.27953433336,true
video,171129294505375,1000000000,171129.29131416668,true
audio,171129249967500,1000000000,171129.30082825,true
audio,171129269967541,1000000000,171129.30086437502,true
video,171129311171958,1000000000,171129.30854875,true
audio,171129289967541,1000000000,171129.3222441667,true
video,171129327838541,1000000000,171129.325313,true
video,171129344505291,1000000000,171129.34210512502,true
audio,171129309967541,1000000000,171129.34364504166,true
video,171129361171750,1000000000,171129.35939,true
audio,171129329967541,1000000000,171129.36494345835,true
video,171129377838291,1000000000,171129.37647787502,true
audio,171129349967541,1000000000,171129.38620570835,true
video,171129394504916,1000000000,171129.39387633334,true
audio,171129369967541,1000000000,171129.407512375,true
video,171129411171500,1000000000,171129.41128220834,true
video,171129427838083,1000000000,171129.427987875,true
audio,171129389967541,1000000000,171129.42884666668,true
video,171129444504666,1000000000,171129.44470341667,true
audio,171129409967541,1000000000,171129.45025920833,true
video,171129461171375,1000000000,171129.46140825,true
audio,171129429967541,1000000000,171129.47152054167,true
video,171129486171125,1000000000,171129.48182050002,true
audio,171129449967541,1000000000,171129.49287229168,true
video,171129502837708,1000000000,171129.50019733334,true
audio,171129469967500,1000000000,171129.51426637502,true
video,171129519504333,1000000000,171129.51685879167,true
video,171129536170916,1000000000,171129.53374095834,true
audio,171129489967541,1000000000,171129.53551833334,true
video,171129552837458,1000000000,171129.55049708334,true
audio,171129509967541,1000000000,171129.55687841668,true
video,171129569504083,1000000000,171129.56791383334,true
audio,171129529967500,1000000000,171129.5782435,true
video,171129586170791,1000000000,171129.58483216667,true
audio,171129549967541,1000000000,171129.59953908334,true
video,171129602837291,1000000000,171129.60250220835,true
video,171129619503833,1000000000,171129.6195465,true
audio,171129569967541,1000000000,171129.62080554166,true
audio,171129589967541,1000000000,171129.62083829168,true
video,171129636170541,1000000000,171129.63631816668,true
audio,171129609967541,1000000000,171129.64223683334,true
video,171129661170333,1000000000,171129.65683245833,true
audio,171129629967541,1000000000,171129.66355920833,true
video,171129677836916,1000000000,171129.67370008334,true
audio,171129649967541,1000000000,171129.68488395834,true
video,171129694503500,1000000000,171129.691429375,true
audio,171129669967541,1000000000,171129.70618862502,true
video,171129711170208,1000000000,171129.70831391666,true
video,171129727836708,1000000000,171129.72538966668,true
audio,171129689967500,1000000000,171129.72752420834,true
video,171129744503416,1000000000,171129.742096375,true
audio,171129709967541,1000000000,171129.74889062502,true
video,171129761170000,1000000000,171129.75918012502,true
audio,171129729967541,1000000000,171129.77018037502,true
video,171129777836458,1000000000,171129.77628595833,true
audio,171129749967500,1000000000,171129.7915865417,true
video,171129794503041,1000000000,171129.79278391667,true
video,171129811169750,1000000000,171129.80957462502,true
audio,171129769967541,1000000000,171129.81289970834,true
video,171129827836375,1000000000,171129.82707133333,true
audio,171129789967541,1000000000,171129.83423916667,true
video,171129844502833,1000000000,171129.84456633334,true
audio,171129809967541,1000000000,171129.8555010417,true
video,171129861169416,1000000000,171129.8611924167,true
audio,171129829967541,1000000000,171129.87690395836,true
video,171129877836000,1000000000,171129.87812004169,true
audio,171129849967541,1000000000,171129.898280375,true
video,171129902835916,1000000000,171129.8985115,true
video,171129919502500,1000000000,171129.915465,true
audio,171129869967541,1000000000,171129.91950445835,true
video,171129936169208,1000000000,171129.93199841667,true
audio,171129889967541,1000000000,171129.94106054166,true
audio,171129909967541,1000000000,171129.94119091667,true
video,171129952835666,1000000000,171129.95015379167,true
audio,171129929967541,1000000000,171129.962254125,true
video,171129969502291,1000000000,171129.96712358334,true
audio,171129949967541,1000000000,171129.98348320834,true
video,171129986168875,1000000000,171129.98461325,true
video,171130002835583,1000000000,171130.00156508334,true
audio,171129969967500,1000000000,171130.00487625002,true
video,171130019502041,1000000000,171130.0189479167,true
audio,171129989967541,1000000000,171130.02620316666,true
video,171130036168583,1000000000,171130.03632437502,true
audio,171130009967541,1000000000,171130.0475762917,true
video,171130061168583,1000000000,171130.05614525,true
audio,171130029967500,1000000000,171130.0688919167,true
video,171130077835041,1000000000,171130.07323408333,true
audio,171130049967541,1000000000,171130.09035158335,true
video,171130094501666,1000000000,171130.09143695835,true
video,171130111168250,1000000000,171130.10912270835,true
audio,171130069967541,1000000000,171130.11153141668,true
video,171130127834833,1000000000,171130.12621475002,true
audio,171130089967541,1000000000,171130.13289629167,true
video,171130144501458,1000000000,171130.143225375,true
audio,171130109967541,1000000000,171130.15422904168,true
video,171130161168041,1000000000,171130.16098475002,true
audio,171130129967541,1000000000,171130.17551070833,true
video,171130177834583,1000000000,171130.17767420833,true
audio,171130149967541,1000000000,171130.18621608336,true
video,171130194501208,1000000000,171130.19468720834,true
audio,171130169967541,1000000000,171130.207552375,true
video,171130211167916,1000000000,171130.21133804167,true
audio,171130189967500,1000000000,171130.22891445833,true
video,171130236167833,1000000000,171130.2312425417,true
video,171130252834250,1000000000,171130.24811475002,true
audio,171130209967541,1000000000,171130.25021908333,true
video,171130269500875,1000000000,171130.26473683334,true
audio,171130229967541,1000000000,171130.271489625,true
video,171130286167458,1000000000,171130.28183891668,true
audio,171130249967500,1000000000,171130.29287212502,true
audio,171130269967541,1000000000,171130.2929245,true
video,171130302834041,1000000000,171130.29848145833,true
audio,171130289967541,1000000000,171130.31414683335,true
video,171130319500666,1000000000,171130.31516250002,true
video,171130336167333,1000000000,171130.33265758335,true
audio,171130309967541,1000000000,171130.33547608333,true
video,171130352833833,1000000000,171130.3494004167,true
audio,171130329967541,1000000000,171130.35686729167,true
video,171130369500416,1000000000,171130.36609687502,true
audio,171130349967541,1000000000,171130.37816595833,true
video,171130386167125,1000000000,171130.38289170834,true
audio,171130369967541,1000000000,171130.39951829167,true
video,171130402833625,1000000000,171130.39997662502,true
video,171130419500166,1000000000,171130.416984,true
audio,171130389967541,1000000000,171130.42084308335,true
video,171130436166875,1000000000,171130.43461866668,true
audio,171130409967541,1000000000,171130.44219408336,true
video,171130452833375,1000000000,171130.45145716667,true
audio,171130429967541,1000000000,171130.46348579167,true
video,171130469499958,1000000000,171130.46881970833,true
audio,171130449967541,1000000000,171130.48491641667,true
video,171130486166541,1000000000,171130.4859019167,true
video,171130502833125,1000000000,171130.50302220834,true
audio,171130469967500,1000000000,171130.506242375,true
video,171130519499875,1000000000,171130.51967200002,true
audio,171130489967541,1000000000,171130.5275005,true
video,171130536166333,1000000000,171130.53634883335,true
audio,171130509967541,1000000000,171130.548887,true
video,171130561166375,1000000000,171130.55750583333,true
audio,171130529967500,1000000000,171130.57031716668,true
video,171130577832750,1000000000,171130.57525079168,true
audio,171130549967541,1000000000,171130.59156908334,true
video,171130594499375,1000000000,171130.593150125,true
video,171130611165958,1000000000,171130.60959275,true
audio,171130569967541,1000000000,171130.61287320833,true
audio,171130589967541,1000000000,171130.61291675002,true
video,171130627832541,1000000000,171130.62692841666,true
audio,171130609967541,1000000000,171130.63428716667,true
video,171130644499125,1000000000,171130.64356666667,true
audio,171130629967541,1000000000,171130.65553583336,true
video,171130661165708,1000000000,171130.66118108336,true
audio,171130649967541,1000000000,171130.67686020833,true
video,171130677832291,1000000000,171130.67799254166,true
video,171130694498916,1000000000,171130.694706125,true
audio,171130669967541,1000000000,171130.69822966668,true
video,171130719498791,1000000000,171130.71539645834,true
audio,171130689967500,1000000000,171130.71956662502,true
video,171130736165375,1000000000,171130.73218995833,true
audio,171130709967541,1000000000,171130.74094845835,true
video,171130752831958,1000000000,171130.750226,true
audio,171130729967541,1000000000,171130.76218870835,true
video,171130769498583,1000000000,171130.76699025,true
audio,171130749967500,1000000000,171130.78353116667,true
video,171130786165166,1000000000,171130.78456833336,true
video,171130802831750,1000000000,171130.801398125,true
audio,171130769967541,1000000000,171130.8048760417,true
video,171130819498333,1000000000,171130.81866025002,true
audio,171130789967541,1000000000,171130.826156875,true
video,171130836165041,1000000000,171130.83606620834,true
audio,171130809967541,1000000000,171130.847526625,true
video,171130852831541,1000000000,171130.85309154168,true
audio,171130829967541,1000000000,171130.86886266668,true
video,171130877831375,1000000000,171130.87360441667,true
audio,171130849967541,1000000000,171130.8902085,true
video,171130894498000,1000000000,171130.89217533334,true
video,171130911164583,1000000000,171130.9097435,true
audio,171130869967541,1000000000,171130.91150891667,true
video,171130927831166,1000000000,171130.9265281667,true
audio,171130889967541,1000000000,171130.9328649167,true
audio,171130909967541,1000000000,171130.9329149167,true
video,171130944497791,1000000000,171130.94358158336,true
audio,171130929967541,1000000000,171130.9542157917,true
video,171130961164375,1000000000,171130.9607177917,true
audio,171130949967541,1000000000,171130.97552487502,true
video,171130977830958,1000000000,171130.97730258334,true
video,171130994497541,1000000000,171130.99463312502,true
audio,171130969967500,1000000000,171130.99692425,true
video,171131011164250,1000000000,171131.01139662502,true
audio,171130989967541,1000000000,171131.01818825002,true
video,171131027830750,1000000000,171131.02802133333,true
audio,171131009967541,1000000000,171131.03954416668,true
video,171131052830625,1000000000,171131.04858895834,true
audio,171131029967500,1000000000,171131.0608305,true
video,171131069497208,1000000000,171131.06630887502,true
audio,171131049967541,1000000000,171131.08217366668,true
video,171131086163791,1000000000,171131.08319395833,true
video,171131102830416,1000000000,171131.10015841667,true
audio,171131069967541,1000000000,171131.10348204168,true
video,171131119496916,1000000000,171131.11736595834,true
audio,171131089967541,1000000000,171131.12482829168,true
video,171131136163625,1000000000,171131.13464150002,true
audio,171131109967541,1000000000,171131.14617870835,true
video,171131152830125,1000000000,171131.15140650002,true
audio,171131129967541,1000000000,171131.16756175002,true
video,171131169496708,1000000000,171131.16896520834,true
video,171131186163416,1000000000,171131.18632266668,true
audio,171131149967541,1000000000,171131.188842625,true
video,171131202829916,1000000000,171131.20305195835,true
audio,171131169967541,1000000000,171131.21018166668,true
video,171131227829791,1000000000,171131.22303504168,true
audio,171131189967500,1000000000,171131.23161975,true
video,171131244496375,1000000000,171131.24010554168,true
audio,171131209967541,1000000000,171131.25286758333,true
video,171131261163083,1000000000,171131.25735466668,true
audio,171131229967541,1000000000,171131.27420145835,true
video,171131277829541,1000000000,171131.27521383335,true
video,171131294496125,1000000000,171131.2921676667,true
audio,171131249967500,1000000000,171131.2955239167,true
audio,171131269967541,1000000000,171131.295558,true
video,171131311162750,1000000000,171131.30906608334,true
audio,171131289967541,1000000000,171131.31689404167,true
video,171131327829333,1000000000,171131.32620520834,true
audio,171131309967541,1000000000,171131.33829583335,true
video,171131344495916,1000000000,171131.3429375,true
audio,171131329967541,1000000000,171131.35952079168,true
video,171131361162500,1000000000,171131.36053654167,true
video,171131377829083,1000000000,171131.37804137502,true
audio,171131349967541,1000000000,171131.38087525,true
video,171131394495708,1000000000,171131.39461737502,true
audio,171131369967541,1000000000,171131.40222354166,true
video,171131411162291,1000000000,171131.41143629167,true
audio,171131389967541,1000000000,171131.42352870834,true
video,171131436162291,1000000000,171131.431438125,true
audio,171131409967541,1000000000,171131.44486383334,true
video,171131452828750,1000000000,171131.449543625,true
audio,171131429967541,1000000000,171131.46628687502,true
video,171131469495333,1000000000,171131.4665726667,true
video,171131486161958,1000000000,171131.48409383334,true
audio,171131449967541,1000000000,171131.48750641668,true
video,171131502828500,1000000000,171131.50159816668,true
audio,171131469967500,1000000000,171131.50891070833,true
video,171131519495125,1000000000,171131.5184465,true
audio,171131489967541,1000000000,171131.53022804167,true
video,171131536161708,1000000000,171131.53608708334,true
audio,171131509967541,1000000000,171131.551535,true
video,171131552828291,1000000000,171131.55304616666,true
video,171131569494916,1000000000,171131.56968529167,true
audio,171131529967500,1000000000,171131.57284225,true
video,171131586161500,1000000000,171131.58638754167,true
audio,171131549967541,1000000000,171131.59422700002,true
video,171131602828208,1000000000,171131.60333020834,true
audio,171131569967541,1000000000,171131.61555883335,true
audio,171131589967541,1000000000,171131.615606375,true
video,171131619494666,1000000000,171131.61962083334,true
video,171131636161375,1000000000,171131.63635820834,true
audio,171131609967541,1000000000,171131.6368124167,true
video,171131652827833,1000000000,171131.6530985417,true
audio,171131629967541,1000000000,171131.65817862502,true
video,171131677827708,1000000000,171131.67348416668,true
audio,171131649967541,1000000000,171131.679553625,true
video,171131694494291,1000000000,171131.6904256667,true
audio,171131669967541,1000000000,171131.7008625,true
video,171131711160875,1000000000,171131.70801670835,true
audio,171131689967500,1000000000,171131.7221726667,true
video,171131727827583,1000000000,171131.72495704168,true
video,171131744494083,1000000000,171131.74201733334,true
audio,171131709967541,1000000000,171131.74351816668,true
video,171131761160750,1000000000,171131.75850316667,true
audio,171131729967541,1000000000,171131.76485325,true
video,171131777827250,1000000000,171131.77604266666,true
audio,171131749967500,1000000000,171131.78617245835,true
video,171131794493833,1000000000,171131.79287870834,true
audio,171131769967541,1000000000,171131.80759408334,true
video,171131811160541,1000000000,171131.80993645833,true
video,171131827827041,1000000000,171131.82738954166,true
audio,171131789967541,1000000000,171131.82886204167,true
video,171131844493625,1000000000,171131.84419179166,true
audio,171131809967541,1000000000,171131.85021187502,true
video,171131861160208,1000000000,171131.861394,true
audio,171131829967541,1000000000,171131.87162591668,true
video,171131886160208,1000000000,171131.8815336667,true
audio,171131849967541,1000000000,171131.89286408335,true
video,171131902826708,1000000000,171131.899823,true
audio,171131869967541,1000000000,171131.91422162502,true
video,171131919493250,1000000000,171131.91733708335,true
video,171131936159958,1000000000,171131.93419425,true
audio,171131889967541,1000000000,171131.93549945834,true
audio,171131909967541,1000000000,171131.93556479167,true
video,171131952826458,1000000000,171131.95185770834,true
audio,171131929967541,1000000000,171131.95685466667,true
video,171131969493041,1000000000,171131.96892116667,true
audio,171131949967541,1000000000,171131.97820375,true
video,171131986159625,1000000000,171131.98628854167,true
audio,171131969967500,1000000000,171131.999589,true
video,171132002826333,1000000000,171132.0031812917,true
audio,171131989967541,1000000000,171132.02082666667,true
video,171132027826125,1000000000,171132.02397666668,true
video,171132044492708,1000000000,171132.04158170836,true
audio,171132009967541,1000000000,171132.042124625,true
video,171132061159416,1000000000,171132.05859175,true
audio,171132029967500,1000000000,171132.06351862501,true
video,171132077825916,1000000000,171132.07608233334,true
audio,171132049967541,1000000000,171132.084910625,true
video,171132094492500,1000000000,171132.09340150002,true
audio,171132069967541,1000000000,171132.10619387502,true
video,171132111159166,1000000000,171132.11046154168,true
audio,171132089967541,1000000000,171132.12751966668,true
video,171132127825666,1000000000,171132.12780783334,true
video,171132144492416,1000000000,171132.14479295834,true
audio,171132109967541,1000000000,171132.14892529167,true
video,171132169492125,1000000000,171132.16464125,true
audio,171132129967541,1000000000,171132.1702675417,true
video,171132186158833,1000000000,171132.18248154168,true
audio,171132149967541,1000000000,171132.19159200002,true
video,171132202825291,1000000000,171132.19956670835,true
audio,171132169967541,1000000000,171132.21284045835,true
video,171132219491875,1000000000,171132.21605750002,true
video,171132236158583,1000000000,171132.23283350002,true
audio,171132189967500,1000000000,171132.234166125,true
video,171132252825041,1000000000,171132.25003308334,true
audio,171132209967541,1000000000,171132.25564241668,true
video,171132269491708,1000000000,171132.26742450002,true
audio,171132229967541,1000000000,171132.27682804168,true
video,171132286158250,1000000000,171132.284735625,true
audio,171132249967500,1000000000,171132.29818433334,true
audio,171132269967541,1000000000,171132.298229375,true
video,171132302824833,1000000000,171132.30147833333,true
video,171132319491458,1000000000,171132.31833979167,true
audio,171132289967541,1000000000,171132.319496125,true
video,171132336158041,1000000000,171132.33582558334,true
audio,171132309967541,1000000000,171132.34096979166,true
video,171132352824625,1000000000,171132.352770625,true
audio,171132329967541,1000000000,171132.3622206667,true
video,171132369491208,1000000000,171132.36970083334,true
audio,171132349967541,1000000000,171132.3835465,true
video,171132394491125,1000000000,171132.3906762917,true
audio,171132369967541,1000000000,171132.40492279167,true
video,171132411157708,1000000000,171132.40731591667,true
video,171132427824250,1000000000,171132.42467520834,true
audio,171132389967541,1000000000,171132.42623550002,true
video,171132444490875,1000000000,171132.44197629168,true
audio,171132409967541,1000000000,171132.44756687502,true
video,171132461157458,1000000000,171132.45969854167,true
audio,171132429967541,1000000000,171132.46889258333,true
video,171132477824041,1000000000,171132.47672954167,true
audio,171132449967541,1000000000,171132.49021466667,true
video,171132494490625,1000000000,171132.49367675002,true
video,171132511157333,1000000000,171132.51085191668,true
audio,171132469967500,1000000000,171132.511580875,true
video,171132527823833,1000000000,171132.52807187501,true
audio,171132489967541,1000000000,171132.53297595834,true
video,171132544490416,1000000000,171132.54465675002,true
audio,171132509967541,1000000000,171132.55423216667,true
video,171132561157166,1000000000,171132.56131495835,true
audio,171132529967500,1000000000,171132.57554341666,true
video,171132586156916,1000000000,171132.58222825002,true
audio,171132549967541,1000000000,171132.59683766667,true
video,171132602823458,1000000000,171132.59933687502,true
video,171132619490083,1000000000,171132.6162935,true
audio,171132569967541,1000000000,171132.6182594167,true
audio,171132589967541,1000000000,171132.6183575,true
video,171132636156791,1000000000,171132.6332417917,true
audio,171132609967541,1000000000,171132.63950425002,true
video,171132652823291,1000000000,171132.65022,true
audio,171132629967541,1000000000,171132.66083916667,true
video,171132669489833,1000000000,171132.66699945834,true
audio,171132649967541,1000000000,171132.682229,true
video,171132686156458,1000000000,171132.68362045835,true
video,171132702823041,1000000000,171132.70050562502,true
audio,171132669967541,1000000000,171132.70355945834,true
video,171132719489750,1000000000,171132.71733220835,true
audio,171132689967500,1000000000,171132.7248805,true
video,171132736156208,1000000000,171132.73427062502,true
audio,171132709967541,1000000000,171132.7462057917,true
video,171132752822791,1000000000,171132.75128275002,true
audio,171132729967541,1000000000,171132.76753862502,true
video,171132769489375,1000000000,171132.76852083334,true
video,171132786156083,1000000000,171132.78476341668,true
audio,171132749967500,1000000000,171132.78891575002,true
video,171132802822541,1000000000,171132.80185400002,true
audio,171132769967541,1000000000,171132.8102335,true
video,171132819489166,1000000000,171132.81950525002,true
audio,171132789967541,1000000000,171132.83160779168,true
video,171132836155750,1000000000,171132.83627075,true
audio,171132809967541,1000000000,171132.85292266667,true
video,171132852822291,1000000000,171132.85308333335,true
video,171132877822208,1000000000,171132.87375266667,true
audio,171132829967541,1000000000,171132.874092125,true
video,171132894488833,1000000000,171132.89197079168,true
audio,171132849967541,1000000000,171132.89559983334,true
video,171132911155416,1000000000,171132.90865633334,true
audio,171132869967541,1000000000,171132.91684825002,true
video,171132927821958,1000000000,171132.92633970836,true
audio,171132889967541,1000000000,171132.9381856667,true
audio,171132909967541,1000000000,171132.93825183334,true
video,171132944488583,1000000000,171132.94361812502,true
audio,171132929967541,1000000000,171132.95950720835,true
video,171132961155166,1000000000,171132.96054454168,true
video,171132977821750,1000000000,171132.97778429167,true
audio,171132949967541,1000000000,171132.98082170833,true
video,171132994488375,1000000000,171132.9947617917,true
audio,171132969967500,1000000000,171133.00216987502,true
video,171133019488250,1000000000,171133.015334625,true
audio,171132989967541,1000000000,171133.02347891667,true
video,171133036154833,1000000000,171133.03313083336,true
audio,171133009967541,1000000000,171133.0448470417,true
video,171133052821416,1000000000,171133.05009770836,true
audio,171133029967500,1000000000,171133.066175,true
video,171133069488041,1000000000,171133.06696908333,true
video,171133086154625,1000000000,171133.08383062502,true
audio,171133049967541,1000000000,171133.08750491668,true
video,171133102821291,1000000000,171133.100420125,true
audio,171133069967541,1000000000,171133.10886379168,true
video,171133119487791,1000000000,171133.1176285,true
audio,171133089967541,1000000000,171133.13021600002,true
video,171133136154541,1000000000,171133.13526866667,true
audio,171133109967541,1000000000,171133.15148612502,true
video,171133152821000,1000000000,171133.15273120833,true
video,171133169487583,1000000000,171133.16946529166,true
audio,171133129967541,1000000000,171133.17285133334,true
video,171133186154166,1000000000,171133.18634808334,true
audio,171133149967541,1000000000,171133.19417991667,true
video,171133202820750,1000000000,171133.20301108333,true
audio,171133169967541,1000000000,171133.21552370835,true
video,171133227820625,1000000000,171133.22329470835,true
audio,171133189967500,1000000000,171133.2368525,true
video,171133244487250,1000000000,171133.24032183335,true
video,171133261153833,1000000000,171133.25803391667,true
audio,171133209967541,1000000000,171133.25811350002,true
video,171133277820375,1000000000,171133.27516395834,true
audio,171133229967541,1000000000,171133.27951058335,true
video,171133294486958,1000000000,171133.29193291668,true
audio,171133249967500,1000000000,171133.30087245835,true
audio,171133269967541,1000000000,171133.30092675,true
video,171133311153583,1000000000,171133.3091496667,true
audio,171133289967541,1000000000,171133.32216308336,true
video,171133327820166,1000000000,171133.32678966667,true
video,171133344486750,1000000000,171133.34350483335,true
audio,171133309967541,1000000000,171133.3435757917,true
video,171133361153458,1000000000,171133.3611769167,true
audio,171133329967541,1000000000,171133.36492183333,true
video,171133377820041,1000000000,171133.37804145835,true
audio,171133349967541,1000000000,171133.38614954168,true
video,171133402819958,1000000000,171133.398299625,true
audio,171133369967541,1000000000,171133.40756270834,true
video,171133419486416,1000000000,171133.41519558334,true
audio,171133389967541,1000000000,171133.42883741666,true
video,171133436153125,1000000000,171133.43192029168,true
video,171133452819583,1000000000,171133.44975845833,true
audio,171133409967541,1000000000,171133.450105375,true
video,171133469486166,1000000000,171133.46681500002,true
audio,171133429967541,1000000000,171133.47149158333,true
video,171133486152875,1000000000,171133.48438595835,true
audio,171133449967541,1000000000,171133.49283225002,true
video,171133502819375,1000000000,171133.50112625002,true
audio,171133469967500,1000000000,171133.51420187502,true
video,171133519485958,1000000000,171133.51790483334,true
video,171133536152541,1000000000,171133.53520900002,true
audio,171133489967541,1000000000,171133.5354710417,true
video,171133552819125,1000000000,171133.55239254166,true
audio,171133509967541,1000000000,171133.556840875,true
video,171133569485750,1000000000,171133.56929770834,true
audio,171133529967500,1000000000,171133.57817291666,true
video,171133586152333,1000000000,171133.58633508335,true
audio,171133549967541,1000000000,171133.59950825002,true
video,171133611152375,1000000000,171133.60722579167,true
audio,171133569967541,1000000000,171133.620845875,true
audio,171133589967541,1000000000,171133.62089533336,true
video,171133627818791,1000000000,171133.62414995834,true
video,171133644485500,1000000000,171133.64097329168,true
audio,171133609967541,1000000000,171133.64214970835,true
video,171133661152000,1000000000,171133.65776950002,true
audio,171133629967541,1000000000,171133.66345954168,true
video,171133677818583,1000000000,171133.67506920834,true
audio,171133649967541,1000000000,171133.68485116668,true
video,171133694485208,1000000000,171133.692191375,true
audio,171133669967541,1000000000,171133.7061955,true
video,171133711151791,1000000000,171133.70942366667,true
video,171133727818458,1000000000,171133.72728458335,true
audio,171133689967500,1000000000,171133.727450875,true
video,171133744484958,1000000000,171133.74449512502,true
audio,171133709967541,1000000000,171133.74881820835,true
video,171133761151541,1000000000,171133.761418375,true
audio,171133729967541,1000000000,171133.77018595833,true
video,171133786151416,1000000000,171133.78149400002,true
audio,171133749967500,1000000000,171133.79149295835,true
video,171133802818125,1000000000,171133.7993532917,true
audio,171133769967541,1000000000,171133.812845125,true
video,171133819484583,1000000000,171133.81703658335,true
video,171133836151166,1000000000,171133.83415808334,true
audio,171133789967541,1000000000,171133.83421820836,true
video,171133852817750,1000000000,171133.85121141668,true
audio,171133809967541,1000000000,171133.8555427917,true
video,171133869484375,1000000000,171133.86837445834,true
audio,171133829967541,1000000000,171133.87682404168,true
video,171133886150958,1000000000,171133.88550983334,true
audio,171133849967541,1000000000,171133.898173375,true
video,171133902817541,1000000000,171133.90261558336,true
audio,171133869967541,1000000000,171133.9195221667,true
video,171133919484125,1000000000,171133.91963575,true
video,171133936150833,1000000000,171133.93634733334,true
audio,171133889967541,1000000000,171133.94082845835,true
audio,171133909967541,1000000000,171133.94095416667,true
video,171133952817333,1000000000,171133.95307770834,true
audio,171133929967541,1000000000,171133.96217445834,true
video,171133969483875,1000000000,171133.96983966668,true
audio,171133949967541,1000000000,171133.98349541667,true
video,171133994483791,1000000000,171133.98989720835,true
audio,171133969967500,1000000000,171134.00483325002,true
video,171134011150375,1000000000,171134.00814979168,true
video,171134027817000,1000000000,171134.02490908335,true
audio,171133989967541,1000000000,171134.0261905,true
video,171134044483583,1000000000,171134.04151204167,true
audio,171134009967541,1000000000,171134.04749883333,true
video,171134061150166,1000000000,171134.05812966666,true
audio,171134029967500,1000000000,171134.06884925,true
video,171134077816750,1000000000,171134.07499283334,true
audio,171134049967541,1000000000,171134.09015195834,true
video,171134094483333,1000000000,171134.09169520834,true
video,171134111150041,1000000000,171134.10938320836,true
audio,171134069967541,1000000000,171134.11147225002,true
video,171134127816541,1000000000,171134.12645450002,true
audio,171134089967541,1000000000,171134.1329055,true
video,171134144483125,1000000000,171134.14396241668,true
audio,171134109967541,1000000000,171134.15415633333,true
video,171134161149708,1000000000,171134.16141612502,true
audio,171134129967541,1000000000,171134.17552916668,true
video,171134177816291,1000000000,171134.17809425,true
audio,171134149967541,1000000000,171134.18614945834,true
video,171134202816208,1000000000,171134.19810366668,true
audio,171134169967541,1000000000,171134.20757945834,true
video,171134219482791,1000000000,171134.21493379166,true
audio,171134189967500,1000000000,171134.22884737502,true
video,171134236149500,1000000000,171134.23297433334,true
video,171134252815958,1000000000,171134.24976887502,true
audio,171134209967541,1000000000,171134.25008016668,true
video,171134269482541,1000000000,171134.26649445834,true
audio,171134229967541,1000000000,171134.27147570834,true
video,171134286149166,1000000000,171134.28312100001,true
audio,171134249967500,1000000000,171134.29289133335,true
audio,171134269967541,1000000000,171134.2929465,true
video,171134302815750,1000000000,171134.29971845835,true
audio,171134289967541,1000000000,171134.314147875,true
video,171134319482333,1000000000,171134.31649612501,true
video,171134336148916,1000000000,171134.33341787502,true
audio,171134309967541,1000000000,171134.3354461667,true
video,171134352815500,1000000000,171134.34996337502,true
audio,171134329967541,1000000000,171134.35681170833,true
video,171134369482208,1000000000,171134.3677320417,true
audio,171134349967541,1000000000,171134.37817475002,true
video,171134386148791,1000000000,171134.38487395833,true
audio,171134369967541,1000000000,171134.39953091668,true
video,171134402815250,1000000000,171134.40259775,true
video,171134419481833,1000000000,171134.41966483335,true
audio,171134389967541,1000000000,171134.42082870833,true
video,171134436148541,1000000000,171134.4363392917,true
audio,171134409967541,1000000000,171134.44218129167,true
video,171134452815166,1000000000,171134.45309791667,true
audio,171134429967541,1000000000,171134.46355158335,true
video,171134469481625,1000000000,171134.469816875,true
audio,171134449967541,1000000000,171134.48485754168,true
video,171134494481541,1000000000,171134.49019175002,true
audio,171134469967500,1000000000,171134.5062125,true
video,171134511148125,1000000000,171134.5081546667,true
video,171134527814666,1000000000,171134.52519800002,true
audio,171134489967541,1000000000,171134.52746458334,true
video,171134544481291,1000000000,171134.54280300002,true
audio,171134509967541,1000000000,171134.54883945835,true
video,171134561148000,1000000000,171134.56015995835,true
audio,171134529967500,1000000000,171134.5701802917,true
video,171134577814500,1000000000,171134.57738600002,true
audio,171134549967541,1000000000,171134.59152000002,true
video,171134594481041,1000000000,171134.59471620835,true
audio,171134569967541,1000000000,171134.61281983333,true
audio,171134589967541,1000000000,171134.61286729167,true
video,171134619480958,1000000000,171134.61551975002,true
video,171134636147541,1000000000,171134.63335804167,true
audio,171134609967541,1000000000,171134.634124625,true
video,171134652814125,1000000000,171134.65075091668,true
audio,171134629967541,1000000000,171134.65549883334,true
video,171134669480750,1000000000,171134.66778645833,true
audio,171134649967541,1000000000,171134.67683658336,true
video,171134686147416,1000000000,171134.6851811667,true
audio,171134669967541,1000000000,171134.6981734167,true
video,171134702814041,1000000000,171134.70269033333,true
audio,171134689967500,1000000000,171134.7195309167,true
video,171134719480500,1000000000,171134.71973537502,true
video,171134744480416,1000000000,171134.73994641667,true
audio,171134709967541,1000000000,171134.74080987502,true
video,171134761147000,1000000000,171134.75779537502,true
audio,171134729967541,1000000000,171134.762170875,true
video,171134777813583,1000000000,171134.77465320835,true
audio,171134749967500,1000000000,171134.7834875417,true
video,171134794480166,1000000000,171134.79144200002,true
audio,171134769967541,1000000000,171134.80480975,true
video,171134811146875,1000000000,171134.80817558334,true
video,171134827813375,1000000000,171134.82498212502,true
audio,171134789967541,1000000000,171134.82611595833,true
video,171134844479958,1000000000,171134.8418096667,true
audio,171134809967541,1000000000,171134.84752520834,true
video,171134861146666,1000000000,171134.858486,true
audio,171134829967541,1000000000,171134.86880766667,true
video,171134877813166,1000000000,171134.875849375,true
audio,171134849967541,1000000000,171134.89025804168,true
video,171134894479708,1000000000,171134.893461,true
video,171134911146291,1000000000,171134.91041820834,true
audio,171134869967541,1000000000,171134.91146329168,true
video,171134927812875,1000000000,171134.9271835,true
audio,171134889967541,1000000000,171134.93285183335,true
audio,171134909967541,1000000000,171134.93292529168,true
video,171134944479500,1000000000,171134.94405883335,true
audio,171134929967541,1000000000,171134.95417245835,true
video,171134961146083,1000000000,171134.961415875,true
audio,171134949967541,1000000000,171134.97551387502,true
video,171134986146041,1000000000,171134.9818537917,true
audio,171134969967500,1000000000,171134.99693983333,true
video,171135002812541,1000000000,171134.999927875,true
video,171135019479125,1000000000,171135.01722608335,true
audio,171134989967541,1000000000,171135.01814295835,true
video,171135036145833,1000000000,171135.03426087502,true
audio,171135009967541,1000000000,171135.03956004168,true
video,171135052812291,1000000000,171135.05142145834,true
audio,171135029967500,1000000000,171135.06089129168,true
video,171135069478875,1000000000,171135.06839829168,true
audio,171135049967541,1000000000,171135.08216179168,true
video,171135086145500,1000000000,171135.0851551667,true
video,171135102812083,1000000000,171135.10247833334,true
audio,171135069967541,1000000000,171135.1034712917,true
video,171135119478708,1000000000,171135.11979845836,true
audio,171135089967541,1000000000,171135.12484191667,true
video,171135136145416,1000000000,171135.13639820836,true
audio,171135109967541,1000000000,171135.14615995836,true
video,171135152811875,1000000000,171135.15306108334,true
audio,171135129967541,1000000000,171135.16750225,true
video,171135177811875,1000000000,171135.17308508334,true
audio,171135149967541,1000000000,171135.18891733335,true
video,171135194478375,1000000000,171135.18981458334,true
video,171135211144958,1000000000,171135.20763920835,true
audio,171135169967541,1000000000,171135.21014729168,true
video,171135227811541,1000000000,171135.22437195835,true
audio,171135189967500,1000000000,171135.231481125,true
video,171135244478166,1000000000,171135.24100708336,true
audio,171135209967541,1000000000,171135.25284187502,true
video,171135261144750,1000000000,171135.257682625,true
audio,171135229967541,1000000000,171135.274252125,true
video,171135277811291,1000000000,171135.27534362502,true
video,171135294477916,1000000000,171135.29300483334,true
audio,171135249967500,1000000000,171135.2954927917,true
audio,171135269967541,1000000000,171135.29554220833,true
video,171135311144625,1000000000,171135.31018391668,true
audio,171135289967541,1000000000,171135.31682612502,true
video,171135327811125,1000000000,171135.32732716668,true
audio,171135309967541,1000000000,171135.33819570835,true
video,171135344477708,1000000000,171135.34433645834,true
audio,171135329967541,1000000000,171135.359574,true
video,171135361144416,1000000000,171135.36148870835,true
audio,171135349967541,1000000000,171135.3808721667,true
video,171135386144291,1000000000,171135.38146537502,true
video,171135402810750,1000000000,171135.39815329167,true
audio,171135369967541,1000000000,171135.40217504167,true
video,171135419477375,1000000000,171135.416288875,true
audio,171135389967541,1000000000,171135.42348920833,true
video,171135436144000,1000000000,171135.43319591667,true
audio,171135409967541,1000000000,171135.4448169167,true
video,171135452810541,1000000000,171135.4498735,true
audio,171135429967541,1000000000,171135.46622345835,true
video,171135469477083,1000000000,171135.466782375,true
video,171135486143791,1000000000,171135.48329416668,true
audio,171135449967541,1000000000,171135.48746858333,true
video,171135502810291,1000000000,171135.50020695836,true
audio,171135469967500,1000000000,171135.50884483336,true
video,171135519476875,1000000000,171135.51747425002,true
audio,171135489967541,1000000000,171135.53015233335,true
video,171135536143583,1000000000,171135.53493145836,true
audio,171135509967541,1000000000,171135.55153133333,true
video,171135552810041,1000000000,171135.55218220834,true
video,171135569476666,1000000000,171135.569762875,true
audio,171135529967500,1000000000,171135.572802,true
video,171135586143375,1000000000,171135.5863615,true
audio,171135549967541,1000000000,171135.59416983335,true
video,171135602809958,1000000000,171135.60310608335,true
audio,171135569967541,1000000000,171135.61551370836,true
audio,171135589967541,1000000000,171135.615624125,true
video,171135627809750,1000000000,171135.6231435,true
audio,171135609967541,1000000000,171135.63686262502,true
video,171135644476333,1000000000,171135.64054791667,true
video,171135661142916,1000000000,171135.6579635,true
audio,171135629967541,1000000000,171135.65807983335,true
video,171135677809500,1000000000,171135.67469458334,true
audio,171135649967541,1000000000,171135.67947250002,true
video,171135694476125,1000000000,171135.69132058334,true
audio,171135669967541,1000000000,171135.70092066668,true
video,171135711142708,1000000000,171135.70810245833,true
audio,171135689967500,1000000000,171135.722145375,true
video,171135727809291,1000000000,171135.7246865,true
video,171135744475875,1000000000,171135.74238620835,true
audio,171135709967541,1000000000,171135.74347845835,true
video,171135761142458,1000000000,171135.75921362502,true
audio,171135729967541,1000000000,171135.764927375,true
video,171135777809041,1000000000,171135.77615533335,true
audio,171135749967500,1000000000,171135.78617208335,true
video,171135794475666,1000000000,171135.79320804166,true
audio,171135769967541,1000000000,171135.8075367917,true
video,171135811142291,1000000000,171135.81096179166,true
video,171135827808833,1000000000,171135.82784,true
audio,171135789967541,1000000000,171135.82883720833,true
video,171135844475375,1000000000,171135.84467854167,true
audio,171135809967541,1000000000,171135.850186125,true
video,171135861142125,1000000000,171135.86228595834,true
audio,171135829967541,1000000000,171135.87149745834,true
video,171135886141916,1000000000,171135.881750125,true
audio,171135849967541,1000000000,171135.892868875,true
video,171135902808500,1000000000,171135.89970220835,true
audio,171135869967541,1000000000,171135.91417154166,true
video,171135919475125,1000000000,171135.9167130417,true
video,171135936141708,1000000000,171135.93412762502,true
audio,171135889967541,1000000000,171135.93551629168,true
audio,171135909967541,1000000000,171135.93554612502,true
video,171135952808291,1000000000,171135.95101000002,true
audio,171135929967541,1000000000,171135.95678058334,true
video,171135969474875,1000000000,171135.96781058333,true
audio,171135949967541,1000000000,171135.97823941667,true
video,171135986141583,1000000000,171135.98485866666,true
audio,171135969967500,1000000000,171135.99972845835,true
video,171136002808083,1000000000,171136.0023595417,true
video,171136019474625,1000000000,171136.019504,true
audio,171135989967541,1000000000,171136.0208362917,true
video,171136036141250,1000000000,171136.0363312917,true
audio,171136009967541,1000000000,171136.0422709167,true
video,171136061141125,1000000000,171136.05618216668,true
audio,171136029967500,1000000000,171136.063625,true
video,171136077807708,1000000000,171136.07307295833,true
audio,171136049967541,1000000000,171136.08485304168,true
video,171136094474291,1000000000,171136.08977754167,true
audio,171136069967541,1000000000,171136.10621745835,true
video,171136111141000,1000000000,171136.1067051667,true
video,171136127807500,1000000000,171136.12358104167,true
audio,171136089967541,1000000000,171136.12756754167,true
video,171136144474083,1000000000,171136.140458375,true
audio,171136109967541,1000000000,171136.14897795834,true
video,171136161140666,1000000000,171136.158089375,true
audio,171136129967541,1000000000,171136.17022591666,true
video,171136177807250,1000000000,171136.17523954168,true
audio,171136149967541,1000000000,171136.19148625,true
video,171136194473875,1000000000,171136.19214208334,true
video,171136211140458,1000000000,171136.20958416667,true
audio,171136169967541,1000000000,171136.21284741667,true
video,171136227807041,1000000000,171136.22666429167,true
audio,171136189967500,1000000000,171136.234166375,true
video,171136244473666,1000000000,171136.24345479166,true
audio,171136209967541,1000000000,171136.25556283334,true
video,171136261140208,1000000000,171136.26073625,true
audio,171136229967541,1000000000,171136.276842875,true
video,171136277806791,1000000000,171136.27766720834,true
video,171136294473416,1000000000,171136.29433470833,true
audio,171136249967500,1000000000,171136.298254375,true
audio,171136269967541,1000000000,171136.29836450002,true
video,171136311140000,1000000000,171136.31107208334,true
audio,171136289967541,1000000000,171136.31957979169,true
video,171136327806625,1000000000,171136.32781033334,true
audio,171136309967541,1000000000,171136.34100345834,true
video,171136344473166,1000000000,171136.34455608335,true
video,171136361139875,1000000000,171136.36131620835,true
audio,171136329967541,1000000000,171136.36217929167,true
video,171136386139666,1000000000,171136.38186854168,true
audio,171136349967541,1000000000,171136.38347620834,true
video,171136402806250,1000000000,171136.39930104167,true
audio,171136369967541,1000000000,171136.40488508335,true
video,171136419472875,1000000000,171136.41612254168,true
audio,171136389967541,1000000000,171136.42623079167,true
video,171136436139458,1000000000,171136.43284441667,true
audio,171136409967541,1000000000,171136.44754491668,true
video,171136452806166,1000000000,171136.45018479167,true
video,171136469472750,1000000000,171136.46723108334,true
audio,171136429967541,1000000000,171136.46880566666,true
video,171136486139375,1000000000,171136.48444508333,true
audio,171136449967541,1000000000,171136.49017616667,true
video,171136502805833,1000000000,171136.501284125,true
audio,171136469967500,1000000000,171136.51154333336,true
video,171136519472416,1000000000,171136.51817408335,true
audio,171136489967541,1000000000,171136.53290604168,true
video,171136536139125,1000000000,171136.53489616668,true
video,171136552805583,1000000000,171136.55222904167,true
audio,171136509967541,1000000000,171136.55415904167,true
video,171136569472291,1000000000,171136.56933183334,true
audio,171136529967500,1000000000,171136.575558375,true
video,171136586138750,1000000000,171136.58638441667,true
audio,171136549967541,1000000000,171136.59683320834,true
video,171136602805458,1000000000,171136.603060375,true
audio,171136569967541,1000000000,171136.61819504166,true
audio,171136589967541,1000000000,171136.61823591669,true
video,171136627805250,1000000000,171136.62297433335,true
audio,171136609967541,1000000000,171136.6394975,true
video,171136644471833,1000000000,171136.64084125002,true
video,171136661138541,1000000000,171136.65817095834,true
audio,171136629967541,1000000000,171136.66077483335,true
video,171136677805041,1000000000,171136.67502495836,true
audio,171136649967541,1000000000,171136.68219383335,true
video,171136694471583,1000000000,171136.69229458334,true
audio,171136669967541,1000000000,171136.70352858334,true
video,171136711138208,1000000000,171136.70935108335,true
audio,171136689967500,1000000000,171136.72497695836,true
video,171136727804791,1000000000,171136.72613158333,true
video,171136744471416,1000000000,171136.74348137502,true
audio,171136709967541,1000000000,171136.74614475,true
video,171136761138000,1000000000,171136.76091195835,true
audio,171136729967541,1000000000,171136.76749729167,true
video,171136777804541,1000000000,171136.77813229169,true
audio,171136749967500,1000000000,171136.7888726667,true
video,171136802804458,1000000000,171136.7983545,true
audio,171136769967541,1000000000,171136.810212,true
video,171136819471041,1000000000,171136.81634183336,true
audio,171136789967541,1000000000,171136.831557,true
video,171136836137666,1000000000,171136.83321850002,true
video,171136852804208,1000000000,171136.8501770417,true
audio,171136809967541,1000000000,171136.85286266668,true
video,171136869470833,1000000000,171136.867371,true
audio,171136829967541,1000000000,171136.8742062917,true
video,171136886137416,1000000000,171136.884299125,true
audio,171136849967541,1000000000,171136.89550545835,true
video,171136902804000,1000000000,171136.90097733334,true
audio,171136869967541,1000000000,171136.916852625,true
video,171136919470750,1000000000,171136.9181995417,true
video,171136936137208,1000000000,171136.935028,true
audio,171136889967541,1000000000,171136.93812504166,true
audio,171136909967541,1000000000,171136.93817620835,true
video,171136952803916,1000000000,171136.95191233334,true
audio,171136929967541,1000000000,171136.959513625,true
video,171136969470375,1000000000,171136.96969716667,true
audio,171136949967541,1000000000,171136.980854375,true
video,171136986137083,1000000000,171136.98642754168,true
audio,171136969967500,1000000000,171137.00214995834,true
video,171137002803583,1000000000,171137.00306812502,true
audio,171136989967541,1000000000,171137.02352520835,true
video,171137027803458,1000000000,171137.02363808334,true
video,171137044470083,1000000000,171137.04126025,true
audio,171137009967541,1000000000,171137.04481866668,true
video,171137061136791,1000000000,171137.05835833334,true
audio,171137029967500,1000000000,171137.066219625,true
video,171137077803250,1000000000,171137.07526575,true
audio,171137049967541,1000000000,171137.0875060417,true
video,171137094469791,1000000000,171137.09219370835,true
audio,171137069967541,1000000000,171137.10883233335,true
video,171137111136500,1000000000,171137.10940995836,true
video,171137127803000,1000000000,171137.12685204166,true
audio,171137089967541,1000000000,171137.13019808335,true
video,171137144469625,1000000000,171137.14441895834,true
audio,171137109967541,1000000000,171137.15145825,true
video,171137161136291,1000000000,171137.16130675,true
audio,171137129967541,1000000000,171137.17289758334,true
video,171137177802916,1000000000,171137.17807541668,true
audio,171137149967541,1000000000,171137.19417241667,true
video,171137202802833,1000000000,171137.1982190417,true
video,171137219469250,1000000000,171137.21512604167,true
audio,171137169967541,1000000000,171137.21541125,true
video,171137236135875,1000000000,171137.23292187502,true
audio,171137189967500,1000000000,171137.2368415417,true
video,171137252802458,1000000000,171137.25019141668,true
audio,171137209967541,1000000000,171137.258167875,true
video,171137269469041,1000000000,171137.26751229167,true
audio,171137229967541,1000000000,171137.27951791667,true
video,171137286135750,1000000000,171137.284321,true
audio,171137249967500,1000000000,171137.300854125,true
audio,171137269967541,1000000000,171137.30094800002,true
video,171137302802250,1000000000,171137.30151495835,true
video,171137319468833,1000000000,171137.318888625,true
audio,171137289967541,1000000000,171137.32219095834,true
video,171137336135541,1000000000,171137.33583691667,true
audio,171137309967541,1000000000,171137.343452125,true
video,171137352802000,1000000000,171137.35298970834,true
audio,171137329967541,1000000000,171137.36488070834,true
video,171137369468750,1000000000,171137.36969466668,true
audio,171137349967541,1000000000,171137.38621375,true
video,171137386135208,1000000000,171137.38636270835,true
video,171137411135208,1000000000,171137.4076279167,true
audio,171137369967541,1000000000,171137.40769933333,true
video,171137427801666,1000000000,171137.425267125,true
audio,171137389967541,1000000000,171137.42881829166,true
video,171137444468250,1000000000,171137.44264304166,true
audio,171137409967541,1000000000,171137.45024195834,true
video,171137461134875,1000000000,171137.46032283336,true
audio,171137429967541,1000000000,171137.471548875,true
video,171137477801458,1000000000,171137.47715008334,true
audio,171137449967541,1000000000,171137.492841625,true
video,171137494468083,1000000000,171137.494455375,true
video,171137511134666,1000000000,171137.51112154167,true
audio,171137469967500,1000000000,171137.51419404167,true
video,171137527801208,1000000000,171137.5280785,true
audio,171137489967541,1000000000,171137.53549858334,true
video,171137552801250,1000000000,171137.54862100002,true
audio,171137509967541,1000000000,171137.556861875,true
video,171137569467708,1000000000,171137.56557925002,true
audio,171137529967500,1000000000,171137.5781570417,true
video,171137586134333,1000000000,171137.582740125,true
audio,171137549967541,1000000000,171137.599579875,true
video,171137602800916,1000000000,171137.599943125,true
video,171137619467500,1000000000,171137.61718108333,true
audio,171137569967541,1000000000,171137.62083783335,true
audio,171137589967541,1000000000,171137.62089720834,true
video,171137636134041,1000000000,171137.63467616666,true
audio,171137609967541,1000000000,171137.642176625,true
video,171137652800625,1000000000,171137.65185675002,true
audio,171137629967541,1000000000,171137.66349566667,true
video,171137669467250,1000000000,171137.66857279168,true
audio,171137649967541,1000000000,171137.68483433334,true
video,171137686133833,1000000000,171137.68541554167,true
video,171137702800541,1000000000,171137.70269670835,true
audio,171137669967541,1000000000,171137.706164125,true
video,171137719467000,1000000000,171137.71969816668,true
audio,171137689967500,1000000000,171137.72750695836,true
video,171137744466916,1000000000,171137.7403375,true
audio,171137709967541,1000000000,171137.74883541669,true
video,171137761133500,1000000000,171137.758412125,true
audio,171137729967541,1000000000,171137.77017370836,true
video,171137777800208,1000000000,171137.77480175,true
video,171137794466708,1000000000,171137.79154379168,true
audio,171137749967500,1000000000,171137.79160366667,true
video,171137811133291,1000000000,171137.80826733334,true
audio,171137769967541,1000000000,171137.812842,true
video,171137827800000,1000000000,171137.82540204166,true
audio,171137789967541,1000000000,171137.83415616667,true
video,171137844466458,1000000000,171137.84228550002,true
audio,171137809967541,1000000000,171137.85547170835,true
video,171137861133166,1000000000,171137.85932037502,true
video,171137877799666,1000000000,171137.87619141667,true
audio,171137829967541,1000000000,171137.87680054168,true
video,171137894466375,1000000000,171137.89386395834,true
audio,171137849967541,1000000000,171137.89815341667,true
video,171137911132958,1000000000,171137.91096104166,true
audio,171137869967541,1000000000,171137.91948433334,true
video,171137927799458,1000000000,171137.92802075,true
audio,171137889967541,1000000000,171137.94085283333,true
audio,171137909967541,1000000000,171137.94095408334,true
video,171137952799458,1000000000,171137.948600875,true
audio,171137929967541,1000000000,171137.96214820835,true
video,171137969465916,1000000000,171137.96732425,true
audio,171137949967541,1000000000,171137.98350979167,true
video,171137986132625,1000000000,171137.984719,true
video,171138002799250,1000000000,171138.0024815,true
audio,171137969967500,1000000000,171138.0048675417,true
video,171138019465708,1000000000,171138.01926870833,true
audio,171137989967541,1000000000,171138.0261405,true
video,171138036132416,1000000000,171138.03635075002,true
audio,171138009967541,1000000000,171138.04747766667,true
video,171138052798916,1000000000,171138.05301695835,true
audio,171138029967500,1000000000,171138.06882758334,true
video,171138069465500,1000000000,171138.069697,true
video,171138094465375,1000000000,171138.09004783334,true
audio,171138049967541,1000000000,171138.090108625,true
video,171138111132125,1000000000,171138.10681070836,true
audio,171138069967541,1000000000,171138.11149462502,true
video,171138127798583,1000000000,171138.1245195,true
audio,171138089967541,1000000000,171138.132852,true
video,171138144465166,1000000000,171138.14149933335,true
audio,171138109967541,1000000000,171138.15415725,true
video,171138161131916,1000000000,171138.1591601667,true
audio,171138129967541,1000000000,171138.17555120835,true
video,171138177798291,1000000000,171138.17633050002,true
audio,171138149967541,1000000000,171138.18616970835,true
video,171138194464875,1000000000,171138.19396808333,true
audio,171138169967541,1000000000,171138.20754875,true
video,171138211131500,1000000000,171138.21087529167,true
video,171138227798083,1000000000,171138.22801558336,true
audio,171138189967500,1000000000,171138.22891083334,true
video,171138252798000,1000000000,171138.24798837502,true
audio,171138209967541,1000000000,171138.25016383335,true
video,171138269464541,1000000000,171138.265785,true
audio,171138229967541,1000000000,171138.27155141666,true
video,171138286131250,1000000000,171138.28305525,true
audio,171138249967500,1000000000,171138.292874625,true
audio,171138269967541,1000000000,171138.2929279167,true
video,171138302797750,1000000000,171138.30011862502,true
audio,171138289967541,1000000000,171138.31419654167,true
video,171138319464333,1000000000,171138.31706070833,true
video,171138336130958,1000000000,171138.33409025002,true
audio,171138309967541,1000000000,171138.335445,true
video,171138352797541,1000000000,171138.351122625,true
audio,171138329967541,1000000000,171138.35695570835,true
video,171138369464125,1000000000,171138.36822150002,true
audio,171138349967541,1000000000,171138.37819566668,true
video,171138386130708,1000000000,171138.38573195835,true
audio,171138369967541,1000000000,171138.39952766668,true
video,171138402797291,1000000000,171138.40291775,true
video,171138419463916,1000000000,171138.4197035,true
audio,171138389967541,1000000000,171138.42082879168,true
video,171138444463791,1000000000,171138.43954208333,true
audio,171138409967541,1000000000,171138.44218891667,true
video,171138461130416,1000000000,171138.45738808333,true
audio,171138429967541,1000000000,171138.46354250002,true
video,171138477797000,1000000000,171138.47433300002,true
audio,171138449967541,1000000000,171138.48485554167,true
video,171138494463583,1000000000,171138.49134633335,true
audio,171138469967500,1000000000,171138.50616216668,true
video,171138511130166,1000000000,171138.50810562502,true
video,171138527796750,1000000000,171138.52502258334,true
audio,171138489967541,1000000000,171138.52755466668,true
video,171138544463375,1000000000,171138.542142625,true
audio,171138509967541,1000000000,171138.54881545834,true
video,171138561129958,1000000000,171138.5590996667,true
audio,171138529967500,1000000000,171138.57022466668,true
video,171138577796583,1000000000,171138.57623391668,true
audio,171138549967541,1000000000,171138.59157191668,true
video,171138594463166,1000000000,171138.593208875,true
video,171138611129750,1000000000,171138.6104735,true
audio,171138569967541,1000000000,171138.61281812502,true
audio,171138589967541,1000000000,171138.61286995834,true
video,171138627796458,1000000000,171138.62778358333,true
audio,171138609967541,1000000000,171138.6341735,true
video,171138644462916,1000000000,171138.64473079168,true
audio,171138629967541,1000000000,171138.655548,true
video,171138661129625,1000000000,171138.6613725,true
audio,171138649967541,1000000000,171138.67683333333,true
video,171138686129416,1000000000,171138.681529875,true
audio,171138669967541,1000000000,171138.69817533335,true
video,171138702796166,1000000000,171138.699073875,true
video,171138719462625,1000000000,171138.71603079166,true
audio,171138689967500,1000000000,171138.71943791668,true
video,171138736129166,1000000000,171138.732923875,true
audio,171138709967541,1000000000,171138.74081820835,true
video,171138752795875,1000000000,171138.75006133335,true
audio,171138729967541,1000000000,171138.76215525,true
video,171138761129041,1000000000,171138.76841616668,true
audio,171138749967500,1000000000,171138.78347808335,true
video,171138786128958,1000000000,171138.78537225001,true
video,171138802795541,1000000000,171138.80240154167,true
audio,171138769967541,1000000000,171138.80484120833,true
video,171138819462125,1000000000,171138.819422875,true
audio,171138789967541,1000000000,171138.826134,true
video,171138836128750,1000000000,171138.8363672917,true
audio,171138809967541,1000000000,171138.8474995,true
video,171138861128625,1000000000,171138.856093375,true
audio,171138829967541,1000000000,171138.8688246667,true
video,171138877795250,1000000000,171138.87290800002,true
audio,171138849967541,1000000000,171138.89015391667,true
video,171138894461791,1000000000,171138.890721375,true
video,171138911128500,1000000000,171138.90841125,true
audio,171138869967541,1000000000,171138.91149575,true
video,171138927795000,1000000000,171138.92527095834,true
audio,171138889967541,1000000000,171138.93281604166,true
audio,171138909967541,1000000000,171138.93285929167,true
video,171138944461583,1000000000,171138.94204845835,true
audio,171138929967541,1000000000,171138.95415637502,true
video,171138961128208,1000000000,171138.95915095834,true
audio,171138949967541,1000000000,171138.975503375,true
video,171138977794750,1000000000,171138.97607441669,true
video,171138994461458,1000000000,171138.99312287502,true
audio,171138969967500,1000000000,171138.99681550002,true
video,171139011127958,1000000000,171139.01041029167,true
audio,171138989967541,1000000000,171139.01814195834,true
video,171139027794541,1000000000,171139.02781216666,true
audio,171139009967541,1000000000,171139.0394809167,true
video,171139044461166,1000000000,171139.04461458334,true
audio,171139029967500,1000000000,171139.06083020836,true
video,171139061127750,1000000000,171139.06128445835,true
video,171139077794458,1000000000,171139.077992125,true
audio,171139049967541,1000000000,171139.08214900002,true
video,171139102794208,1000000000,171139.09781179167,true
audio,171139069967541,1000000000,171139.10351295833,true
video,171139119460958,1000000000,171139.11446675,true
audio,171139089967541,1000000000,171139.12482258334,true
video,171139136127416,1000000000,171139.132319375,true
audio,171139109967541,1000000000,171139.14615875002,true
video,171139152794000,1000000000,171139.14909570833,true
video,171139169460625,1000000000,171139.16631629167,true
audio,171139129967541,1000000000,171139.16747583335,true
video,171139186127166,1000000000,171139.18332900002,true
audio,171139149967541,1000000000,171139.18882504167,true
video,171139202793875,1000000000,171139.20011283335,true
audio,171139169967541,1000000000,171139.21017245835,true
video,171139219460500,1000000000,171139.21715620835,true
audio,171139189967500,1000000000,171139.23153483335,true
video,171139236126958,1000000000,171139.23420562502,true
video,171139252793583,1000000000,171139.25143820833,true
audio,171139209967541,1000000000,171139.25278383333,true
video,171139269460250,1000000000,171139.26811729168,true
audio,171139229967541,1000000000,171139.27415629168,true
video,171139286126750,1000000000,171139.28544354168,true
audio,171139249967500,1000000000,171139.29548104168,true
audio,171139269967541,1000000000,171139.29552041666,true
video,171139302793291,1000000000,171139.30226745835,true
audio,171139289967541,1000000000,171139.316846125,true
video,171139319459875,1000000000,171139.31943045833,true
video,171139336126500,1000000000,171139.336378375,true
audio,171139309967541,1000000000,171139.33818445835,true
video,171139361126375,1000000000,171139.35618629167,true
audio,171139329967541,1000000000,171139.35956704168,true
video,171139377793000,1000000000,171139.3739656667,true
audio,171139349967541,1000000000,171139.38085908335,true
video,171139394459666,1000000000,171139.39100066668,true
audio,171139369967541,1000000000,171139.402171625,true
video,171139411126166,1000000000,171139.40783783334,true
audio,171139389967541,1000000000,171139.42349220836,true
video,171139427792750,1000000000,171139.42506741668,true
video,171139444459333,1000000000,171139.44205983335,true
audio,171139409967541,1000000000,171139.44480683334,true
video,171139461125958,1000000000,171139.45918720835,true
audio,171139429967541,1000000000,171139.46618683334,true
video,171139477792541,1000000000,171139.47628695835,true
audio,171139449967541,1000000000,171139.48749354167,true
video,171139494459125,1000000000,171139.493113625,true
audio,171139469967500,1000000000,171139.50884645834,true
video,171139511125708,1000000000,171139.51054975,true
video,171139527792291,1000000000,171139.527386625,true
audio,171139489967541,1000000000,171139.53016320834,true
video,171139544458916,1000000000,171139.5445071667,true
audio,171139509967541,1000000000,171139.55145987502,true
video,171139561125625,1000000000,171139.56135912501,true
audio,171139529967500,1000000000,171139.57278966668,true
video,171139586125416,1000000000,171139.58098066668,true
audio,171139549967541,1000000000,171139.594166375,true
video,171139602792000,1000000000,171139.59778679168,true
video,171139619458583,1000000000,171139.61461470835,true
audio,171139569967541,1000000000,171139.61544520836,true
audio,171139589967541,1000000000,171139.61547116667,true
video,171139636125166,1000000000,171139.63235683335,true
audio,171139609967541,1000000000,171139.63680137502,true
video,171139652791750,1000000000,171139.64999691668,true
audio,171139629967541,1000000000,171139.65812433333,true
video,171139669458500,1000000000,171139.66731091667,true
audio,171139649967541,1000000000,171139.67950287502,true
video,171139686124958,1000000000,171139.684653125,true
audio,171139669967541,1000000000,171139.70080675,true
video,171139702791666,1000000000,171139.70197741667,true
video,171139719458291,1000000000,171139.71906641667,true
audio,171139689967500,1000000000,171139.72213541667,true
video,171139736124750,1000000000,171139.73635741667,true
audio,171139709967541,1000000000,171139.74346508333,true
video,171139761124625,1000000000,171139.75617975002,true
audio,171139729967541,1000000000,171139.76485554167,true
video,171139777791208,1000000000,171139.77374162502,true
audio,171139749967500,1000000000,171139.786220125,true
video,171139794457833,1000000000,171139.79074920833,true
audio,171139769967541,1000000000,171139.80746129167,true
video,171139811124375,1000000000,171139.808044875,true
video,171139827791083,1000000000,171139.8263610417,true
audio,171139789967541,1000000000,171139.82887070836,true
video,171139844457583,1000000000,171139.84340495834,true
audio,171139809967541,1000000000,171139.85015462502,true
video,171139861124166,1000000000,171139.86030258334,true
audio,171139829967541,1000000000,171139.87151520833,true
video,171139877790875,1000000000,171139.87760070834,true
audio,171139849967541,1000000000,171139.89284575,true
video,171139894457333,1000000000,171139.8943490417,true
video,171139911124041,1000000000,171139.91128791668,true
audio,171139869967541,1000000000,171139.91418179168,true
video,171139927790666,1000000000,171139.92840679167,true
audio,171139889967541,1000000000,171139.93550858335,true
audio,171139909967541,1000000000,171139.93557470833,true
video,171139944457125,1000000000,171139.94488808335,true
audio,171139929967541,1000000000,171139.95688425002,true
video,171139969457041,1000000000,171139.96562287502,true
audio,171139949967541,1000000000,171139.978213875,true
video,171139986123750,1000000000,171139.9833372917,true
audio,171139969967500,1000000000,171139.999527875,true
video,171140002790375,1000000000,171140.00007675,true
video,171140019456791,1000000000,171140.01675104166,true
audio,171139989967541,1000000000,171140.02085804168,true
video,171140036123416,1000000000,171140.03447616668,true
audio,171140009967541,1000000000,171140.04217579166,true
video,171140052790125,1000000000,171140.05137304167,true
audio,171140029967500,1000000000,171140.06350341666,true
video,171140069456583,1000000000,171140.06804358333,true
audio,171140049967541,1000000000,171140.08495633333,true
video,171140086123208,1000000000,171140.0855875417,true
video,171140102789791,1000000000,171140.103009125,true
audio,171140069967541,1000000000,171140.10624166668,true
video,171140119456375,1000000000,171140.11959591668,true
audio,171140089967541,1000000000,171140.12751520835,true
video,171140136122958,1000000000,171140.13633941667,true
audio,171140109967541,1000000000,171140.14883741667,true
video,171140152789541,1000000000,171140.15302833336,true
video,171140169456166,1000000000,171140.169782,true
audio,171140129967541,1000000000,171140.17011991667,true
video,171140194456041,1000000000,171140.1898327917,true
audio,171140149967541,1000000000,171140.19149175,true
video,171140211122666,1000000000,171140.20653608334,true
audio,171140169967541,1000000000,171140.21286987502,true
video,171140227789250,1000000000,171140.22351508334,true
audio,171140189967500,1000000000,171140.234210875,true
video,171140244455833,1000000000,171140.24193004167,true
audio,171140209967541,1000000000,171140.25555595834,true
video,171140261122416,1000000000,171140.259540375,true
video,171140277789000,1000000000,171140.276385875,true
audio,171140229967541,1000000000,171140.27685520836,true
video,171140294455625,1000000000,171140.29334966667,true
audio,171140249967500,1000000000,171140.29821641668,true
audio,171140269967541,1000000000,171140.29825983333,true
video,171140311122208,1000000000,171140.30996195835,true
audio,171140289967541,1000000000,171140.31951058333,true
video,171140327788916,1000000000,171140.32743970834,true
audio,171140309967541,1000000000,171140.34087808334,true
video,171140344455375,1000000000,171140.34453641667,true
video,171140361121958,1000000000,171140.36144116666,true
audio,171140329967541,1000000000,171140.36210304167,true
video,171140377788583,1000000000,171140.37805958334,true
audio,171140349967541,1000000000,171140.3835975,true
video,171140394455125,1000000000,171140.39473925,true
audio,171140369967541,1000000000,171140.40488308333,true
video,171140419455166,1000000000,171140.415243625,true
audio,171140389967541,1000000000,171140.42624008335,true
video,171140436121625,1000000000,171140.43301862502,true
audio,171140409967541,1000000000,171140.44752166668,true
video,171140452788333,1000000000,171140.45002758334,true
video,171140469454958,1000000000,171140.4672115,true
audio,171140429967541,1000000000,171140.4688165417,true
video,171140486121416,1000000000,171140.48466570835,true
audio,171140449967541,1000000000,171140.49019045834,true
video,171140502788000,1000000000,171140.50218970835,true
audio,171140469967500,1000000000,171140.51152175,true
video,171140519454583,1000000000,171140.51935533335,true
audio,171140489967541,1000000000,171140.53300845835,true
video,171140536121291,1000000000,171140.53649075,true
video,171140552787791,1000000000,171140.55301708335,true
audio,171140509967541,1000000000,171140.554187625,true
video,171140577787791,1000000000,171140.57360341668,true
audio,171140529967500,1000000000,171140.57549404167,true
video,171140594454291,1000000000,171140.59137533334,true
audio,171140549967541,1000000000,171140.596874125,true
video,171140611120833,1000000000,171140.60820283333,true
audio,171140569967541,1000000000,171140.61820908333,true
audio,171140589967541,1000000000,171140.61825845833,true
video,171140627787541,1000000000,171140.62512979168,true
audio,171140609967541,1000000000,171140.639490625,true
video,171140644454166,1000000000,171140.64202045836,true
video,171140661120750,1000000000,171140.65933679166,true
audio,171140629967541,1000000000,171140.66083633335,true
video,171140677787250,1000000000,171140.676276125,true
audio,171140649967541,1000000000,171140.682199,true
video,171140694453833,1000000000,171140.69310016668,true
audio,171140669967541,1000000000,171140.70352129167,true
video,171140711120458,1000000000,171140.7098065,true
audio,171140689967500,1000000000,171140.72487150002,true
video,171140727787041,1000000000,171140.72729925002,true
video,171140744453583,1000000000,171140.74429220834,true
audio,171140709967541,1000000000,171140.746155375,true
video,171140761120208,1000000000,171140.76130062502,true
audio,171140729967541,1000000000,171140.76750195835,true
video,171140777786791,1000000000,171140.778069625,true
audio,171140749967500,1000000000,171140.78886508333,true
video,171140802786708,1000000000,171140.7979847917,true
audio,171140769967541,1000000000,171140.8101850417,true
video,171140819453291,1000000000,171140.81490729167,true
audio,171140789967541,1000000000,171140.83154658333,true
video,171140836119916,1000000000,171140.8316660417,true
video,171140852786458,1000000000,171140.84968745834,true
audio,171140809967541,1000000000,171140.85288725002,true
video,171140869453083,1000000000,171140.86735425002,true
audio,171140829967541,1000000000,171140.87424358336,true
video,171140886119625,1000000000,171140.88416458335,true
audio,171140849967541,1000000000,171140.89553554167,true
video,171140902786208,1000000000,171140.90137004168,true
audio,171140869967541,1000000000,171140.91689004167,true
video,171140919452833,1000000000,171140.91846400002,true
video,171140936119416,1000000000,171140.93523316667,true
audio,171140889967541,1000000000,171140.93815004168,true
audio,171140909967541,1000000000,171140.93820029168,true
video,171140952786125,1000000000,171140.95275870836,true
audio,171140929967541,1000000000,171140.9595097917,true
video,171140969452625,1000000000,171140.969678875,true
audio,171140949967541,1000000000,171140.98090470835,true
video,171140986119166,1000000000,171140.98640075,true
audio,171140969967500,1000000000,171141.00215112502,true
video,171141011119125,1000000000,171141.006169875,true
video,171141027785666,1000000000,171141.02314645835,true
audio,171140989967541,1000000000,171141.023411625,true
video,171141044452291,1000000000,171141.0397600417,true
audio,171141009967541,1000000000,171141.044823375,true
video,171141061118875,1000000000,171141.05668725,true
audio,171141029967500,1000000000,171141.06623104168,true
video,171141077785625,1000000000,171141.073404375,true
audio,171141049967541,1000000000,171141.0874985417,true
video,171141094452041,1000000000,171141.09103454166,true
video,171141111118625,1000000000,171141.10815670833,true
audio,171141069967541,1000000000,171141.1088070417,true
video,171141127785250,1000000000,171141.1250207917,true
audio,171141089967541,1000000000,171141.130198375,true
video,171141144451833,1000000000,171141.14176712502,true
audio,171141109967541,1000000000,171141.15153204167,true
video,171141161118541,1000000000,171141.15909670835,true
audio,171141129967541,1000000000,171141.17294141668,true
video,171141177785041,1000000000,171141.17591329166,true
video,171141194451625,1000000000,171141.19297425,true
audio,171141149967541,1000000000,171141.19416483334,true
video,171141211118208,1000000000,171141.21073358334,true
audio,171141169967541,1000000000,171141.21559495834,true
video,171141227784791,1000000000,171141.22792083333,true
audio,171141189967500,1000000000,171141.23697008335,true
video,171141244451375,1000000000,171141.24472191668,true
audio,171141209967541,1000000000,171141.25822083335,true
video,171141261118000,1000000000,171141.26141675,true
audio,171141229967541,1000000000,171141.279545375,true
video,171141286118000,1000000000,171141.28176900002,true
video,171141302784500,1000000000,171141.29938991668,true
audio,171141249967500,1000000000,171141.3008897917,true
audio,171141269967541,1000000000,171141.300931125,true
video,171141319451208,1000000000,171141.31575200002,true
audio,171141289967541,1000000000,171141.32221487502,true
video,171141336117666,1000000000,171141.33257054168,true
audio,171141309967541,1000000000,171141.3435414167,true
video,171141352784250,1000000000,171141.34947270833,true
audio,171141329967541,1000000000,171141.36487470835,true
video,171141369450958,1000000000,171141.36690925,true
video,171141386117458,1000000000,171141.38439316666,true
audio,171141349967541,1000000000,171141.38626595834,true
video,171141402784041,1000000000,171141.40124858334,true
audio,171141369967541,1000000000,171141.40760933334,true
video,171141419450666,1000000000,171141.4183665,true
audio,171141389967541,1000000000,171141.42890020835,true
video,171141436117208,1000000000,171141.43518987502,true
audio,171141409967541,1000000000,171141.45026675,true
video,171141452783791,1000000000,171141.45253929167,true
video,171141469450375,1000000000,171141.46939558335,true
audio,171141429967541,1000000000,171141.4715605,true
video,171141486116958,1000000000,171141.486339875,true
audio,171141449967541,1000000000,171141.49284183333,true
video,171141511116875,1000000000,171141.50582420835,true
audio,171141469967500,1000000000,171141.51417033334,true
video,171141527783458,1000000000,171141.522792,true
audio,171141489967541,1000000000,171141.53552283335,true
video,171141544450083,1000000000,171141.539717,true
video,171141561116666,1000000000,171141.55658725,true
audio,171141509967541,1000000000,171141.55684016668,true
video,171141577783250,1000000000,171141.57344283335,true
audio,171141529967500,1000000000,171141.57820620833,true
video,171141594449791,1000000000,171141.590781625,true
audio,171141549967541,1000000000,171141.59953204167,true
video,171141611116416,1000000000,171141.60772604166,true
audio,171141569967541,1000000000,171141.62087525002,true
audio,171141589967541,1000000000,171141.62095570835,true
video,171141627783125,1000000000,171141.6247795417,true
video,171141644449625,1000000000,171141.64168208334,true
audio,171141609967541,1000000000,171141.64210129168,true
video,171141661116333,1000000000,171141.65827870835,true
audio,171141629967541,1000000000,171141.66352041668,true
video,171141677782958,1000000000,171141.6760621667,true
audio,171141649967541,1000000000,171141.6849255417,true
video,171141694449541,1000000000,171141.692948,true
audio,171141669967541,1000000000,171141.7061915,true
video,171141711116000,1000000000,171141.71060766667,true
audio,171141689967500,1000000000,171141.72752466667,true
video,171141727782583,1000000000,171141.72778029167,true
video,171141744449166,1000000000,171141.744832625,true
audio,171141709967541,1000000000,171141.74882550002,true
video,171141769449083,1000000000,171141.76536225,true
audio,171141729967541,1000000000,171141.77018520836,true
video,171141786115666,1000000000,171141.7828065,true
audio,171141749967500,1000000000,171141.791509625,true
video,171141802782291,1000000000,171141.80003437502,true
audio,171141769967541,1000000000,171141.81284829168,true
video,171141819448958,1000000000,171141.81790704167,true
audio,171141789967541,1000000000,171141.83415891667,true
video,171141836115583,1000000000,171141.83523145833,true
video,171141852782041,1000000000,171141.85277670834,true
audio,171141809967541,1000000000,171141.85550408333,true
video,171141869448625,1000000000,171141.86952379168,true
audio,171141829967541,1000000000,171141.87682045833,true
video,171141886115250,1000000000,171141.88631683335,true
audio,171141849967541,1000000000,171141.89819308335,true
video,171141911115125,1000000000,171141.90570595834,true
audio,171141869967541,1000000000,171141.91952725002,true
video,171141927781750,1000000000,171141.9227784167,true
video,171141944448291,1000000000,171141.93944816667,true
audio,171141889967541,1000000000,171141.940806625,true
audio,171141909967541,1000000000,171141.94084304167,true
video,171141961115041,1000000000,171141.9566125,true
audio,171141929967541,1000000000,171141.96219708334,true
video,171141977781458,1000000000,171141.97444050002,true
audio,171141949967541,1000000000,171141.98351312501,true
video,171141994448041,1000000000,171141.9915312917,true
audio,171141969967500,1000000000,171142.00485325002,true
video,171142011114791,1000000000,171142.00909058333,true
audio,171141989967541,1000000000,171142.0261759167,true
video,171142027781250,1000000000,171142.0262785,true
video,171142044447958,1000000000,171142.04336266668,true
audio,171142009967541,1000000000,171142.04755029167,true
video,171142061114416,1000000000,171142.06097875,true
audio,171142029967500,1000000000,171142.06887350001,true
video,171142077781125,1000000000,171142.07770479168,true
audio,171142049967541,1000000000,171142.09021791667,true
video,171142094447625,1000000000,171142.09462891667,true
audio,171142069967541,1000000000,171142.11155391668,true
video,171142119447500,1000000000,171142.11384870834,true
video,171142136114125,1000000000,171142.13070950002,true
audio,171142089967541,1000000000,171142.13288995833,true
video,171142152780708,1000000000,171142.14781279166,true
audio,171142109967541,1000000000,171142.15418675,true
video,171142169447291,1000000000,171142.16548637502,true
audio,171142129967541,1000000000,171142.17550220835,true
video,171142186113875,1000000000,171142.18248166668,true
audio,171142149967541,1000000000,171142.18621050002,true
video,171142202780583,1000000000,171142.19923129168,true
audio,171142169967541,1000000000,171142.20764420833,true
video,171142219447083,1000000000,171142.216332125,true
audio,171142189967500,1000000000,171142.22883775,true
video,171142236113666,1000000000,171142.233077,true
audio,171142209967541,1000000000,171142.25023341668,true
video,171142252780375,1000000000,171142.25035454167,true
video,171142269446875,1000000000,171142.267904,true
audio,171142229967541,1000000000,171142.271561125,true
video,171142286113458,1000000000,171142.28505937502,true
audio,171142249967500,1000000000,171142.29283270834,true
audio,171142269967541,1000000000,171142.29287766668,true
video,171142302780083,1000000000,171142.3024150417,true
audio,171142289967541,1000000000,171142.3142211667,true
video,171142319446666,1000000000,171142.31940470834,true
audio,171142309967541,1000000000,171142.33552445835,true
video,171142336113250,1000000000,171142.336329,true
video,171142352779833,1000000000,171142.35339333335,true
audio,171142329967541,1000000000,171142.35696633335,true
video,171142377779833,1000000000,171142.37271225,true
audio,171142349967541,1000000000,171142.378200625,true
video,171142394446333,1000000000,171142.39043845833,true
audio,171142369967541,1000000000,171142.39948295834,true
video,171142411112916,1000000000,171142.40792375,true
audio,171142389967541,1000000000,171142.42085841668,true
video,171142427779625,1000000000,171142.42515116668,true
audio,171142409967541,1000000000,171142.44219029168,true
video,171142444446125,1000000000,171142.4425962917,true
video,171142461112750,1000000000,171142.4601860417,true
audio,171142429967541,1000000000,171142.46349333334,true
video,171142477779291,1000000000,171142.47767316666,true
audio,171142449967541,1000000000,171142.4848255,true
video,171142494445875,1000000000,171142.49438283333,true
audio,171142469967500,1000000000,171142.50626366667,true
video,171142511112458,1000000000,171142.51108083336,true
audio,171142489967541,1000000000,171142.52749487502,true
video,171142527779041,1000000000,171142.52790533335,true
video,171142552779041,1000000000,171142.54775658334,true
audio,171142509967541,1000000000,171142.548795,true
video,171142569445541,1000000000,171142.56564179168,true
audio,171142529967500,1000000000,171142.570140375,true
video,171142586112250,1000000000,171142.58242704166,true
audio,171142549967541,1000000000,171142.59159266666,true
video,171142602778708,1000000000,171142.59952012502,true
audio,171142569967541,1000000000,171142.61287645836,true
audio,171142589967541,1000000000,171142.6129232917,true
video,171142619445291,1000000000,171142.61687408335,true
audio,171142609967541,1000000000,171142.63424775001,true
video,171142636111916,1000000000,171142.63436420835,true
video,171142652778500,1000000000,171142.65091775,true
audio,171142629967541,1000000000,171142.65556570835,true
video,171142669445083,1000000000,171142.66820850002,true
audio,171142649967541,1000000000,171142.67688383334,true
video,171142686111708,1000000000,171142.685187125,true
audio,171142669967541,1000000000,171142.698205875,true
video,171142702778333,1000000000,171142.70233308335,true
video,171142719444875,1000000000,171142.71922816668,true
audio,171142689967500,1000000000,171142.719473125,true
video,171142736111458,1000000000,171142.73632700002,true
audio,171142709967541,1000000000,171142.74085870833,true
video,171142752778166,1000000000,171142.753184,true
audio,171142729967541,1000000000,171142.76220045835,true
video,171142777777958,1000000000,171142.772115,true
audio,171142749967500,1000000000,171142.78351616667,true
video,171142794444541,1000000000,171142.78914725,true
audio,171142769967541,1000000000,171142.804852,true
video,171142811111166,1000000000,171142.80588066668,true
video,171142827777875,1000000000,171142.82281966668,true
audio,171142789967541,1000000000,171142.82614358334,true
video,171142844444375,1000000000,171142.83966995834,true
audio,171142809967541,1000000000,171142.847474375,true
video,171142861110916,1000000000,171142.857487375,true
audio,171142829967541,1000000000,171142.868847375,true
video,171142877777625,1000000000,171142.87446425002,true
audio,171142849967541,1000000000,171142.89021433334,true
video,171142894444125,1000000000,171142.89140445835,true
video,171142911110708,1000000000,171142.90827225,true
audio,171142869967541,1000000000,171142.91148070834,true
video,171142927777416,1000000000,171142.925964625,true
audio,171142889967541,1000000000,171142.93284750002,true
audio,171142909967541,1000000000,171142.93288579167,true
video,171142944443916,1000000000,171142.9431739167,true
audio,171142929967541,1000000000,171142.954179875,true
video,171142961110541,1000000000,171142.960259,true
audio,171142949967541,1000000000,171142.97550054168,true
video,171142977777125,1000000000,171142.9769956667,true
video,171142994443666,1000000000,171142.99459954168,true
audio,171142969967500,1000000000,171142.99687475,true
video,171143019443583,1000000000,171143.01382804167,true
audio,171142989967541,1000000000,171143.01822170833,true
video,171143036110166,1000000000,171143.03063691666,true
audio,171143009967541,1000000000,171143.03952958333,true
video,171143052776750,1000000000,171143.04772383336,true
audio,171143029967500,1000000000,171143.06086045835,true
video,171143069443333,1000000000,171143.06573533334,true
audio,171143049967541,1000000000,171143.0824055,true
video,171143086109958,1000000000,171143.08438029166,true
video,171143102776541,1000000000,171143.10103062502,true
audio,171143069967541,1000000000,171143.10354641668,true
video,171143119443083,1000000000,171143.11799329167,true
audio,171143089967541,1000000000,171143.12482220834,true
video,171143136109708,1000000000,171143.135618375,true
audio,171143109967541,1000000000,171143.14620495835,true
video,171143152776416,1000000000,171143.15293608335,true
audio,171143129967541,1000000000,171143.16751312502,true
video,171143177776333,1000000000,171143.172419375,true
audio,171143149967541,1000000000,171143.1888664167,true
video,171143194442791,1000000000,171143.18921566667,true
video,171143211109416,1000000000,171143.2061495417,true
audio,171143169967541,1000000000,171143.210199625,true
video,171143227776000,1000000000,171143.22294912502,true
audio,171143189967500,1000000000,171143.2315174167,true
video,171143244442541,1000000000,171143.23966312502,true
audio,171143209967541,1000000000,171143.25284637502,true
video,171143261109166,1000000000,171143.25690758333,true
audio,171143229967541,1000000000,171143.27436308336,true
video,171143277775750,1000000000,171143.2745205417,true
video,171143294442333,1000000000,171143.29105295835,true
audio,171143249967500,1000000000,171143.29549141668,true
audio,171143269967541,1000000000,171143.29553354168,true
video,171143311108958,1000000000,171143.30785500002,true
audio,171143289967541,1000000000,171143.31686766667,true
video,171143327775666,1000000000,171143.32499925,true
audio,171143309967541,1000000000,171143.33820729167,true
video,171143344442166,1000000000,171143.341671875,true
video,171143361108750,1000000000,171143.35815854167,true
audio,171143329967541,1000000000,171143.35953391666,true
video,171143377775333,1000000000,171143.37501383334,true
audio,171143349967541,1000000000,171143.38095687501,true
video,171143394441916,1000000000,171143.39200737502,true
audio,171143369967541,1000000000,171143.40224754167,true
video,171143411108500,1000000000,171143.40914245835,true
audio,171143389967541,1000000000,171143.42357545835,true
video,171143427775208,1000000000,171143.4264211667,true
video,171143444441708,1000000000,171143.44314783334,true
audio,171143409967541,1000000000,171143.4448174167,true
video,171143461108333,1000000000,171143.46062220834,true
audio,171143429967541,1000000000,171143.466189,true
video,171143477774916,1000000000,171143.47731445835,true
audio,171143449967541,1000000000,171143.487539875,true
video,171143494441500,1000000000,171143.49424545834,true
audio,171143469967500,1000000000,171143.508921875,true
video,171143511108083,1000000000,171143.51127825002,true
video,171143527774666,1000000000,171143.52810516668,true
audio,171143489967541,1000000000,171143.53017470834,true
video,171143552774708,1000000000,171143.54809679167,true
audio,171143509967541,1000000000,171143.55152783333,true
video,171143569441291,1000000000,171143.56611462502,true
audio,171143529967500,1000000000,171143.57283195836,true
video,171143586107791,1000000000,171143.58327379168,true
audio,171143549967541,1000000000,171143.59416045833,true
video,171143602774333,1000000000,171143.60003204166,true
audio,171143569967541,1000000000,171143.61556141666,true
audio,171143589967541,1000000000,171143.61562916668,true
video,171143619440916,1000000000,171143.6169625,true
video,171143636107541,1000000000,171143.634763125,true
audio,171143609967541,1000000000,171143.63685333333,true
video,171143652774083,1000000000,171143.652366875,true
audio,171143629967541,1000000000,171143.6581974167,true
video,171143669440791,1000000000,171143.66974670836,true
audio,171143649967541,1000000000,171143.67951454167,true
video,171143694440583,1000000000,171143.68999529167,true
audio,171143669967541,1000000000,171143.70084583334,true
video,171143711107333,1000000000,171143.70767475,true
audio,171143689967500,1000000000,171143.72217929168,true
video,171143727773791,1000000000,171143.7244695,true
video,171143744440375,1000000000,171143.74201666669,true
audio,171143709967541,1000000000,171143.74345304168,true
video,171143761107000,1000000000,171143.75926525,true
audio,171143729967541,1000000000,171143.76481295834,true
video,171143777773583,1000000000,171143.776267375,true
audio,171143749967500,1000000000,171143.78617358336,true
video,171143794440166,1000000000,171143.79340091668,true
audio,171143769967541,1000000000,171143.807631,true
video,171143811106750,1000000000,171143.81100216668,true
video,171143827773458,1000000000,171143.82794933335,true
audio,171143789967541,1000000000,171143.8288337917,true
video,171143844439958,1000000000,171143.84462508335,true
audio,171143809967541,1000000000,171143.85020708333,true
video,171143869439833,1000000000,171143.8651292917,true
audio,171143829967541,1000000000,171143.87155783334,true
video,171143886106458,1000000000,171143.882496125,true
audio,171143849967541,1000000000,171143.892868125,true
video,171143902773166,1000000000,171143.89994533334,true
audio,171143869967541,1000000000,171143.91421070835,true
video,171143919439625,1000000000,171143.91714870834,true
video,171143936106333,1000000000,171143.93410441666,true
audio,171143889967541,1000000000,171143.93545608333,true
audio,171143909967541,1000000000,171143.93548370834,true
video,171143952772916,1000000000,171143.95127183336,true
audio,171143929967541,1000000000,171143.95691366668,true
video,171143969439416,1000000000,171143.96809691668,true
audio,171143949967541,1000000000,171143.97824645834,true
video,171143986106125,1000000000,171143.98482104167,true
audio,171143969967500,1000000000,171143.99969245834,true
video,171144002772708,1000000000,171144.002363625,true
video,171144019439208,1000000000,171144.019543,true
audio,171143989967541,1000000000,171144.02088654166,true
video,171144036105791,1000000000,171144.03626425,true
audio,171144009967541,1000000000,171144.04224275,true
video,171144061105666,1000000000,171144.05566995835,true
audio,171144029967500,1000000000,171144.06357879168,true
video,171144077772375,1000000000,171144.07288750002,true
audio,171144049967541,1000000000,171144.084882125,true
video,171144094438875,1000000000,171144.08959812502,true
audio,171144069967541,1000000000,171144.10623633335,true
video,171144111105458,1000000000,171144.10826745833,true
video,171144127772166,1000000000,171144.12486058334,true
audio,171144089967541,1000000000,171144.12760970835,true
video,171144144438625,1000000000,171144.1415135,true
audio,171144109967541,1000000000,171144.14883429167,true
video,171144161105208,1000000000,171144.15924870834,true
audio,171144129967541,1000000000,171144.1702099167,true
video,171144177771833,1000000000,171144.17664762502,true
audio,171144149967541,1000000000,171144.19154325002,true
video,171144194438416,1000000000,171144.19426908335,true
video,171144211105083,1000000000,171144.21109,true
audio,171144169967541,1000000000,171144.21287920835,true
video,171144227771583,1000000000,171144.22806300002,true
audio,171144189967500,1000000000,171144.23413066668,true
video,171144252771583,1000000000,171144.247779,true
audio,171144209967541,1000000000,171144.25552941667,true
video,171144269438208,1000000000,171144.26598350002,true
audio,171144229967541,1000000000,171144.27685175,true
video,171144286104666,1000000000,171144.28291500002,true
audio,171144249967500,1000000000,171144.29817275002,true
audio,171144269967541,1000000000,171144.298219875,true
video,171144302771416,1000000000,171144.299924875,true
video,171144319437875,1000000000,171144.316731875,true
audio,171144289967541,1000000000,171144.31956054168,true
video,171144336104458,1000000000,171144.33329941667,true
audio,171144309967541,1000000000,171144.34084391667,true
video,171144352771041,1000000000,171144.35006195834,true
audio,171144329967541,1000000000,171144.3621707917,true
video,171144369437666,1000000000,171144.36709775002,true
audio,171144349967541,1000000000,171144.38358029167,true
video,171144386104250,1000000000,171144.3843966667,true
video,171144402770833,1000000000,171144.40196904168,true
audio,171144369967541,1000000000,171144.40485579168,true
video,171144419437416,1000000000,171144.419131625,true
audio,171144389967541,1000000000,171144.42625479167,true
video,171144436104041,1000000000,171144.43629275,true
audio,171144409967541,1000000000,171144.44761795836,true
video,171144452770625,1000000000,171144.45302875002,true
audio,171144429967541,1000000000,171144.46884862502,true
video,171144469437208,1000000000,171144.469732,true
video,171144494437083,1000000000,171144.48942183334,true
audio,171144449967541,1000000000,171144.49017729168,true
video,171144511103708,1000000000,171144.50722962501,true
audio,171144469967500,1000000000,171144.51152591666,true
video,171144527770291,1000000000,171144.52500000002,true
audio,171144489967541,1000000000,171144.53290583333,true
video,171144544436875,1000000000,171144.54165820836,true
audio,171144509967541,1000000000,171144.554202,true
video,171144561103500,1000000000,171144.55852933336,true
video,171144577770083,1000000000,171144.57527779168,true
audio,171144529967500,1000000000,171144.57545979167,true
video,171144594436666,1000000000,171144.59228537502,true
audio,171144549967541,1000000000,171144.5968625,true
video,171144611103250,1000000000,171144.60978666667,true
audio,171144569967541,1000000000,171144.618213125,true
audio,171144589967541,1000000000,171144.61825433336,true
video,171144627769958,1000000000,171144.626691,true
audio,171144609967541,1000000000,171144.63950429167,true
video,171144644436458,1000000000,171144.64375933335,true
audio,171144629967541,1000000000,171144.66089870833,true
video,171144661103166,1000000000,171144.66105908333,true
video,171144677769583,1000000000,171144.67796266667,true
audio,171144649967541,1000000000,171144.68219483335,true
video,171144694436208,1000000000,171144.69465433335,true
audio,171144669967541,1000000000,171144.703501125,true
video,171144719436083,1000000000,171144.71518441668,true
audio,171144689967500,1000000000,171144.724850375,true
video,171144736102666,1000000000,171144.7323241667,true
audio,171144709967541,1000000000,171144.74620475,true
video,171144752769375,1000000000,171144.74954645833,true
video,171144769435875,1000000000,171144.76713954168,true
audio,171144729967541,1000000000,171144.76749270834,true
video,171144786102458,1000000000,171144.78415304166,true
audio,171144749967500,1000000000,171144.788833,true
video,171144802769166,1000000000,171144.80193016666,true
audio,171144769967541,1000000000,171144.810207625,true
video,171144819435666,1000000000,171144.81918320834,true
audio,171144789967541,1000000000,171144.83153658334,true
video,171144836102375,1000000000,171144.8362907917,true
audio,171144809967541,1000000000,171144.85289087502,true
video,171144861102125,1000000000,171144.855679,true
video,171144877768833,1000000000,171144.87295966668,true
audio,171144829967541,1000000000,171144.87416500002,true
video,171144894435333,1000000000,171144.8896825,true
audio,171144849967541,1000000000,171144.89551600002,true
video,171144911101916,1000000000,171144.90754454167,true
audio,171144869967541,1000000000,171144.916875125,true
video,171144927768625,1000000000,171144.92443375,true
audio,171144889967541,1000000000,171144.93819333334,true
audio,171144909967541,1000000000,171144.93825358336,true
video,171144944435125,1000000000,171144.94210183335,true
audio,171144929967541,1000000000,171144.95954470834,true
video,171144961101791,1000000000,171144.95975550002,true
video,171144977768416,1000000000,171144.97741350002,true
audio,171144949967541,1000000000,171144.98083512502,true
video,171144994434875,1000000000,171144.99463833333,true
audio,171144969967500,1000000000,171145.00215450002,true
video,171145011101625,1000000000,171145.011566,true
audio,171144989967541,1000000000,171145.02354458335,true
video,171145036101500,1000000000,171145.0309534167,true
audio,171145009967541,1000000000,171145.04484454167,true
video,171145052768000,1000000000,171145.0476714167,true
video,171145069434583,1000000000,171145.06462404167,true
audio,171145029967500,1000000000,171145.06628300002,true
video,171145086101166,1000000000,171145.081490375,true
audio,171145049967541,1000000000,171145.08752987502,true
video,171145102767750,1000000000,171145.09967287502,true
audio,171145069967541,1000000000,171145.10885825002,true
video,171145119434333,1000000000,171145.11623075002,true
audio,171145089967541,1000000000,171145.13017787502,true
video,171145136100958,1000000000,171145.13318237502,true
video,171145152767541,1000000000,171145.15026575,true
audio,171145109967541,1000000000,171145.15144866667,true
video,171145169434125,1000000000,171145.16750275,true
audio,171145129967541,1000000000,171145.17288520833,true
video,171145186100750,1000000000,171145.18446791667,true
audio,171145149967541,1000000000,171145.19420883333,true
video,171145202767333,1000000000,171145.20173200002,true
audio,171145169967541,1000000000,171145.21563204168,true
video,171145219433916,1000000000,171145.21881712502,true
video,171145236100458,1000000000,171145.23642641667,true
audio,171145189967500,1000000000,171145.2367652917,true
video,171145252767083,1000000000,171145.25300287502,true
audio,171145209967541,1000000000,171145.25820866667,true
video,171145269433666,1000000000,171145.26969191668,true
audio,171145229967541,1000000000,171145.27951770835,true
video,171145286100250,1000000000,171145.28641641667,true
audio,171145249967500,1000000000,171145.30094379166,true
audio,171145269967541,1000000000,171145.30100233335,true
video,171145311100166,1000000000,171145.3064240417,true
audio,171145289967541,1000000000,171145.32218345834,true
video,171145327766750,1000000000,171145.32446645835,true
video,171145344433333,1000000000,171145.34135729168,true
audio,171145309967541,1000000000,171145.34350204168,true
video,171145361099916,1000000000,171145.35885808335,true
audio,171145329967541,1000000000,171145.364880625,true
video,171145377766625,1000000000,171145.37653179167,true
audio,171145349967541,1000000000,171145.38620204167,true
video,171145394433125,1000000000,171145.39379729168,true
audio,171145369967541,1000000000,171145.40751166668,true
video,171145411099708,1000000000,171145.41086958334,true
video,171145427766416,1000000000,171145.42755608333,true
audio,171145389967541,1000000000,171145.42886175,true
video,171145444432916,1000000000,171145.44475470835,true
audio,171145409967541,1000000000,171145.45026358333,true
video,171145469432916,1000000000,171145.46496820834,true
audio,171145429967541,1000000000,171145.47150620836,true
video,171145486099416,1000000000,171145.4827975,true
audio,171145449967541,1000000000,171145.492846375,true
video,171145502766125,1000000000,171145.49985420835,true
audio,171145469967500,1000000000,171145.51424104167,true
video,171145519432583,1000000000,171145.51708337502,true
video,171145536099166,1000000000,171145.534564375,true
audio,171145489967541,1000000000,171145.53547625002,true
video,171145552765875,1000000000,171145.5512989167,true
audio,171145509967541,1000000000,171145.55684083333,true
video,171145569432500,1000000000,171145.56829454168,true
audio,171145529967500,1000000000,171145.57820183336,true
video,171145586098958,1000000000,171145.58613087502,true
audio,171145549967541,1000000000,171145.59953583335,true
video,171145602765583,1000000000,171145.60301341666,true
audio,171145569967541,1000000000,171145.62085654167,true
audio,171145589967541,1000000000,171145.620899,true
video,171145627765458,1000000000,171145.62270162502,true
video,171145644432166,1000000000,171145.63950120835,true
audio,171145609967541,1000000000,171145.64219541667,true
video,171145661098625,1000000000,171145.65638008335,true
audio,171145629967541,1000000000,171145.66347612502,true
video,171145677765333,1000000000,171145.67327866668,true
audio,171145649967541,1000000000,171145.68485308334,true
video,171145694431833,1000000000,171145.69101850002,true
audio,171145669967541,1000000000,171145.70618225,true
video,171145711098416,1000000000,171145.70745191668,true
video,171145727765125,1000000000,171145.7250314167,true
audio,171145689967500,1000000000,171145.72753637502,true
video,171145744431625,1000000000,171145.74231233334,true
audio,171145709967541,1000000000,171145.74893008335,true
video,171145761098208,1000000000,171145.75948358333,true
audio,171145729967541,1000000000,171145.77018545836,true
video,171145777764791,1000000000,171145.77663720836,true
audio,171145749967500,1000000000,171145.79153216668,true
video,171145794431333,1000000000,171145.793286125,true
video,171145811098000,1000000000,171145.81094745835,true
audio,171145769967541,1000000000,171145.81286562502,true
video,171145827764541,1000000000,171145.82762391667,true
audio,171145789967541,1000000000,171145.83413604167,true
video,171145844431125,1000000000,171145.84435183334,true
audio,171145809967541,1000000000,171145.85556670834,true
video,171145861097750,1000000000,171145.86139420833,true
audio,171145829967541,1000000000,171145.87690725,true
video,171145877764458,1000000000,171145.878031125,true
audio,171145849967541,1000000000,171145.898178125,true
video,171145902764250,1000000000,171145.89828395835,true
video,171145919430833,1000000000,171145.9160742917,true
audio,171145869967541,1000000000,171145.9195221667,true
video,171145936097416,1000000000,171145.933406625,true
audio,171145889967541,1000000000,171145.94095454167,true
audio,171145909967541,1000000000,171145.941021375,true
video,171145952764000,1000000000,171145.95030775,true
audio,171145929967541,1000000000,171145.96220604167,true
video,171145969430583,1000000000,171145.96722791667,true
audio,171145949967541,1000000000,171145.983501125,true
video,171145986097208,1000000000,171145.9842085417,true
video,171146002763958,1000000000,171146.00162541668,true
audio,171145969967500,1000000000,171146.00481841667,true
video,171146019430541,1000000000,171146.01828170836,true
audio,171145989967541,1000000000,171146.02613704168,true
video,171146036097041,1000000000,171146.03504295833,true
audio,171146009967541,1000000000,171146.04748112502,true
video,171146052763625,1000000000,171146.05272587502,true
audio,171146029967500,1000000000,171146.06884804167,true
video,171146069430208,1000000000,171146.06964858333,true
video,171146094430166,1000000000,171146.08949375,true
audio,171146049967541,1000000000,171146.09017729168,true
video,171146111096666,1000000000,171146.10731304166,true
audio,171146069967541,1000000000,171146.111517,true
video,171146127763375,1000000000,171146.12419679167,true
audio,171146089967541,1000000000,171146.132924125,true
video,171146144430000,1000000000,171146.140989,true
audio,171146109967541,1000000000,171146.154174375,true
video,171146161096458,1000000000,171146.15830420834,true
video,171146177763166,1000000000,171146.17512758335,true
audio,171146129967541,1000000000,171146.17551704167,true
audio,171146149967541,1000000000,171146.18623704166,true
video,171146194429666,1000000000,171146.19236479167,true
audio,171146169967541,1000000000,171146.20755945833,true
video,171146211096208,1000000000,171146.21000804167,true
video,171146227762958,1000000000,171146.227350625,true
audio,171146189967500,1000000000,171146.22882308334,true
video,171146244429416,1000000000,171146.244289625,true
audio,171146209967541,1000000000,171146.25015620835,true
video,171146261096041,1000000000,171146.26127579168,true
audio,171146229967541,1000000000,171146.27153491668,true
video,171146277762625,1000000000,171146.27801683336,true
audio,171146249967500,1000000000,171146.29290004168,true
audio,171146269967541,1000000000,171146.29295183334,true
video,171146294429208,1000000000,171146.29462045836,true
video,171146311095791,1000000000,171146.31134079167,true
audio,171146289967541,1000000000,171146.3141755417,true
video,171146336095666,1000000000,171146.33070258333,true
audio,171146309967541,1000000000,171146.33551820833,true
video,171146352762250,1000000000,171146.34774054168,true
audio,171146329967541,1000000000,171146.356880125,true
video,171146369428833,1000000000,171146.36529862502,true
audio,171146349967541,1000000000,171146.37820845834,true
video,171146386095458,1000000000,171146.38211883334,true
video,171146402762041,1000000000,171146.39914070835,true
audio,171146369967541,1000000000,171146.39948516668,true
video,171146419428625,1000000000,171146.41592254167,true
audio,171146389967541,1000000000,171146.420844375,true
video,171146436095250,1000000000,171146.43301887502,true
audio,171146409967541,1000000000,171146.44219029168,true
video,171146452761833,1000000000,171146.450101125,true
audio,171146429967541,1000000000,171146.4634921667,true
video,171146469428416,1000000000,171146.4672952917,true
video,171146486095166,1000000000,171146.48416891668,true
audio,171146449967541,1000000000,171146.4848315,true
video,171146502761625,1000000000,171146.50122075,true
audio,171146469967500,1000000000,171146.50619145835,true
video,171146519428208,1000000000,171146.5183445417,true
audio,171146489967541,1000000000,171146.52751345834,true
video,171146536094791,1000000000,171146.535401375,true
audio,171146509967541,1000000000,171146.548881125,true
video,171146552761500,1000000000,171146.55236679167,true
video,171146569428000,1000000000,171146.56964779168,true
audio,171146529967500,1000000000,171146.5701905,true
video,171146586094583,1000000000,171146.586417,true
audio,171146549967541,1000000000,171146.59154108335,true
video,171146611094625,1000000000,171146.60603916668,true
audio,171146569967541,1000000000,171146.612801,true
audio,171146589967541,1000000000,171146.6128470417,true
video,171146627761083,1000000000,171146.62279716667,true
audio,171146609967541,1000000000,171146.63419520835,true
video,171146644427666,1000000000,171146.63960733335,true
audio,171146629967541,1000000000,171146.65550933333,true
video,171146661094375,1000000000,171146.6564655417,true
video,171146677761000,1000000000,171146.67328920835,true
audio,171146649967541,1000000000,171146.67690866668,true
video,171146694427458,1000000000,171146.69124733334,true
audio,171146669967541,1000000000,171146.69817466667,true
video,171146711094041,1000000000,171146.70888841667,true
audio,171146689967500,1000000000,171146.71947437502,true
video,171146727760750,1000000000,171146.72552645835,true
audio,171146709967541,1000000000,171146.7408395417,true
video,171146744427250,1000000000,171146.74325808336,true
video,171146761093958,1000000000,171146.76038441667,true
audio,171146729967541,1000000000,171146.76214179167,true
video,171146777760416,1000000000,171146.77726575002,true
audio,171146749967500,1000000000,171146.78350570836,true
video,171146794427000,1000000000,171146.79443979167,true
audio,171146769967541,1000000000,171146.80485387502,true
video,171146811093625,1000000000,171146.81129833334,true
audio,171146789967541,1000000000,171146.826181375,true
video,171146827760208,1000000000,171146.827919,true
audio,171146809967541,1000000000,171146.84761612501,true
video,171146852760208,1000000000,171146.84790245834,true
video,171146869426666,1000000000,171146.86565708334,true
audio,171146829967541,1000000000,171146.8688517917,true
video,171146886093250,1000000000,171146.8823115,true
audio,171146849967541,1000000000,171146.89019795833,true
video,171146902759833,1000000000,171146.8998685,true
audio,171146869967541,1000000000,171146.91156116666,true
video,171146919426416,1000000000,171146.91733483336,true
audio,171146889967541,1000000000,171146.9328611667,true
audio,171146909967541,1000000000,171146.932914875,true
video,171146936093041,1000000000,171146.93467445835,true
video,171146952759625,1000000000,171146.952327125,true
audio,171146929967541,1000000000,171146.9542085,true
video,171146969426208,1000000000,171146.96950375,true
audio,171146949967541,1000000000,171146.97556325002,true
video,171146986092833,1000000000,171146.98641104167,true
audio,171146969967500,1000000000,171146.99690666667,true
video,171147011092708,1000000000,171147.0058644167,true
audio,171146989967541,1000000000,171147.01822675002,true
video,171147027759291,1000000000,171147.02445454168,true
audio,171147009967541,1000000000,171147.03953633335,true
video,171147044425875,1000000000,171147.04169670833,true
video,171147061092500,1000000000,171147.05851587502,true
audio,171147029967500,1000000000,171147.06083287502,true
video,171147077759208,1000000000,171147.07530729167,true
audio,171147049967541,1000000000,171147.08216366667,true
video,171147094425666,1000000000,171147.09249425,true
audio,171147069967541,1000000000,171147.103553375,true
video,171147111092291,1000000000,171147.10916058335,true
audio,171147089967541,1000000000,171147.12490170833,true
video,171147127758875,1000000000,171147.12632783334,true
video,171147144425458,1000000000,171147.14341920835,true
audio,171147109967541,1000000000,171147.14622779167,true
video,171147161092041,1000000000,171147.16039200002,true
audio,171147129967541,1000000000,171147.16753858334,true
video,171147177758791,1000000000,171147.17732916668,true
audio,171147149967541,1000000000,171147.18893204167,true
video,171147194425250,1000000000,171147.1945445,true
audio,171147169967541,1000000000,171147.210189625,true
video,171147211091833,1000000000,171147.21129929167,true
video,171147236091750,1000000000,171147.23095737502,true
audio,171147189967500,1000000000,171147.23153595833,true
video,171147252758458,1000000000,171147.24773708335,true
audio,171147209967541,1000000000,171147.25291479166,true
video,171147269424916,1000000000,171147.2646784167,true
audio,171147229967541,1000000000,171147.27420954168,true
video,171147286091625,1000000000,171147.28207500002,true
audio,171147249967500,1000000000,171147.2955425417,true
audio,171147269967541,1000000000,171147.295595125,true
video,171147302758208,1000000000,171147.2985715,true
video,171147319424833,1000000000,171147.31600816667,true
audio,171147289967541,1000000000,171147.316842125,true
video,171147336091291,1000000000,171147.33310741666,true
audio,171147309967541,1000000000,171147.3381595417,true
video,171147352758000,1000000000,171147.35013095834,true
audio,171147329967541,1000000000,171147.35951891667,true
video,171147369424500,1000000000,171147.36682479168,true
audio,171147349967541,1000000000,171147.38094408336,true
video,171147386091083,1000000000,171147.38344254167,true
video,171147402757625,1000000000,171147.40124229167,true
audio,171147369967541,1000000000,171147.40224166668,true
video,171147419424208,1000000000,171147.41817295834,true
audio,171147389967541,1000000000,171147.42354425002,true
video,171147436090833,1000000000,171147.43480383334,true
audio,171147409967541,1000000000,171147.444866,true
video,171147452757416,1000000000,171147.45200533335,true
audio,171147429967541,1000000000,171147.46625104168,true
video,171147469424000,1000000000,171147.46955920834,true
video,171147486090625,1000000000,171147.48632279166,true
audio,171147449967541,1000000000,171147.48751395833,true
video,171147502757208,1000000000,171147.503047,true
audio,171147469967500,1000000000,171147.508879125,true
video,171147519423916,1000000000,171147.51963145833,true
audio,171147489967541,1000000000,171147.53019525,true
video,171147544423666,1000000000,171147.53927516667,true
audio,171147509967541,1000000000,171147.5515476667,true
video,171147561090291,1000000000,171147.55618308333,true
video,171147577756875,1000000000,171147.57287470833,true
audio,171147529967500,1000000000,171147.57294966668,true
video,171147594423458,1000000000,171147.59072883334,true
audio,171147549967541,1000000000,171147.59421633335,true
video,171147611090083,1000000000,171147.607570625,true
audio,171147569967541,1000000000,171147.615533,true
audio,171147589967541,1000000000,171147.61559591666,true
video,171147627756666,1000000000,171147.6248259167,true
audio,171147609967541,1000000000,171147.63686170834,true
video,171147644423375,1000000000,171147.64157987502,true
audio,171147629967541,1000000000,171147.6582045,true
video,171147661089875,1000000000,171147.6583307917,true
video,171147677756583,1000000000,171147.67531012502,true
audio,171147649967541,1000000000,171147.67951404167,true
video,171147694423041,1000000000,171147.69192866667,true
audio,171147669967541,1000000000,171147.70086370833,true
video,171147711089625,1000000000,171147.7094061667,true
audio,171147689967500,1000000000,171147.72220812502,true
video,171147727756333,1000000000,171147.72617175002,true
audio,171147709967541,1000000000,171147.74357387502,true
video,171147744422833,1000000000,171147.74373175,true
video,171147761089416,1000000000,171147.76141591667,true
audio,171147729967541,1000000000,171147.76484116667,true
video,171147786089333,1000000000,171147.781105875,true
audio,171147749967500,1000000000,171147.78623308334,true
video,171147802756041,1000000000,171147.79821366668,true
audio,171147769967541,1000000000,171147.80755066668,true
video,171147819422541,1000000000,171147.815058625,true
audio,171147789967541,1000000000,171147.828793375,true
video,171147836089083,1000000000,171147.83178695836,true
video,171147852755833,1000000000,171147.84888133334,true
audio,171147809967541,1000000000,171147.85016570834,true
video,171147869422291,1000000000,171147.86583833335,true
audio,171147829967541,1000000000,171147.87154004167,true
video,171147886088875,1000000000,171147.88253604167,true
audio,171147849967541,1000000000,171147.89285345835,true
video,171147902755583,1000000000,171147.90019029166,true
audio,171147869967541,1000000000,171147.91415595834,true
video,171147919422083,1000000000,171147.91702183333,true
video,171147936088666,1000000000,171147.93424254167,true
audio,171147889967541,1000000000,171147.9355060417,true
audio,171147909967541,1000000000,171147.93553570836,true
video,171147952755250,1000000000,171147.9516396667,true
audio,171147929967541,1000000000,171147.95686916666,true
video,171147969421791,1000000000,171147.96933066667,true
audio,171147949967541,1000000000,171147.97818708335,true
video,171147986088416,1000000000,171147.98615145835,true
audio,171147969967500,1000000000,171147.99952420834,true
video,171148002755000,1000000000,171148.00294983335,true
audio,171147989967541,1000000000,171148.02086791667,true
video,171148027755000,1000000000,171148.02294575,true
video,171148044421500,1000000000,171148.040993625,true
audio,171148009967541,1000000000,171148.04216058334,true
video,171148061088125,1000000000,171148.057638375,true
audio,171148029967500,1000000000,171148.0635640417,true
video,171148077754708,1000000000,171148.07525970833,true
audio,171148049967541,1000000000,171148.08497108336,true
video,171148094421291,1000000000,171148.092456,true
audio,171148069967541,1000000000,171148.10624970833,true
video,171148111087875,1000000000,171148.109688375,true
video,171148127754458,1000000000,171148.1263816667,true
audio,171148089967541,1000000000,171148.12760370833,true
video,171148144421041,1000000000,171148.14341229168,true
audio,171148109967541,1000000000,171148.1489575,true
video,171148161087791,1000000000,171148.16032154168,true
audio,171148129967541,1000000000,171148.170201625,true
video,171148177754416,1000000000,171148.17745870835,true
audio,171148149967541,1000000000,171148.19154633334,true
video,171148194420875,1000000000,171148.19431570833,true
video,171148211087458,1000000000,171148.21127308335,true
audio,171148169967541,1000000000,171148.21286245834,true
video,171148227754041,1000000000,171148.22798716667,true
audio,171148189967500,1000000000,171148.23419379166,true
video,171148244420666,1000000000,171148.24466879168,true
audio,171148209967541,1000000000,171148.25558695834,true
video,171148269420500,1000000000,171148.26454341668,true
audio,171148229967541,1000000000,171148.276897875,true
video,171148286087125,1000000000,171148.28178454167,true
audio,171148249967500,1000000000,171148.29821470834,true
audio,171148269967541,1000000000,171148.29826858334,true
video,171148302753833,1000000000,171148.2999455417,true
video,171148319420333,1000000000,171148.31709533333,true
audio,171148289967541,1000000000,171148.31952800002,true
video,171148336086916,1000000000,171148.33380491668,true
audio,171148309967541,1000000000,171148.34082908335,true
video,171148352753625,1000000000,171148.35114283333,true
audio,171148329967541,1000000000,171148.36216370834,true
video,171148369420125,1000000000,171148.36795279168,true
audio,171148349967541,1000000000,171148.38359570835,true
video,171148386086666,1000000000,171148.38520208333,true
video,171148402753375,1000000000,171148.40256812502,true
audio,171148369967541,1000000000,171148.4049139167,true
video,171148419419875,1000000000,171148.41924800002,true
audio,171148389967541,1000000000,171148.426202375,true
video,171148436086500,1000000000,171148.43634500002,true
audio,171148409967541,1000000000,171148.44756354167,true
video,171148461086375,1000000000,171148.456524125,true
audio,171148429967541,1000000000,171148.46889275,true
video,171148477753000,1000000000,171148.47376291666,true
audio,171148449967541,1000000000,171148.490373375,true
video,171148494419541,1000000000,171148.49104320834,true
video,171148511086125,1000000000,171148.50805366668,true
audio,171148469967500,1000000000,171148.51155525,true
video,171148527752708,1000000000,171148.52503566668,true
audio,171148489967541,1000000000,171148.53291708336,true
video,171148544419291,1000000000,171148.54189520836,true
audio,171148509967541,1000000000,171148.55422458335,true
video,171148561085916,1000000000,171148.55930695834,true
audio,171148529967500,1000000000,171148.57551116668,true
video,171148577752500,1000000000,171148.57629445835,true
video,171148594419083,1000000000,171148.59362033335,true
audio,171148549967541,1000000000,171148.59689895835,true
video,171148611085708,1000000000,171148.61038,true
audio,171148569967541,1000000000,171148.61818125,true
audio,171148589967541,1000000000,171148.61821054167,true
video,171148627752291,1000000000,171148.62694670833,true
audio,171148609967541,1000000000,171148.63953054167,true
video,171148644419000,1000000000,171148.64392741668,true
audio,171148629967541,1000000000,171148.66089908333,true
video,171148661085458,1000000000,171148.6611629167,true
video,171148677752166,1000000000,171148.67798550002,true
audio,171148649967541,1000000000,171148.682183375,true
video,171148702752083,1000000000,171148.69817141668,true
audio,171148669967541,1000000000,171148.70351033335,true
video,171148719418541,1000000000,171148.71526595834,true
audio,171148689967500,1000000000,171148.72491925,true
video,171148736085166,1000000000,171148.73305954167,true
audio,171148709967541,1000000000,171148.7461984167,true
video,171148752751750,1000000000,171148.74996062502,true
video,171148769418333,1000000000,171148.76683541667,true
audio,171148729967541,1000000000,171148.76745291668,true
video,171148786084958,1000000000,171148.78392675,true
audio,171148749967500,1000000000,171148.78894841668,true
video,171148802751625,1000000000,171148.8012224167,true
audio,171148769967541,1000000000,171148.81018416668,true
video,171148819418125,1000000000,171148.81827016667,true
audio,171148789967541,1000000000,171148.83152979167,true
video,171148836084708,1000000000,171148.83593204166,true
audio,171148809967541,1000000000,171148.85289195835,true
video,171148852751416,1000000000,171148.85302425,true
video,171148877751208,1000000000,171148.87266520836,true
audio,171148829967541,1000000000,171148.87413654168,true
video,171148894417791,1000000000,171148.88965983334,true
audio,171148849967541,1000000000,171148.89546308335,true
video,171148911084416,1000000000,171148.907837125,true
audio,171148869967541,1000000000,171148.91682725,true
video,171148927751083,1000000000,171148.92495291668,true
audio,171148889967541,1000000000,171148.9381899167,true
audio,171148909967541,1000000000,171148.93824854167,true
video,171148944417708,1000000000,171148.94212941668,true
video,171148961084166,1000000000,171148.959559,true
audio,171148929967541,1000000000,171148.959630125,true
video,171148977750875,1000000000,171148.977464125,true
audio,171148949967541,1000000000,171148.98091516667,true
video,171148994417375,1000000000,171148.9945552917,true
audio,171148969967500,1000000000,171149.00226783333,true
video,171149011083958,1000000000,171149.0112025,true
audio,171148989967541,1000000000,171149.02367341667,true
video,171149027750541,1000000000,171149.02810558333,true
audio,171149009967541,1000000000,171149.044919875,true
video,171149052750416,1000000000,171149.047465,true
video,171149069417000,1000000000,171149.06415783335,true
audio,171149029967500,1000000000,171149.06621045835,true
video,171149086083583,1000000000,171149.081199625,true
audio,171149049967541,1000000000,171149.08753787502,true
video,171149102750291,1000000000,171149.09889495836,true
audio,171149069967541,1000000000,171149.10887970834,true
video,171149119416791,1000000000,171149.11591379167,true
audio,171149089967541,1000000000,171149.13022354167,true
video,171149136083375,1000000000,171149.13248983334,true
video,171149152750083,1000000000,171149.14974479168,true
audio,171149109967541,1000000000,171149.15151745835,true
video,171149169416666,1000000000,171149.16719508334,true
audio,171149129967541,1000000000,171149.17290720835,true
video,171149186083166,1000000000,171149.18419545834,true
audio,171149149967541,1000000000,171149.19422775,true
video,171149202749750,1000000000,171149.20158508336,true
audio,171149169967541,1000000000,171149.21562795836,true
video,171149219416333,1000000000,171149.21837183335,true
video,171149236082958,1000000000,171149.235247,true
audio,171149189967500,1000000000,171149.2367997917,true
video,171149252749541,1000000000,171149.25296033334,true
audio,171149209967541,1000000000,171149.2582271667,true
video,171149269416125,1000000000,171149.26968220834,true
audio,171149229967541,1000000000,171149.27958225002,true
video,171149294416166,1000000000,171149.28926733334,true
audio,171149249967500,1000000000,171149.30092716668,true
audio,171149269967541,1000000000,171149.30098125,true
video,171149311082625,1000000000,171149.306125,true
audio,171149289967541,1000000000,171149.32223370834,true
video,171149327749333,1000000000,171149.32380166667,true
video,171149344415791,1000000000,171149.34106925002,true
audio,171149309967541,1000000000,171149.34351370836,true
video,171149361082416,1000000000,171149.35781033334,true
audio,171149329967541,1000000000,171149.36483520834,true
video,171149377749000,1000000000,171149.374890875,true
audio,171149349967541,1000000000,171149.38619966668,true
video,171149394415708,1000000000,171149.39210645834,true
audio,171149369967541,1000000000,171149.40759683333,true
video,171149411082208,1000000000,171149.409759125,true
video,171149427748791,1000000000,171149.42725225,true
audio,171149389967541,1000000000,171149.428804375,true
video,171149444415375,1000000000,171149.444300625,true
audio,171149409967541,1000000000,171149.4501719167,true
video,171149461081958,1000000000,171149.46139370833,true
audio,171149429967541,1000000000,171149.471533125,true
video,171149486081916,1000000000,171149.480760875,true
audio,171149449967541,1000000000,171149.49283058333,true
video,171149502748458,1000000000,171149.49803333334,true
audio,171149469967500,1000000000,171149.51419625,true
video,171149519415041,1000000000,171149.51539320833,true
video,171149536081791,1000000000,171149.53265150002,true
audio,171149489967541,1000000000,171149.53553325002,true
video,171149552748375,1000000000,171149.5499459167,true
audio,171149509967541,1000000000,171149.55693375002,true
video,171149569414833,1000000000,171149.56670304167,true
audio,171149529967500,1000000000,171149.5781995417,true
video,171149586081375,1000000000,171149.58440750002,true
audio,171149549967541,1000000000,171149.59952079167,true
video,171149602748125,1000000000,171149.60099529166,true
video,171149619414583,1000000000,171149.61801675,true
audio,171149569967541,1000000000,171149.62090375,true
audio,171149589967541,1000000000,171149.62097054167,true
video,171149636081208,1000000000,171149.63527425,true
audio,171149609967541,1000000000,171149.642211375,true
video,171149652747875,1000000000,171149.65250679167,true
audio,171149629967541,1000000000,171149.663567,true
video,171149669414375,1000000000,171149.66967429168,true
audio,171149649967541,1000000000,171149.68487795835,true
video,171149694414416,1000000000,171149.689385,true
audio,171149669967541,1000000000,171149.706199,true
video,171149711080833,1000000000,171149.70726795835,true
video,171149727747458,1000000000,171149.724216875,true
audio,171149689967500,1000000000,171149.72750008333,true
video,171149744414041,1000000000,171149.7412260417,true
audio,171149709967541,1000000000,171149.74882716668,true
video,171149761080625,1000000000,171149.75816233334,true
audio,171149729967541,1000000000,171149.77023466668,true
video,171149777747333,1000000000,171149.77489033336,true
audio,171149749967500,1000000000,171149.791532,true
video,171149794413833,1000000000,171149.79165241666,true
video,171149811080541,1000000000,171149.80931829166,true
audio,171149769967541,1000000000,171149.81285829167,true
video,171149827747041,1000000000,171149.826179125,true
audio,171149789967541,1000000000,171149.8341544167,true
video,171149844413625,1000000000,171149.84377620835,true
audio,171149809967541,1000000000,171149.85557683333,true
video,171149861080208,1000000000,171149.86103220834,true
audio,171149829967541,1000000000,171149.87685808336,true
video,171149877746791,1000000000,171149.87795995834,true
video,171149902746791,1000000000,171149.89809616667,true
audio,171149849967541,1000000000,171149.89816270836,true
video,171149919413291,1000000000,171149.9155202917,true
audio,171149869967541,1000000000,171149.91953758334,true
video,171149936080000,1000000000,171149.9329606667,true
audio,171149889967541,1000000000,171149.94085812502,true
audio,171149909967541,1000000000,171149.940906625,true
video,171149952746500,1000000000,171149.95012483335,true
audio,171149929967541,1000000000,171149.96220500002,true
video,171149969413083,1000000000,171149.96718708336,true
audio,171149949967541,1000000000,171149.983515375,true
video,171149986079708,1000000000,171149.98420533334,true
video,171150002746250,1000000000,171150.00122083334,true
audio,171149969967500,1000000000,171150.004855,true
video,171150019412833,1000000000,171150.01784495835,true
audio,171149989967541,1000000000,171150.02615925,true
video,171150036079458,1000000000,171150.03482262502,true
audio,171150009967541,1000000000,171150.04762845836,true
video,171150052746041,1000000000,171150.05248537502,true
audio,171150029967500,1000000000,171150.06886270834,true
video,171150069412750,1000000000,171150.06949700002,true
video,171150086079250,1000000000,171150.086355,true
audio,171150049967541,1000000000,171150.09020554167,true
video,171150111079166,1000000000,171150.10643025002,true
audio,171150069967541,1000000000,171150.11151466667,true
video,171150127745708,1000000000,171150.12372858333,true
audio,171150089967541,1000000000,171150.132829,true
video,171150144412250,1000000000,171150.14056616666,true
audio,171150109967541,1000000000,171150.15415008334,true
video,171150161079000,1000000000,171150.15794604167,true
video,171150177745583,1000000000,171150.17500795834,true
audio,171150129967541,1000000000,171150.17549875,true
audio,171150149967541,1000000000,171150.18612841668,true
video,171150194412166,1000000000,171150.1917482917,true
audio,171150169967541,1000000000,171150.2075104167,true
video,171150211078791,1000000000,171150.20908370835,true
video,171150227745375,1000000000,171150.2261550417,true
audio,171150189967500,1000000000,171150.2288420417,true
video,171150244411875,1000000000,171150.2433245,true
audio,171150209967541,1000000000,171150.25022387502,true
video,171150261078458,1000000000,171150.26025441667,true
audio,171150229967541,1000000000,171150.2715549167,true
video,171150277745166,1000000000,171150.27751829167,true
audio,171150249967500,1000000000,171150.29287183334,true
audio,171150269967541,1000000000,171150.29292641667,true
video,171150294411625,1000000000,171150.29446875,true
video,171150311078208,1000000000,171150.31148741668,true
audio,171150289967541,1000000000,171150.31426020834,true
video,171150336078125,1000000000,171150.33263779167,true
audio,171150309967541,1000000000,171150.33554654167,true
video,171150352744833,1000000000,171150.34929479167,true
audio,171150329967541,1000000000,171150.35691212502,true
video,171150369411333,1000000000,171150.365972625,true
audio,171150349967541,1000000000,171150.37826104168,true
video,171150386077916,1000000000,171150.38281966667,true
audio,171150369967541,1000000000,171150.3996835,true
video,171150402744625,1000000000,171150.40016025002,true
video,171150419411125,1000000000,171150.41727020833,true
audio,171150389967541,1000000000,171150.42084608335,true
video,171150436077666,1000000000,171150.43473125002,true
audio,171150409967541,1000000000,171150.44218975,true
video,171150452744291,1000000000,171150.45162220835,true
audio,171150429967541,1000000000,171150.463518625,true
video,171150469410875,1000000000,171150.4684025,true
audio,171150449967541,1000000000,171150.48493033333,true
video,171150486077500,1000000000,171150.48510104168,true
video,171150502744083,1000000000,171150.50259929168,true
audio,171150469967500,1000000000,171150.50623783335,true
video,171150519410791,1000000000,171150.51941120834,true
audio,171150489967541,1000000000,171150.5275172917,true
video,171150536077291,1000000000,171150.53631133333,true
audio,171150509967541,1000000000,171150.54888737501,true
video,171150552743875,1000000000,171150.55304433336,true
audio,171150529967500,1000000000,171150.57017945833,true
video,171150577743750,1000000000,171150.57287525,true
video,171150594410333,1000000000,171150.5907701667,true
audio,171150549967541,1000000000,171150.59150595835,true
video,171150611076958,1000000000,171150.60726604168,true
audio,171150569967541,1000000000,171150.61285379168,true
audio,171150589967541,1000000000,171150.61292441667,true
video,171150627743541,1000000000,171150.62471429168,true
audio,171150609967541,1000000000,171150.63417629167,true
video,171150644410125,1000000000,171150.641894,true
audio,171150629967541,1000000000,171150.65554929167,true
video,171150661076708,1000000000,171150.6592102917,true
video,171150677743291,1000000000,171150.67641845834,true
audio,171150649967541,1000000000,171150.67683691668,true
video,171150694410000,1000000000,171150.69339679167,true
audio,171150669967541,1000000000,171150.69821933334,true
video,171150711076458,1000000000,171150.71027341668,true
audio,171150689967500,1000000000,171150.71954308334,true
video,171150727743166,1000000000,171150.7277755417,true
audio,171150709967541,1000000000,171150.74090679167,true
video,171150744409666,1000000000,171150.7446505,true
audio,171150729967541,1000000000,171150.76221279168,true
video,171150769409666,1000000000,171150.76423466668,true
video,171150786076208,1000000000,171150.78123595833,true
audio,171150749967500,1000000000,171150.78349533334,true
video,171150802742750,1000000000,171150.79896995836,true
audio,171150769967541,1000000000,171150.8048675,true
video,171150819409458,1000000000,171150.81580108334,true
audio,171150789967541,1000000000,171150.82620166667,true
video,171150836075916,1000000000,171150.83306145834,true
audio,171150809967541,1000000000,171150.84755958334,true
video,171150852742625,1000000000,171150.84999720834,true
video,171150869409125,1000000000,171150.867124,true
audio,171150829967541,1000000000,171150.86887370836,true
video,171150886075833,1000000000,171150.88435654168,true
audio,171150849967541,1000000000,171150.890174875,true
video,171150902742458,1000000000,171150.901301,true
audio,171150869967541,1000000000,171150.91148120834,true
video,171150919409041,1000000000,171150.9188267917,true
audio,171150889967541,1000000000,171150.93293633335,true
audio,171150909967541,1000000000,171150.932993375,true
video,171150936075500,1000000000,171150.93639120835,true
audio,171150929967541,1000000000,171150.954152625,true
video,171150961075375,1000000000,171150.956998,true
video,171150977742083,1000000000,171150.97412133333,true
audio,171150949967541,1000000000,171150.97547433333,true
video,171150994408583,1000000000,171150.991298125,true
audio,171150969967500,1000000000,171150.99691295833,true
video,171151011075291,1000000000,171151.00866045835,true
audio,171150989967541,1000000000,171151.01818254168,true
video,171151027741875,1000000000,171151.02529133335,true
audio,171151009967541,1000000000,171151.039591,true
video,171151044408375,1000000000,171151.04305075,true
video,171151061074958,1000000000,171151.06057095833,true
audio,171151029967500,1000000000,171151.06077120834,true
video,171151077741583,1000000000,171151.07722345836,true
audio,171151049967541,1000000000,171151.08215954166,true
video,171151094408250,1000000000,171151.09459304166,true
audio,171151069967541,1000000000,171151.10357200002,true
video,171151111074750,1000000000,171151.111496125,true
audio,171151089967541,1000000000,171151.12483658333,true
video,171151136074750,1000000000,171151.13172420833,true
audio,171151109967541,1000000000,171151.14625729166,true
video,171151152741333,1000000000,171151.14907233336,true
video,171151169407833,1000000000,171151.16730520834,true
audio,171151129967541,1000000000,171151.16749720834,true
video,171151186074416,1000000000,171151.18504833334,true
audio,171151149967541,1000000000,171151.18883333335,true
video,171151202740958,1000000000,171151.20232179167,true
audio,171151169967541,1000000000,171151.21020229167,true
video,171151219407541,1000000000,171151.21922650002,true
audio,171151189967500,1000000000,171151.23157445833,true
video,171151236074166,1000000000,171151.23625041667,true
audio,171151209967541,1000000000,171151.2528720417,true
video,171151252740750,1000000000,171151.25307566667,true
video,171151277740750,1000000000,171151.27250762502,true
audio,171151229967541,1000000000,171151.27418683335,true
video,171151294407250,1000000000,171151.29074650002,true
audio,171151249967500,1000000000,171151.29551858336,true
audio,171151269967541,1000000000,171151.29556220834,true
video,171151311073833,1000000000,171151.30844608333,true
audio,171151289967541,1000000000,171151.31693725,true
video,171151327740458,1000000000,171151.32520020835,true
audio,171151309967541,1000000000,171151.3382480417,true
video,171151344407000,1000000000,171151.34239658335,true
video,171151361073625,1000000000,171151.35916095835,true
audio,171151329967541,1000000000,171151.35952425,true
video,171151377740208,1000000000,171151.37631670834,true
audio,171151349967541,1000000000,171151.38087966669,true
video,171151394406833,1000000000,171151.39330129168,true
audio,171151369967541,1000000000,171151.40226845833,true
video,171151411073416,1000000000,171151.4102915,true
audio,171151389967541,1000000000,171151.423552875,true
video,171151427740000,1000000000,171151.42804245834,true
video,171151444406708,1000000000,171151.44468845834,true
audio,171151409967541,1000000000,171151.44480116668,true
video,171151469406500,1000000000,171151.464215,true
audio,171151429967541,1000000000,171151.46625133333,true
video,171151486073083,1000000000,171151.481103,true
audio,171151449967541,1000000000,171151.48749383335,true
video,171151502739666,1000000000,171151.4978876667,true
audio,171151469967500,1000000000,171151.50883175002,true
video,171151519406250,1000000000,171151.51588333334,true
audio,171151489967541,1000000000,171151.53017316668,true
video,171151536073000,1000000000,171151.5343974167,true
video,171151552739458,1000000000,171151.55149283336,true
audio,171151509967541,1000000000,171151.5515589167,true
video,171151569406166,1000000000,171151.56935187502,true
audio,171151529967500,1000000000,171151.57286862502,true
video,171151586072666,1000000000,171151.58629112502,true
audio,171151549967541,1000000000,171151.59418454167,true
video,171151611072541,1000000000,171151.60615770833,true
audio,171151569967541,1000000000,171151.61549779167,true
audio,171151589967541,1000000000,171151.6155299167,true
video,171151627739125,1000000000,171151.62265095834,true
audio,171151609967541,1000000000,171151.63686866668,true
video,171151644405708,1000000000,171151.6405075,true
video,171151661072333,1000000000,171151.65812579167,true
audio,171151629967541,1000000000,171151.658188625,true
video,171151677738916,1000000000,171151.675036625,true
audio,171151649967541,1000000000,171151.6795515417,true
video,171151694405625,1000000000,171151.69285933336,true
audio,171151669967541,1000000000,171151.70086112502,true
video,171151711072125,1000000000,171151.71048533334,true
audio,171151689967500,1000000000,171151.72220758334,true
video,171151727738833,1000000000,171151.727426875,true
audio,171151709967541,1000000000,171151.74349658334,true
video,171151744405291,1000000000,171151.74468254167,true
video,171151761071833,1000000000,171151.76136754168,true
audio,171151729967541,1000000000,171151.76493520834,true
video,171151777738541,1000000000,171151.778175,true
audio,171151749967500,1000000000,171151.7861977917,true
video,171151802738333,1000000000,171151.79743741668,true
audio,171151769967541,1000000000,171151.80747287502,true
video,171151819404958,1000000000,171151.81505125,true
audio,171151789967541,1000000000,171151.82884995834,true
video,171151836071666,1000000000,171151.83202583334,true
video,171151852738250,1000000000,171151.84965133335,true
audio,171151809967541,1000000000,171151.8501615417,true
video,171151869404750,1000000000,171151.86733925002,true
audio,171151829967541,1000000000,171151.87148895834,true
video,171151886071291,1000000000,171151.88482783333,true
audio,171151849967541,1000000000,171151.89288825,true
video,171151902737916,1000000000,171151.90151016667,true
audio,171151869967541,1000000000,171151.91426758334,true
video,171151919404500,1000000000,171151.91835491668,true
video,171151936071083,1000000000,171151.93532433335,true
audio,171151889967541,1000000000,171151.9354755,true
audio,171151909967541,1000000000,171151.93552283334,true
video,171151952737708,1000000000,171151.952327,true
audio,171151929967541,1000000000,171151.95684708335,true
video,171151969404291,1000000000,171151.96913554167,true
audio,171151949967541,1000000000,171151.9781505417,true
video,171151986070916,1000000000,171151.9863374167,true
audio,171151969967500,1000000000,171151.99951741667,true
video,171152011070791,1000000000,171152.006429125,true
audio,171151989967541,1000000000,171152.02088766667,true
video,171152027737500,1000000000,171152.02313275,true
video,171152044403958,1000000000,171152.04117079166,true
audio,171152009967541,1000000000,171152.04219533334,true
video,171152061070541,1000000000,171152.05796308335,true
audio,171152029967500,1000000000,171152.06353462502,true
video,171152077737166,1000000000,171152.07477341668,true
audio,171152049967541,1000000000,171152.084901375,true
video,171152094403750,1000000000,171152.09222783335,true
audio,171152069967541,1000000000,171152.1062425417,true
video,171152111070500,1000000000,171152.10968825,true
video,171152127736958,1000000000,171152.12724570834,true
audio,171152089967541,1000000000,171152.12754670833,true
video,171152144403541,1000000000,171152.14446083334,true
audio,171152109967541,1000000000,171152.14896025002,true
video,171152161070166,1000000000,171152.161279625,true
audio,171152129967541,1000000000,171152.17019391668,true
video,171152186070000,1000000000,171152.18108345833,true
audio,171152149967541,1000000000,171152.19161383333,true
video,171152202736625,1000000000,171152.19797308336,true
audio,171152169967541,1000000000,171152.21280704168,true
video,171152219403208,1000000000,171152.214904625,true
video,171152236069833,1000000000,171152.2328939167,true
audio,171152189967500,1000000000,171152.23419025002,true
video,171152252736416,1000000000,171152.25014104167,true
audio,171152209967541,1000000000,171152.25549895834,true
video,171152269403000,1000000000,171152.26747820835,true
audio,171152229967541,1000000000,171152.276854,true
video,171152286069583,1000000000,171152.28409970834,true
audio,171152249967500,1000000000,171152.29819304167,true
audio,171152269967541,1000000000,171152.29824329168,true
video,171152302736166,1000000000,171152.3016845417,true
video,171152319402833,1000000000,171152.3190067917,true
audio,171152289967541,1000000000,171152.31945954167,true
video,171152336069333,1000000000,171152.33622829168,true
audio,171152309967541,1000000000,171152.340971375,true
video,171152361069333,1000000000,171152.35666700001,true
audio,171152329967541,1000000000,171152.36217825,true
video,171152377735833,1000000000,171152.37489233335,true
audio,171152349967541,1000000000,171152.38353645834,true
video,171152394402416,1000000000,171152.39230370833,true
audio,171152369967541,1000000000,171152.406070125,true
video,171152411069041,1000000000,171152.41004100002,true
audio,171152389967541,1000000000,171152.42623450002,true
video,171152427735625,1000000000,171152.42728583334,true
video,171152444402208,1000000000,171152.444190625,true
audio,171152409967541,1000000000,171152.4475384167,true
video,171152461068833,1000000000,171152.46138458335,true
audio,171152429967541,1000000000,171152.46885612502,true
video,171152486068791,1000000000,171152.48154479166,true
audio,171152449967541,1000000000,171152.49017954167,true
video,171152502735291,1000000000,171152.49821108335,true
audio,171152469967500,1000000000,171152.51151695833,true
video,171152519401875,1000000000,171152.51517250002,true
video,171152536068500,1000000000,171152.53232758335,true
audio,171152489967541,1000000000,171152.532840875,true
video,171152552735083,1000000000,171152.54952612502,true
audio,171152509967541,1000000000,171152.55422225,true
video,171152569401791,1000000000,171152.56683116668,true
audio,171152529967500,1000000000,171152.57553729168,true
video,171152586068416,1000000000,171152.584291875,true
audio,171152549967541,1000000000,171152.59689412502,true
video,171152602734833,1000000000,171152.60151633335,true
audio,171152569967541,1000000000,171152.61816145835,true
audio,171152589967541,1000000000,171152.6182094167,true
video,171152619401458,1000000000,171152.619327875,true
video,171152636068041,1000000000,171152.6363191667,true
audio,171152609967541,1000000000,171152.63948370834,true
video,171152661067958,1000000000,171152.65577887502,true
audio,171152629967541,1000000000,171152.66085041667,true
video,171152677734500,1000000000,171152.67272970834,true
audio,171152649967541,1000000000,171152.68218016668,true
video,171152694401250,1000000000,171152.69020983335,true
audio,171152669967541,1000000000,171152.7035471667,true
video,171152711067875,1000000000,171152.70703741667,true
video,171152727734333,1000000000,171152.72416108334,true
audio,171152689967500,1000000000,171152.72483708334,true
video,171152744400916,1000000000,171152.7408356667,true
audio,171152709967541,1000000000,171152.74624591667,true
video,171152761067625,1000000000,171152.75773116667,true
audio,171152729967541,1000000000,171152.76753437502,true
video,171152777734208,1000000000,171152.774903,true
audio,171152749967500,1000000000,171152.78887000002,true
video,171152794400708,1000000000,171152.79217083333,true
video,171152811067291,1000000000,171152.8098107917,true
audio,171152769967541,1000000000,171152.81018925,true
video,171152827733875,1000000000,171152.82759258334,true
audio,171152789967541,1000000000,171152.8314975417,true
video,171152844400458,1000000000,171152.84429379168,true
audio,171152809967541,1000000000,171152.85296270833,true
video,171152861067041,1000000000,171152.86120579168,true
audio,171152829967541,1000000000,171152.874258875,true
video,171152877733625,1000000000,171152.87810454168,true
audio,171152849967541,1000000000,171152.8955646667,true
video,171152902733625,1000000000,171152.89746095834,true
video,171152919400125,1000000000,171152.91459262502,true
audio,171152869967541,1000000000,171152.91694008335,true
video,171152936066708,1000000000,171152.93241845834,true
audio,171152889967541,1000000000,171152.93817525002,true
audio,171152909967541,1000000000,171152.93821095835,true
video,171152952733333,1000000000,171152.94945333333,true
audio,171152929967541,1000000000,171152.95949166667,true
video,171152969399916,1000000000,171152.967008625,true
audio,171152949967541,1000000000,171152.980871125,true
video,171152986066500,1000000000,171152.98445575,true
video,171153002733083,1000000000,171153.00143816668,true
audio,171152969967500,1000000000,171153.00216475,true
video,171153019399666,1000000000,171153.01932245833,true
audio,171152989967541,1000000000,171153.02351341667,true
video,171153036066291,1000000000,171153.03606316668,true
audio,171153009967541,1000000000,171153.0448167917,true
video,171153052732875,1000000000,171153.05288883334,true
audio,171153029967500,1000000000,171153.06622554167,true
video,171153077732791,1000000000,171153.07261604167,true
audio,171153049967541,1000000000,171153.0876075,true
video,171153094399375,1000000000,171153.08954404166,true
video,171153111065958,1000000000,171153.10695487502,true
audio,171153069967541,1000000000,171153.108871125,true
video,171153127732541,1000000000,171153.12415216668,true
audio,171153089967541,1000000000,171153.13020091667,true
video,171153144399125,1000000000,171153.14097887502,true
audio,171153109967541,1000000000,171153.15156704167,true
video,171153161065750,1000000000,171153.15764525,true
audio,171153129967541,1000000000,171153.17292283336,true
video,171153177732333,1000000000,171153.17513929168,true
video,171153194399041,1000000000,171153.19246558336,true
audio,171153149967541,1000000000,171153.19415520833,true
video,171153211065541,1000000000,171153.209297625,true
audio,171153169967541,1000000000,171153.21554920834,true
video,171153227732125,1000000000,171153.226448375,true
audio,171153189967500,1000000000,171153.23682141668,true
video,171153244398708,1000000000,171153.244377875,true
audio,171153209967541,1000000000,171153.2581540417,true
video,171153261065291,1000000000,171153.2612460417,true
video,171153277732000,1000000000,171153.27793558335,true
audio,171153229967541,1000000000,171153.27948820835,true
video,171153302731791,1000000000,171153.29772229167,true
audio,171153249967500,1000000000,171153.30084275,true
audio,171153269967541,1000000000,171153.3008901667,true
video,171153319398500,1000000000,171153.31551458334,true
audio,171153289967541,1000000000,171153.32221454167,true
video,171153336065000,1000000000,171153.333120625,true
audio,171153309967541,1000000000,171153.3435935,true
video,171153352731583,1000000000,171153.35006345835,true
audio,171153329967541,1000000000,171153.3648540417,true
video,171153369398166,1000000000,171153.36706954168,true
video,171153386064708,1000000000,171153.384660125,true
audio,171153349967541,1000000000,171153.38616941668,true
video,171153402731416,1000000000,171153.40155666668,true
audio,171153369967541,1000000000,171153.40758220834,true
video,171153419397958,1000000000,171153.41930745833,true
audio,171153389967541,1000000000,171153.428823375,true
video,171153436064625,1000000000,171153.43634191668,true
audio,171153409967541,1000000000,171153.450208625,true
video,171153461064416,1000000000,171153.45570416667,true
audio,171153429967541,1000000000,171153.47153154167,true
video,171153477731000,1000000000,171153.47307095834,true
video,171153494397750,1000000000,171153.49049708334,true
audio,171153449967541,1000000000,171153.49284995833,true
video,171153511064166,1000000000,171153.50754954168,true
audio,171153469967500,1000000000,171153.51417825,true
video,171153527730791,1000000000,171153.5243792917,true
audio,171153489967541,1000000000,171153.53555691667,true
video,171153544397500,1000000000,171153.54109829167,true
audio,171153509967541,1000000000,171153.55689033333,true
video,171153561063958,1000000000,171153.55768495833,true
video,171153577730583,1000000000,171153.57489583336,true
audio,171153529967500,1000000000,171153.57820437502,true
video,171153594397166,1000000000,171153.59198320835,true
audio,171153549967541,1000000000,171153.59949004167,true
video,171153611063750,1000000000,171153.60910629167,true
audio,171153569967541,1000000000,171153.62089929168,true
audio,171153589967541,1000000000,171153.62094808335,true
video,171153627730333,1000000000,171153.62621433334,true
audio,171153609967541,1000000000,171153.64222670835,true
video,171153644396958,1000000000,171153.6430875,true
video,171153661063666,1000000000,171153.66053095835,true
audio,171153629967541,1000000000,171153.66351120835,true
video,171153677730125,1000000000,171153.67769775,true
audio,171153649967541,1000000000,171153.68482825,true
video,171153694396833,1000000000,171153.69461425,true
audio,171153669967541,1000000000,171153.70624404168,true
video,171153719396625,1000000000,171153.71476170834,true
audio,171153689967500,1000000000,171153.72755083334,true
video,171153736063208,1000000000,171153.732377875,true
audio,171153709967541,1000000000,171153.74889420834,true
video,171153752729833,1000000000,171153.75012866667,true
video,171153769396416,1000000000,171153.76700729167,true
audio,171153729967541,1000000000,171153.77024170835,true
video,171153786063000,1000000000,171153.78440695835,true
audio,171153749967500,1000000000,171153.79152045836,true
video,171153802729583,1000000000,171153.80112462502,true
audio,171153769967541,1000000000,171153.81287758335,true
video,171153819396291,1000000000,171153.81787433336,true
audio,171153789967541,1000000000,171153.8341915,true
video,171153836062916,1000000000,171153.83460241667,true
video,171153852729375,1000000000,171153.85144745835,true
audio,171153809967541,1000000000,171153.855556125,true
video,171153869396083,1000000000,171153.86861533334,true
audio,171153829967541,1000000000,171153.87685058336,true
video,171153886062583,1000000000,171153.886368125,true
audio,171153849967541,1000000000,171153.89824170835,true
video,171153911062458,1000000000,171153.90580733336,true
audio,171153869967541,1000000000,171153.91948537502,true
video,171153927729000,1000000000,171153.924023375,true
audio,171153889967541,1000000000,171153.940814875,true
audio,171153909967541,1000000000,171153.94086616667,true
video,171153944395625,1000000000,171153.94104241667,true
video,171153961062208,1000000000,171153.95837320836,true
audio,171153929967541,1000000000,171153.96221933333,true
video,171153977728791,1000000000,171153.97531100002,true
audio,171153949967541,1000000000,171153.98349641668,true
video,171153994395500,1000000000,171153.99209579168,true
audio,171153969967500,1000000000,171154.004935125,true
video,171154011062000,1000000000,171154.00932108334,true
video,171154027728708,1000000000,171154.026087625,true
audio,171153989967541,1000000000,171154.02614608334,true
video,171154044395208,1000000000,171154.04307641668,true
audio,171154009967541,1000000000,171154.0475491667,true
video,171154061061750,1000000000,171154.060630875,true
audio,171154029967500,1000000000,171154.068822375,true
video,171154077728375,1000000000,171154.07799470835,true
audio,171154049967541,1000000000,171154.09036766668,true
video,171154094395083,1000000000,171154.09467766667,true
audio,171154069967541,1000000000,171154.11152645835,true
video,171154119394875,1000000000,171154.11549858336,true
audio,171154089967541,1000000000,171154.13300212502,true
video,171154136061458,1000000000,171154.1332415,true
video,171154152728083,1000000000,171154.15006320833,true
audio,171154109967541,1000000000,171154.15421495834,true
video,171154169394666,1000000000,171154.16720262502,true
audio,171154129967541,1000000000,171154.17554829168,true
video,171154186061250,1000000000,171154.18448825,true
audio,171154149967541,1000000000,171154.186139875,true
video,171154202727958,1000000000,171154.2022015417,true
audio,171154169967541,1000000000,171154.2076101667,true
video,171154219394458,1000000000,171154.21964908333,true
audio,171154189967500,1000000000,171154.228851625,true
video,171154236061000,1000000000,171154.23638208336,true
audio,171154209967541,1000000000,171154.2502655417,true
video,171154252727625,1000000000,171154.25329358334,true
audio,171154229967541,1000000000,171154.27158391668,true
video,171154277727625,1000000000,171154.27260058335,true
video,171154294394125,1000000000,171154.29066600002,true
audio,171154249967500,1000000000,171154.29286516667,true
audio,171154269967541,1000000000,171154.29290033336,true
video,171154311060708,1000000000,171154.30727833335,true
audio,171154289967541,1000000000,171154.31422300002,true
video,171154327727333,1000000000,171154.32421729167,true
audio,171154309967541,1000000000,171154.3355835417,true
video,171154344393875,1000000000,171154.34127141666,true
audio,171154329967541,1000000000,171154.35697687502,true
video,171154361060458,1000000000,171154.3587460417,true
video,171154377727083,1000000000,171154.37645908335,true
audio,171154349967541,1000000000,171154.37817770833,true
video,171154394393666,1000000000,171154.3934550417,true
audio,171154369967541,1000000000,171154.39952170834,true
video,171154411060291,1000000000,171154.410267125,true
audio,171154389967541,1000000000,171154.42087616667,true
video,171154427726875,1000000000,171154.427369125,true
audio,171154409967541,1000000000,171154.442204875,true
video,171154444393500,1000000000,171154.4444767917,true
video,171154461060041,1000000000,171154.461287125,true
audio,171154429967541,1000000000,171154.46354995834,true
video,171154477726708,1000000000,171154.47803970834,true
audio,171154449967541,1000000000,171154.48482808334,true
video,171154502726625,1000000000,171154.49839566668,true
audio,171154469967500,1000000000,171154.50617375,true
video,171154519393208,1000000000,171154.51643454167,true
audio,171154489967541,1000000000,171154.52757604167,true
video,171154536059708,1000000000,171154.53332904167,true
audio,171154509967541,1000000000,171154.54886875002,true
video,171154552726291,1000000000,171154.55004895834,true
video,171154569393000,1000000000,171154.567174875,true
audio,171154529967500,1000000000,171154.57013366668,true
video,171154586059500,1000000000,171154.58422908335,true
audio,171154549967541,1000000000,171154.59161075,true
video,171154602726083,1000000000,171154.60111895835,true
audio,171154569967541,1000000000,171154.61283258334,true
audio,171154589967541,1000000000,171154.61288287502,true
video,171154619392750,1000000000,171154.617987,true
audio,171154609967541,1000000000,171154.63422275,true
video,171154636059250,1000000000,171154.63514258334,true
video,171154652725958,1000000000,171154.65295516668,true
audio,171154629967541,1000000000,171154.65549600002,true
video,171154669392458,1000000000,171154.66958808334,true
audio,171154649967541,1000000000,171154.67693983336,true
video,171154694392458,1000000000,171154.68965279168,true
audio,171154669967541,1000000000,171154.69817362502,true
video,171154711058958,1000000000,171154.70744654167,true
audio,171154689967500,1000000000,171154.71955379169,true
video,171154727725541,1000000000,171154.72519525,true
audio,171154709967541,1000000000,171154.740905,true
video,171154744392250,1000000000,171154.74247133333,true
video,171154761058708,1000000000,171154.75929429167,true
audio,171154729967541,1000000000,171154.76221387502,true
video,171154777725416,1000000000,171154.776433625,true
audio,171154749967500,1000000000,171154.78354820833,true
video,171154794391916,1000000000,171154.79359066667,true
audio,171154769967541,1000000000,171154.80487595833,true
video,171154811058541,1000000000,171154.81030150002,true
audio,171154789967541,1000000000,171154.82619170836,true
video,171154827725125,1000000000,171154.82750116667,true
video,171154844391708,1000000000,171154.84437195834,true
audio,171154809967541,1000000000,171154.84753379168,true
video,171154861058291,1000000000,171154.86123433334,true
audio,171154829967541,1000000000,171154.86888279166,true
video,171154886058291,1000000000,171154.8809515,true
audio,171154849967541,1000000000,171154.89016825,true
video,171154902724875,1000000000,171154.89877216666,true
audio,171154869967541,1000000000,171154.91152554168,true
video,171154919391375,1000000000,171154.91628133334,true
video,171154936057958,1000000000,171154.93303633336,true
audio,171154889967541,1000000000,171154.93309320835,true
audio,171154909967541,1000000000,171154.93310575,true
video,171154952724708,1000000000,171154.949813,true
audio,171154929967541,1000000000,171154.95417141667,true
video,171154969391166,1000000000,171154.96679204167,true
audio,171154949967541,1000000000,171154.9755510417,true
video,171154986057750,1000000000,171154.98436250002,true
audio,171154969967500,1000000000,171154.99687616667,true
video,171155002724333,1000000000,171155.0009265,true
video,171155019390875,1000000000,171155.01773891668,true
audio,171154989967541,1000000000,171155.01818095834,true
video,171155036057500,1000000000,171155.03453204167,true
audio,171155009967541,1000000000,171155.03950758334,true
video,171155052724083,1000000000,171155.05127625001,true
audio,171155029967500,1000000000,171155.06084312501,true
video,171155069390791,1000000000,171155.06904391668,true
audio,171155049967541,1000000000,171155.08228841668,true
video,171155086057291,1000000000,171155.08597891667,true
video,171155102723875,1000000000,171155.10281575,true
audio,171155069967541,1000000000,171155.10347683335,true
video,171155119390625,1000000000,171155.11957916667,true
audio,171155089967541,1000000000,171155.12491208335,true
video,171155136057083,1000000000,171155.13643495835,true
audio,171155109967541,1000000000,171155.146237375,true
video,171155161056958,1000000000,171155.15616108335,true
audio,171155129967541,1000000000,171155.16747091667,true
video,171155177723541,1000000000,171155.17420004169,true
audio,171155149967541,1000000000,171155.18885366668,true
video,171155194390250,1000000000,171155.19186716666,true
video,171155211056750,1000000000,171155.209700125,true
audio,171155169967541,1000000000,171155.21025587502,true
video,171155227723333,1000000000,171155.2275121667,true
audio,171155189967500,1000000000,171155.23154550002,true
video,171155244390041,1000000000,171155.24438708334,true
audio,171155209967541,1000000000,171155.252913375,true
video,171155261056541,1000000000,171155.26151904167,true
audio,171155229967541,1000000000,171155.27425183335,true
video,171155286056416,1000000000,171155.28083791668,true
audio,171155249967500,1000000000,171155.29554983333,true
audio,171155269967541,1000000000,171155.29559662502,true
video,171155302723000,1000000000,171155.29745875002,true
video,171155319389750,1000000000,171155.31543862502,true
audio,171155289967541,1000000000,171155.3168202917,true
video,171155336056250,1000000000,171155.33292862502,true
audio,171155309967541,1000000000,171155.33820312502,true
video,171155352722791,1000000000,171155.350014375,true
audio,171155329967541,1000000000,171155.35957125,true
video,171155369389500,1000000000,171155.36670291668,true
audio,171155349967541,1000000000,171155.38088745833,true
video,171155386056000,1000000000,171155.38449420835,true
video,171155402722583,1000000000,171155.40124070834,true
audio,171155369967541,1000000000,171155.40219400002,true
video,171155419389166,1000000000,171155.41880775001,true
audio,171155389967541,1000000000,171155.42357508335,true
video,171155436055875,1000000000,171155.43588858334,true
audio,171155409967541,1000000000,171155.44488183333,true
video,171155452722416,1000000000,171155.45299091667,true
audio,171155429967541,1000000000,171155.46624991667,true
video,171155469388958,1000000000,171155.46956875,true
video,171155486055541,1000000000,171155.4862341667,true
audio,171155449967541,1000000000,171155.487487,true
video,171155511055458,1000000000,171155.505805875,true
audio,171155469967500,1000000000,171155.508880125,true
video,171155527722041,1000000000,171155.522635125,true
audio,171155489967541,1000000000,171155.5302225,true
video,171155544388583,1000000000,171155.54007808334,true
audio,171155509967541,1000000000,171155.551543,true
video,171155561055166,1000000000,171155.557834625,true
audio,171155529967500,1000000000,171155.572884875,true
video,171155577721916,1000000000,171155.57453008334,true
video,171155594388375,1000000000,171155.59213154166,true
audio,171155549967541,1000000000,171155.59422491668,true
video,171155611055083,1000000000,171155.60964525002,true
audio,171155569967541,1000000000,171155.61565445835,true
audio,171155589967541,1000000000,171155.6157475,true
video,171155627721583,1000000000,171155.62728166668,true
audio,171155609967541,1000000000,171155.63689258334,true
video,171155644388166,1000000000,171155.6443567917,true
audio,171155629967541,1000000000,171155.6581929167,true
video,171155661054750,1000000000,171155.66143016669,true
audio,171155649967541,1000000000,171155.67957325,true
video,171155686054625,1000000000,171155.68096366667,true
video,171155702721250,1000000000,171155.69814358334,true
audio,171155669967541,1000000000,171155.70083170835,true
video,171155719387833,1000000000,171155.71590187502,true
audio,171155689967500,1000000000,171155.72219262502,true
video,171155736054416,1000000000,171155.73411395834,true
audio,171155709967541,1000000000,171155.74361229167,true
video,171155752721041,1000000000,171155.7513085417,true
audio,171155729967541,1000000000,171155.76487816666,true
video,171155769387625,1000000000,171155.76817708334,true
video,171155786054333,1000000000,171155.785194625,true
audio,171155749967500,1000000000,171155.78619020834,true
video,171155802720791,1000000000,171155.80233708335,true
audio,171155769967541,1000000000,171155.80757195834,true
video,171155819387500,1000000000,171155.81926462502,true
audio,171155789967541,1000000000,171155.82886695836,true
video,171155836054125,1000000000,171155.83610462502,true
audio,171155809967541,1000000000,171155.85024783335,true
video,171155852720583,1000000000,171155.852885,true
video,171155869387208,1000000000,171155.86986254167,true
audio,171155829967541,1000000000,171155.87154670834,true
video,171155886053791,1000000000,171155.88629745835,true
audio,171155849967541,1000000000,171155.89287033334,true
video,171155902720375,1000000000,171155.903064,true
audio,171155869967541,1000000000,171155.91416695833,true
video,171155927720375,1000000000,171155.92394991667,true
audio,171155889967541,1000000000,171155.9355869167,true
audio,171155909967541,1000000000,171155.935632125,true
video,171155944386958,1000000000,171155.941277375,true
audio,171155929967541,1000000000,171155.956901125,true
video,171155961053458,1000000000,171155.95826016666,true
video,171155977720041,1000000000,171155.97518716668,true
audio,171155949967541,1000000000,171155.97823291668,true
video,171155994386750,1000000000,171155.992212,true
audio,171155969967500,1000000000,171155.99954716666,true
video,171156011053250,1000000000,171156.00925575002,true
audio,171155989967541,1000000000,171156.02088275002,true
video,171156027719958,1000000000,171156.02692020836,true
audio,171156009967541,1000000000,171156.04221958335,true
video,171156044386416,1000000000,171156.04424370834,true
video,171156061053000,1000000000,171156.061201375,true
audio,171156029967500,1000000000,171156.0635445,true
video,171156077719583,1000000000,171156.07765170836,true
audio,171156049967541,1000000000,171156.084822625,true
video,171156094386291,1000000000,171156.09447462502,true
audio,171156069967541,1000000000,171156.106249,true
video,171156111052750,1000000000,171156.11145541669,true
audio,171156089967541,1000000000,171156.1275955,true
video,171156136052666,1000000000,171156.13122162502,true
video,171156152719250,1000000000,171156.148056875,true
audio,171156109967541,1000000000,171156.14881745834,true
video,171156169385958,1000000000,171156.1659066667,true
audio,171156129967541,1000000000,171156.170156125,true
video,171156186052416,1000000000,171156.1830295417,true
audio,171156149967541,1000000000,171156.19160245833,true
video,171156202719041,1000000000,171156.200042,true
audio,171156169967541,1000000000,171156.21291608334,true
video,171156219385625,1000000000,171156.21734283335,true
audio,171156189967500,1000000000,171156.234287625,true
video,171156236052208,1000000000,171156.234397875,true
video,171156252718875,1000000000,171156.25146650002,true
audio,171156209967541,1000000000,171156.25548179168,true
video,171156269385416,1000000000,171156.268323125,true
audio,171156229967541,1000000000,171156.2768907917,true
video,171156286052000,1000000000,171156.285339375,true
audio,171156249967500,1000000000,171156.29828033334,true
audio,171156269967541,1000000000,171156.29833395834,true
video,171156302718583,1000000000,171156.30225754168,true
audio,171156289967541,1000000000,171156.31954541669,true
video,171156319385208,1000000000,171156.31970475,true
video,171156336051791,1000000000,171156.33635716667,true
audio,171156309967541,1000000000,171156.340880125,true
video,171156352718375,1000000000,171156.35294466667,true
audio,171156329967541,1000000000,171156.36217537502,true
video,171156369385083,1000000000,171156.36966058335,true
audio,171156349967541,1000000000,171156.38365741668,true
video,171156394384875,1000000000,171156.389467625,true
audio,171156369967541,1000000000,171156.40491112502,true
video,171156411051458,1000000000,171156.406197125,true
video,171156427718041,1000000000,171156.42305095834,true
audio,171156389967541,1000000000,171156.42618520834,true
video,171156444384666,1000000000,171156.44082641669,true
audio,171156409967541,1000000000,171156.44754333334,true
video,171156461051250,1000000000,171156.458319125,true
audio,171156429967541,1000000000,171156.46889904168,true
video,171156477717833,1000000000,171156.47612220835,true
audio,171156449967541,1000000000,171156.490208375,true
video,171156494384541,1000000000,171156.493160125,true
video,171156511051166,1000000000,171156.51042308335,true
audio,171156469967500,1000000000,171156.511501,true
video,171156527717625,1000000000,171156.52721354167,true
audio,171156489967541,1000000000,171156.53288175,true
video,171156544384333,1000000000,171156.5442795,true
audio,171156509967541,1000000000,171156.55433933335,true
video,171156561050791,1000000000,171156.5612404167,true
audio,171156529967500,1000000000,171156.57559750002,true
video,171156586050708,1000000000,171156.58112041667,true
audio,171156549967541,1000000000,171156.596907125,true
video,171156602717291,1000000000,171156.5990376667,true
video,171156619383875,1000000000,171156.61669866668,true
audio,171156569967541,1000000000,171156.61819845834,true
audio,171156589967541,1000000000,171156.6182327917,true
video,171156636050458,1000000000,171156.63405408335,true
audio,171156609967541,1000000000,171156.63956291668,true
video,171156652717041,1000000000,171156.65104725002,true
audio,171156629967541,1000000000,171156.66088295836,true
video,171156669383750,1000000000,171156.66793195833,true
audio,171156649967541,1000000000,171156.68219270834,true
video,171156686050208,1000000000,171156.68568329167,true
video,171156702716833,1000000000,171156.70298158334,true
audio,171156669967541,1000000000,171156.70346554168,true
video,171156719383416,1000000000,171156.719701625,true
audio,171156689967500,1000000000,171156.72494945835,true
video,171156744383416,1000000000,171156.73964437502,true
audio,171156709967541,1000000000,171156.7461872917,true
video,171156761049916,1000000000,171156.75729345833,true
audio,171156729967541,1000000000,171156.76755745834,true
video,171156777716500,1000000000,171156.77429258334,true
audio,171156749967500,1000000000,171156.78888879166,true
video,171156794383208,1000000000,171156.79092641667,true
video,171156811049708,1000000000,171156.80855033334,true
audio,171156769967541,1000000000,171156.81020604167,true
video,171156827716291,1000000000,171156.82526595835,true
audio,171156789967541,1000000000,171156.8315875,true
video,171156844382875,1000000000,171156.8422416667,true
audio,171156809967541,1000000000,171156.85286791666,true
video,171156861049458,1000000000,171156.85925116666,true
audio,171156829967541,1000000000,171156.8742062917,true
video,171156877716083,1000000000,171156.87652045835,true
video,171156894382791,1000000000,171156.89414708334,true
audio,171156849967541,1000000000,171156.89549620834,true
video,171156911049375,1000000000,171156.91138554167,true
audio,171156869967541,1000000000,171156.91685620835,true
video,171156936049125,1000000000,171156.93108808334,true
audio,171156889967541,1000000000,171156.938134375,true
audio,171156909967541,1000000000,171156.93816795835,true
video,171156952715750,1000000000,171156.94808108333,true
audio,171156929967541,1000000000,171156.95950575,true
video,171156969382458,1000000000,171156.96578029168,true
audio,171156949967541,1000000000,171156.98098316666,true
video,171156986048916,1000000000,171156.98307645833,true
video,171157002715541,1000000000,171157.000211125,true
audio,171156969967500,1000000000,171157.00215845834,true
video,171157019382250,1000000000,171157.016944125,true
audio,171156989967541,1000000000,171157.0234659167,true
video,171157036048833,1000000000,171157.03458229167,true
audio,171157009967541,1000000000,171157.04489675,true
video,171157052715333,1000000000,171157.05162041666,true
audio,171157029967500,1000000000,171157.06628858333,true
video,171157069381916,1000000000,171157.06852366668,true
video,171157086048500,1000000000,171157.08536804168,true
audio,171157049967541,1000000000,171157.08748195836,true
video,171157102715083,1000000000,171157.10235495833,true
audio,171157069967541,1000000000,171157.10893833335,true
video,171157119381791,1000000000,171157.11975708333,true
audio,171157089967541,1000000000,171157.130221375,true
video,171157144381583,1000000000,171157.13894183334,true
audio,171157109967541,1000000000,171157.1515736667,true
video,171157161048166,1000000000,171157.1564506667,true
audio,171157129967541,1000000000,171157.17291145836,true
video,171157177714750,1000000000,171157.1736,true
video,171157194381333,1000000000,171157.19131908333,true
audio,171157149967541,1000000000,171157.19419891667,true
video,171157211047916,1000000000,171157.20901579168,true
audio,171157169967541,1000000000,171157.215537375,true
video,171157227714500,1000000000,171157.22617775,true
audio,171157189967500,1000000000,171157.23691683335,true
video,171157244381208,1000000000,171157.24304725,true
audio,171157209967541,1000000000,171157.25820079166,true
video,171157261047708,1000000000,171157.25973470835,true
video,171157277714291,1000000000,171157.27655283335,true
audio,171157229967541,1000000000,171157.2794821667,true
video,171157294381041,1000000000,171157.293210625,true
audio,171157249967500,1000000000,171157.30093870833,true
audio,171157269967541,1000000000,171157.30097470834,true
video,171157311047500,1000000000,171157.31030483334,true
audio,171157289967541,1000000000,171157.32221945835,true
video,171157327714166,1000000000,171157.327219875,true
audio,171157309967541,1000000000,171157.34356879166,true
video,171157344380666,1000000000,171157.34429004168,true
video,171157361047250,1000000000,171157.361236375,true
audio,171157329967541,1000000000,171157.3648502917,true
video,171157377713875,1000000000,171157.37803091668,true
audio,171157349967541,1000000000,171157.38623966667,true
video,171157402713750,1000000000,171157.39772858334,true
audio,171157369967541,1000000000,171157.407547125,true
video,171157419380458,1000000000,171157.4150880417,true
audio,171157389967541,1000000000,171157.42886120835,true
video,171157436046958,1000000000,171157.432290125,true
video,171157452713666,1000000000,171157.44976495835,true
audio,171157409967541,1000000000,171157.45009020835,true
video,171157469380125,1000000000,171157.46688608333,true
audio,171157429967541,1000000000,171157.471601125,true
video,171157486046708,1000000000,171157.48437133335,true
audio,171157449967541,1000000000,171157.49287591668,true
video,171157502713333,1000000000,171157.50113966668,true
audio,171157469967500,1000000000,171157.51416179168,true
video,171157519380041,1000000000,171157.51825054167,true
video,171157536046500,1000000000,171157.535038625,true
audio,171157489967541,1000000000,171157.53550358335,true
video,171157552713125,1000000000,171157.5524452917,true
audio,171157509967541,1000000000,171157.556913375,true
video,171157569379708,1000000000,171157.56949929168,true
audio,171157529967500,1000000000,171157.57822529168,true
video,171157594379583,1000000000,171157.58940225,true
audio,171157549967541,1000000000,171157.59956270835,true
video,171157611046166,1000000000,171157.6069076667,true
audio,171157569967541,1000000000,171157.62086079168,true
audio,171157589967541,1000000000,171157.62091020835,true
video,171157627712916,1000000000,171157.62600766667,true
audio,171157609967541,1000000000,171157.64219166667,true
video,171157644379375,1000000000,171157.64319933334,true
video,171157661045958,1000000000,171157.6602001667,true
audio,171157629967541,1000000000,171157.66355525,true
video,171157677712708,1000000000,171157.677402125,true
audio,171157649967541,1000000000,171157.68489095834,true
video,171157694379291,1000000000,171157.694255375,true
audio,171157669967541,1000000000,171157.706322,true
video,171157711045708,1000000000,171157.7110694167,true
audio,171157689967500,1000000000,171157.72757041667,true
video,171157727712291,1000000000,171157.72794500002,true
video,171157752712208,1000000000,171157.74796270835,true
audio,171157709967541,1000000000,171157.74881454167,true
video,171157769378791,1000000000,171157.764831375,true
audio,171157729967541,1000000000,171157.77022979167,true
video,171157786045375,1000000000,171157.78280100002,true
audio,171157749967500,1000000000,171157.79151,true
video,171157802712000,1000000000,171157.80020683334,true
audio,171157769967541,1000000000,171157.81291308335,true
video,171157819378583,1000000000,171157.81692516667,true
video,171157836045291,1000000000,171157.83373633336,true
audio,171157789967541,1000000000,171157.83409308334,true
video,171157852711750,1000000000,171157.85120008336,true
audio,171157809967541,1000000000,171157.85551908336,true
video,171157869378458,1000000000,171157.8685532917,true
audio,171157829967541,1000000000,171157.87690170834,true
video,171157886044958,1000000000,171157.88626979166,true
audio,171157849967541,1000000000,171157.89822958334,true
video,171157902711541,1000000000,171157.90296070834,true
audio,171157869967541,1000000000,171157.91962041668,true
video,171157927711458,1000000000,171157.92276475002,true
video,171157944378041,1000000000,171157.9397605,true
audio,171157889967541,1000000000,171157.94099654167,true
audio,171157909967541,1000000000,171157.94114879167,true
video,171157961044625,1000000000,171157.95661708334,true
audio,171157929967541,1000000000,171157.96226004168,true
video,171157977711208,1000000000,171157.97399820836,true
audio,171157949967541,1000000000,171157.98353650002,true
video,171157994377833,1000000000,171157.991745,true
audio,171157969967500,1000000000,171158.00491445835,true
video,171158011044416,1000000000,171158.00898408334,true
video,171158027711000,1000000000,171158.02570183334,true
audio,171157989967541,1000000000,171158.026210125,true
video,171158044377708,1000000000,171158.04333291668,true
audio,171158009967541,1000000000,171158.04758758334,true
video,171158061044333,1000000000,171158.06008020835,true
audio,171158029967500,1000000000,171158.06894395835,true
video,171158077710791,1000000000,171158.07771112502,true
audio,171158049967541,1000000000,171158.0902272917,true
video,171158094377375,1000000000,171158.09456354167,true
audio,171158069967541,1000000000,171158.11154858334,true
video,171158119377375,1000000000,171158.1141656667,true
video,171158136043875,1000000000,171158.131665875,true
audio,171158089967541,1000000000,171158.13287470833,true
video,171158152710458,1000000000,171158.14869233334,true
audio,171158109967541,1000000000,171158.15422208334,true
video,171158169377166,1000000000,171158.16590920836,true
audio,171158129967541,1000000000,171158.1755844167,true
video,171158186043666,1000000000,171158.18285970835,true
audio,171158149967541,1000000000,171158.18622233334,true
video,171158202710250,1000000000,171158.20038145833,true
audio,171158169967541,1000000000,171158.20753558335,true
video,171158219376833,1000000000,171158.21695475,true
audio,171158189967500,1000000000,171158.22887175,true
video,171158236043416,1000000000,171158.23406720834,true
audio,171158209967541,1000000000,171158.25022625,true
video,171158252710000,1000000000,171158.2512345,true
video,171158269376708,1000000000,171158.26814408335,true
audio,171158229967541,1000000000,171158.27152320836,true
video,171158286043166,1000000000,171158.28490079168,true
audio,171158249967500,1000000000,171158.292857375,true
audio,171158269967541,1000000000,171158.29289345833,true
video,171158302709791,1000000000,171158.30181691668,true
