type,pts_value,pts_timescale,host_seconds,appended
video,170562280358916,1000000000,170562.29325441667,true
video,170562297025458,1000000000,170562.30052658333,true
audio,170562284209041,1000000000,170562.30858445834,true
video,170562322025500,1000000000,170562.31726533335,true
audio,170562304209083,1000000000,170562.3273355417,true
video,170562338692083,1000000000,170562.3352010417,true
audio,170562324209083,1000000000,170562.34845275,true
video,170562355358708,1000000000,170562.35256595834,true
video,170562372025166,1000000000,170562.36918495834,true
audio,170562344209083,1000000000,170562.36972179168,true
video,170562388691875,1000000000,170562.38593095835,true
audio,170562364209083,1000000000,170562.39105566667,true
video,170562405358500,1000000000,170562.40356004168,true
audio,170562384209083,1000000000,170562.41247079166,true
video,170562422024958,1000000000,170562.42136783333,true
audio,170562404209083,1000000000,170562.43380745835,true
video,170562438691666,1000000000,170562.43810158334,true
video,170562455358166,1000000000,170562.45480425,true
audio,170562424209083,1000000000,170562.455089875,true
video,170562472024750,1000000000,170562.47147016667,true
audio,170562444209083,1000000000,170562.47651725,true
video,170562488691375,1000000000,170562.48818204168,true
audio,170562464209083,1000000000,170562.49774408335,true
video,170562505357958,1000000000,170562.50495308335,true
audio,170562484209083,1000000000,170562.51915958335,true
video,170562522024583,1000000000,170562.5221470417,true
audio,170562504209041,1000000000,170562.54055241667,true
video,170562547024458,1000000000,170562.54309295834,true
video,170562563691166,1000000000,170562.560690125,true
audio,170562524209083,1000000000,170562.56176370833,true
video,170562580357625,1000000000,170562.57696791668,true
audio,170562544209083,1000000000,170562.583171125,true
video,170562597024250,1000000000,170562.593931375,true
audio,170562564209041,1000000000,170562.6044881667,true
audio,170562584209083,1000000000,170562.60454083333,true
video,170562613690958,1000000000,170562.61076070834,true
audio,170562604209083,1000000000,170562.62581583334,true
video,170562630357458,1000000000,170562.62792825,true
video,170562647024208,1000000000,170562.6451484167,true
audio,170562624209083,1000000000,170562.6470971667,true
video,170562663690708,1000000000,170562.66363291666,true
audio,170562644209083,1000000000,170562.66847941666,true
video,170562680357250,1000000000,170562.68049600002,true
audio,170562664209083,1000000000,170562.689783125,true
video,170562697023875,1000000000,170562.69714433333,true
audio,170562684209083,1000000000,170562.71113533335,true
video,170562713690458,1000000000,170562.71391766667,true
audio,170562704209083,1000000000,170562.73241416668,true
video,170562738690458,1000000000,170562.733630875,true
video,170562755356958,1000000000,170562.750511875,true
audio,170562724209083,1000000000,170562.75374933335,true
video,170562772023583,1000000000,170562.76830845836,true
audio,170562744209083,1000000000,170562.77517579167,true
video,170562788690166,1000000000,170562.78581508333,true
audio,170562764209083,1000000000,170562.79645191669,true
video,170562805356750,1000000000,170562.80289504168,true
audio,170562784209041,1000000000,170562.81777754167,true
video,170562822023375,1000000000,170562.8198575,true
video,170562838689958,1000000000,170562.83698720834,true
audio,170562804209083,1000000000,170562.83916395836,true
video,170562855356500,1000000000,170562.85389516669,true
audio,170562824209083,1000000000,170562.86054329167,true
video,170562872023125,1000000000,170562.87113275,true
audio,170562844209083,1000000000,170562.88184991668,true
video,170562888689833,1000000000,170562.88814070835,true
audio,170562864209083,1000000000,170562.90316750002,true
video,170562905356333,1000000000,170562.90490720834,true
video,170562922022916,1000000000,170562.92170904166,true
audio,170562884209083,1000000000,170562.92441158334,true
audio,170562904209083,1000000000,170562.92451633335,true
video,170562938689625,1000000000,170562.93904116668,true
audio,170562924209083,1000000000,170562.94577029167,true
video,170562955356125,1000000000,170562.95569650002,true
audio,170562944209083,1000000000,170562.967165625,true
video,170562980356000,1000000000,170562.9760632917,true
audio,170562964209083,1000000000,170562.98852775,true
video,170562997022750,1000000000,170562.9927704167,true
audio,170562984209083,1000000000,170563.00983008335,true
video,170563013689333,1000000000,170563.01052020834,true
video,170563030355833,1000000000,170563.02816504167,true
audio,170563004209041,1000000000,170563.03114995835,true
video,170563047022416,1000000000,170563.04513154167,true
audio,170563024209083,1000000000,170563.052539625,true
video,170563063689125,1000000000,170563.06210095834,true
audio,170563044209083,1000000000,170563.07381391668,true
video,170563080355625,1000000000,170563.07880225,true
audio,170563064209041,1000000000,170563.09522629168,true
video,170563097022208,1000000000,170563.09642516667,true
video,170563113688958,1000000000,170563.11326429166,true
audio,170563084209083,1000000000,170563.11647025,true
video,170563130355416,1000000000,170563.13020504167,true
audio,170563104209083,1000000000,170563.13778583336,true
video,170563147022041,1000000000,170563.14716170833,true
audio,170563124209083,1000000000,170563.15919083334,true
video,170563163688625,1000000000,170563.164021,true
audio,170563144209083,1000000000,170563.180469,true
video,170563188688625,1000000000,170563.18395070834,true
audio,170563164209083,1000000000,170563.20182025002,true
video,170563205355125,1000000000,170563.2019721667,true
video,170563222021708,1000000000,170563.21849237502,true
audio,170563184209083,1000000000,170563.22314391666,true
video,170563238688416,1000000000,170563.235288625,true
audio,170563204209083,1000000000,170563.24447529166,true
audio,170563224209083,1000000000,170563.24456275,true
video,170563255354916,1000000000,170563.25222704167,true
audio,170563244209083,1000000000,170563.26587666667,true
video,170563272021541,1000000000,170563.26889733336,true
video,170563288688125,1000000000,170563.28577854167,true
video,170563305354833,1000000000,170563.30259679168,true
audio,170563264209083,1000000000,170563.30847154168,true
video,170563322021333,1000000000,170563.3200425,true
audio,170563284209041,1000000000,170563.32976275,true
video,170563338687916,1000000000,170563.33693029167,true
audio,170563304209083,1000000000,170563.35116191668,true
video,170563355354500,1000000000,170563.35430891666,true
video,170563372021125,1000000000,170563.37190679167,true
audio,170563324209083,1000000000,170563.37239858333,true
video,170563388687833,1000000000,170563.38904112502,true
audio,170563344209083,1000000000,170563.39384329168,true
video,170563413687583,1000000000,170563.40852645834,true
audio,170563364209083,1000000000,170563.4151914167,true
audio,170563384209083,1000000000,170563.41524354168,true
video,170563430354166,1000000000,170563.42561379168,true
audio,170563404209083,1000000000,170563.43650537502,true
video,170563447020791,1000000000,170563.44224695835,true
audio,170563424209083,1000000000,170563.45779466667,true
video,170563463687375,1000000000,170563.45937420835,true
video,170563480353958,1000000000,170563.47714725,true
audio,170563444209083,1000000000,170563.479097125,true
video,170563497020583,1000000000,170563.49393595834,true
audio,170563464209083,1000000000,170563.5005370417,true
video,170563513687291,1000000000,170563.51055508334,true
audio,170563484209083,1000000000,170563.52188145835,true
video,170563530353916,1000000000,170563.527486625,true
audio,170563504209041,1000000000,170563.54317683334,true
video,170563547020375,1000000000,170563.54457679167,true
video,170563563687083,1000000000,170563.56222245833,true
audio,170563524209083,1000000000,170563.5644811667,true
video,170563580353583,1000000000,170563.57941179167,true
audio,170563544209083,1000000000,170563.58579837502,true
video,170563597020166,1000000000,170563.59690175002,true
audio,170563564209041,1000000000,170563.60713712501,true
video,170563613686875,1000000000,170563.613959125,true
audio,170563584209083,1000000000,170563.62843608335,true
video,170563638686791,1000000000,170563.63379429167,true
audio,170563604209083,1000000000,170563.649807625,true
video,170563655353291,1000000000,170563.6518139167,true
video,170563672019875,1000000000,170563.668580625,true
audio,170563624209083,1000000000,170563.6711042917,true
video,170563688686500,1000000000,170563.68540270833,true
audio,170563644209083,1000000000,170563.69244400001,true
video,170563705353083,1000000000,170563.70225587502,true
audio,170563664209083,1000000000,170563.71381975,true
video,170563722019791,1000000000,170563.71947533335,true
audio,170563684209083,1000000000,170563.73515895836,true
audio,170563704209083,1000000000,170563.73520670834,true
video,170563738686291,1000000000,170563.73617579168,true
video,170563755352875,1000000000,170563.75395545835,true
audio,170563724209083,1000000000,170563.75645233336,true
video,170563772019500,1000000000,170563.77107062502,true
audio,170563744209083,1000000000,170563.77788208335,true
video,170563788686208,1000000000,170563.78815620835,true
audio,170563764209083,1000000000,170563.79927454167,true
video,170563805352791,1000000000,170563.80516558336,true
audio,170563784209041,1000000000,170563.82039579167,true
video,170563822019291,1000000000,170563.822374375,true
video,170563838685875,1000000000,170563.83923241668,true
audio,170563804209083,1000000000,170563.84178025002,true
video,170563863685875,1000000000,170563.85930500002,true
audio,170563824209083,1000000000,170563.8631260417,true
video,170563880352500,1000000000,170563.87701354167,true
audio,170563844209083,1000000000,170563.88441158333,true
video,170563897019000,1000000000,170563.89408904169,true
audio,170563864209083,1000000000,170563.90581070835,true
video,170563913685583,1000000000,170563.9105129167,true
audio,170563884209083,1000000000,170563.92714791666,true
video,170563930352125,1000000000,170563.92725504166,true
video,170563947018750,1000000000,170563.94468116667,true
audio,170563904209083,1000000000,170563.94846908335,true
video,170563963685333,1000000000,170563.96157025002,true
audio,170563924209083,1000000000,170563.96978345833,true
video,170563980351916,1000000000,170563.97941991666,true
audio,170563944209083,1000000000,170563.99120870835,true
video,170563997018666,1000000000,170563.996870125,true
audio,170563964209083,1000000000,170564.0125002917,true
video,170564013685125,1000000000,170564.01388458334,true
video,170564030351750,1000000000,170564.03063687502,true
audio,170563984209083,1000000000,170564.03377183335,true
video,170564055351625,1000000000,170564.05129425,true
audio,170564004209041,1000000000,170564.055105875,true
audio,170564024209083,1000000000,170564.055154125,true
video,170564072018250,1000000000,170564.06895437502,true
audio,170564044209083,1000000000,170564.07642820835,true
video,170564088684833,1000000000,170564.08599916668,true
audio,170564064209041,1000000000,170564.09784275002,true
video,170564105351416,1000000000,170564.10287558334,true
audio,170564084209083,1000000000,170564.11916775,true
video,170564122018041,1000000000,170564.11985991668,true
video,170564138684625,1000000000,170564.13721395834,true
audio,170564104209083,1000000000,170564.14043133333,true
video,170564155351250,1000000000,170564.15456270834,true
audio,170564124209083,1000000000,170564.1617899167,true
video,170564172017833,1000000000,170564.17177291668,true
audio,170564144209083,1000000000,170564.18309987502,true
video,170564188684541,1000000000,170564.18873158333,true
audio,170564164209083,1000000000,170564.20440333334,true
video,170564205351041,1000000000,170564.205446625,true
video,170564222017625,1000000000,170564.22222645834,true
audio,170564184209083,1000000000,170564.22580925,true
video,170564247017541,1000000000,170564.24226083336,true
audio,170564204209083,1000000000,170564.24715670836,true
video,170564263684125,1000000000,170564.260696125,true
audio,170564224209083,1000000000,170564.26846066667,true
video,170564280350750,1000000000,170564.27748366666,true
audio,170564244209083,1000000000,170564.2897519167,true
video,170564297017333,1000000000,170564.29487620835,true
audio,170564264209083,1000000000,170564.30048845834,true
video,170564313684041,1000000000,170564.31236862502,true
audio,170564284209041,1000000000,170564.321747125,true
video,170564330350541,1000000000,170564.32917695833,true
audio,170564304209083,1000000000,170564.34322187502,true
video,170564347017125,1000000000,170564.34634395834,true
video,170564363683833,1000000000,170564.36325154168,true
audio,170564324209083,1000000000,170564.36439641667,true
video,170564380350333,1000000000,170564.38044070834,true
audio,170564344209083,1000000000,170564.38579454168,true
video,170564397016916,1000000000,170564.397149625,true
audio,170564364209083,1000000000,170564.40710054166,true
audio,170564384209083,1000000000,170564.407137375,true
video,170564422016958,1000000000,170564.416951875,true
audio,170564404209083,1000000000,170564.4284625417,true
video,170564438683541,1000000000,170564.43363404166,true
audio,170564424209083,1000000000,170564.44977216667,true
video,170564455350041,1000000000,170564.45145908336,true
video,170564472016583,1000000000,170564.46833650002,true
audio,170564444209083,1000000000,170564.47112858333,true
video,170564488683291,1000000000,170564.4850150417,true
audio,170564464209083,1000000000,170564.49245970833,true
video,170564505349791,1000000000,170564.50291858334,true
audio,170564484209083,1000000000,170564.51385608333,true
video,170564522016375,1000000000,170564.52057833335,true
audio,170564504209041,1000000000,170564.53510766668,true
video,170564538683125,1000000000,170564.53803595834,true
video,170564555349583,1000000000,170564.55544033335,true
audio,170564524209083,1000000000,170564.55643983334,true
video,170564572016208,1000000000,170564.57219425,true
audio,170564544209083,1000000000,170564.57784316668,true
video,170564597016208,1000000000,170564.59212400002,true
audio,170564564209041,1000000000,170564.5991290417,true
video,170564613682791,1000000000,170564.608784375,true
audio,170564584209083,1000000000,170564.62042670834,true
video,170564630349291,1000000000,170564.62565775,true
audio,170564604209083,1000000000,170564.6418424167,true
video,170564647015875,1000000000,170564.64243470834,true
video,170564663682500,1000000000,170564.65938691667,true
audio,170564624209083,1000000000,170564.66314166668,true
video,170564680349083,1000000000,170564.67720541666,true
audio,170564644209083,1000000000,170564.684476125,true
video,170564697015708,1000000000,170564.69429304168,true
audio,170564664209083,1000000000,170564.70584770833,true
video,170564713682291,1000000000,170564.71084804166,true
audio,170564684209083,1000000000,170564.72727125,true
audio,170564704209083,1000000000,170564.72734075002,true
video,170564730348875,1000000000,170564.727419,true
video,170564747015500,1000000000,170564.74413295835,true
audio,170564724209083,1000000000,170564.74851666667,true
video,170564763682083,1000000000,170564.76133933334,true
audio,170564744209083,1000000000,170564.76975883334,true
video,170564780348791,1000000000,170564.777972375,true
audio,170564764209083,1000000000,170564.79110825,true
video,170564797015291,1000000000,170564.79553933334,true
video,170564813681916,1000000000,170564.81218354168,true
audio,170564784209041,1000000000,170564.81238420834,true
video,170564830348500,1000000000,170564.82966004167,true
audio,170564804209083,1000000000,170564.8338285,true
video,170564847015083,1000000000,170564.84641054168,true
audio,170564824209083,1000000000,170564.85514283334,true
video,170564863681791,1000000000,170564.86388716666,true
audio,170564844209083,1000000000,170564.876460625,true
video,170564888681583,1000000000,170564.88354770833,true
audio,170564864209083,1000000000,170564.89775391668,true
video,170564905348291,1000000000,170564.90029308334,true
video,170564922014791,1000000000,170564.91741916668,true
audio,170564884209083,1000000000,170564.919100625,true
video,170564938681416,1000000000,170564.93422570833,true
audio,170564904209083,1000000000,170564.94042029168,true
video,170564955348000,1000000000,170564.950950875,true
audio,170564924209083,1000000000,170564.96180766667,true
video,170564972014583,1000000000,170564.96876179168,true
audio,170564944209083,1000000000,170564.98310500002,true
video,170564988681291,1000000000,170564.98577991666,true
video,170565005347750,1000000000,170565.00264737502,true
audio,170564964209083,1000000000,170565.004494625,true
video,170565022014333,1000000000,170565.01997120836,true
audio,170564984209083,1000000000,170565.02583558334,true
video,170565038680958,1000000000,170565.03698937502,true
audio,170565004209041,1000000000,170565.04718645834,true
audio,170565024209083,1000000000,170565.04724029166,true
video,170565055347541,1000000000,170565.05372254166,true
audio,170565044209083,1000000000,170565.06847820836,true
video,170565072014166,1000000000,170565.07121208333,true
video,170565088680750,1000000000,170565.0888885,true
audio,170565064209041,1000000000,170565.08976908334,true
video,170565113680750,1000000000,170565.108266375,true
audio,170565084209083,1000000000,170565.11108587502,true
video,170565130347250,1000000000,170565.12520516667,true
audio,170565104209083,1000000000,170565.132515625,true
video,170565147013833,1000000000,170565.143038125,true
audio,170565124209083,1000000000,170565.15379829166,true
video,170565163680458,1000000000,170565.16041691668,true
audio,170565144209083,1000000000,170565.17509304167,true
video,170565180347041,1000000000,170565.177567625,true
video,170565197013666,1000000000,170565.194323125,true
audio,170565164209083,1000000000,170565.19644095833,true
video,170565213680250,1000000000,170565.21179654167,true
audio,170565184209083,1000000000,170565.2177386667,true
video,170565230346833,1000000000,170565.22937858335,true
audio,170565204209083,1000000000,170565.23917441667,true
video,170565247013458,1000000000,170565.24620470835,true
audio,170565224209083,1000000000,170565.26055904166,true
video,170565263680041,1000000000,170565.263351,true
video,170565280346666,1000000000,170565.2804867917,true
audio,170565244209083,1000000000,170565.28179112502,true
video,170565297013250,1000000000,170565.29717820833,true
audio,170565264209083,1000000000,170565.30316595835,true
video,170565313679958,1000000000,170565.31389504168,true
audio,170565284209041,1000000000,170565.32444879168,true
video,170565338679750,1000000000,170565.3336650417,true
audio,170565304209083,1000000000,170565.345796375,true
video,170565355346333,1000000000,170565.3521644167,true
audio,170565324209083,1000000000,170565.367092,true
video,170565372013083,1000000000,170565.36912366666,true
video,170565388679541,1000000000,170565.38557670833,true
audio,170565344209083,1000000000,170565.38846208336,true
video,170565405346250,1000000000,170565.40239458333,true
audio,170565364209083,1000000000,170565.40981575,true
audio,170565384209083,1000000000,170565.4098829167,true
video,170565422012750,1000000000,170565.41907912501,true
audio,170565404209083,1000000000,170565.43111345835,true
video,170565438679458,1000000000,170565.43574908335,true
audio,170565424209083,1000000000,170565.45252379167,true
video,170565455345958,1000000000,170565.452907375,true
video,170565472012541,1000000000,170565.47068795835,true
audio,170565444209083,1000000000,170565.4738006667,true
video,170565488679250,1000000000,170565.48725145834,true
audio,170565464209083,1000000000,170565.49511070835,true
video,170565505345750,1000000000,170565.50395462502,true
audio,170565484209083,1000000000,170565.51642183334,true
video,170565522012333,1000000000,170565.5212645,true
audio,170565504209041,1000000000,170565.53779183334,true
video,170565538678958,1000000000,170565.53789508334,true
video,170565555345500,1000000000,170565.55505350002,true
audio,170565524209083,1000000000,170565.55907629168,true
video,170565572012250,1000000000,170565.57238391667,true
audio,170565544209083,1000000000,170565.5805175,true
video,170565588678708,1000000000,170565.58892187502,true
audio,170565564209041,1000000000,170565.601949625,true
video,170565613678708,1000000000,170565.60889233334,true
audio,170565584209083,1000000000,170565.623120875,true
video,170565630345208,1000000000,170565.62568662502,true
video,170565647011791,1000000000,170565.64378520835,true
audio,170565604209083,1000000000,170565.64454766668,true
video,170565663678416,1000000000,170565.66070116666,true
audio,170565624209083,1000000000,170565.66583108334,true
video,170565680345000,1000000000,170565.67729545836,true
audio,170565644209083,1000000000,170565.68711662502,true
video,170565697011625,1000000000,170565.69511533334,true
audio,170565664209083,1000000000,170565.70841783335,true
video,170565713678208,1000000000,170565.71187720835,true
video,170565730344791,1000000000,170565.72917233335,true
audio,170565684209083,1000000000,170565.729705875,true
audio,170565704209083,1000000000,170565.72973079167,true
video,170565747011416,1000000000,170565.74680795835,true
audio,170565724209083,1000000000,170565.7510912917,true
video,170565763678000,1000000000,170565.7639681667,true
audio,170565744209083,1000000000,170565.77246487502,true
video,170565788677916,1000000000,170565.78388975002,true
audio,170565764209083,1000000000,170565.79375983335,true
video,170565805344500,1000000000,170565.80141241668,true
audio,170565784209041,1000000000,170565.81512725,true
video,170565822011125,1000000000,170565.81797408333,true
video,170565838677708,1000000000,170565.8356355,true
audio,170565804209083,1000000000,170565.83643075,true
video,170565855344291,1000000000,170565.85261325,true
audio,170565824209083,1000000000,170565.8577521667,true
video,170565872010916,1000000000,170565.87033612502,true
audio,170565844209083,1000000000,170565.879128125,true
video,170565888677500,1000000000,170565.88803545834,true
audio,170565864209083,1000000000,170565.90051116666,true
video,170565905344208,1000000000,170565.9051625,true
audio,170565884209083,1000000000,170565.92183508334,true
video,170565922010708,1000000000,170565.9222685,true
video,170565947010750,1000000000,170565.94247754168,true
audio,170565904209083,1000000000,170565.94312100002,true
video,170565963677208,1000000000,170565.960073375,true
audio,170565924209083,1000000000,170565.96446954168,true
video,170565980343791,1000000000,170565.97740333335,true
audio,170565944209083,1000000000,170565.98577675002,true
video,170565997010416,1000000000,170565.99406495833,true
audio,170565964209083,1000000000,170566.00706929166,true
video,170566013677000,1000000000,170566.010882375,true
video,170566030343708,1000000000,170566.02801912502,true
audio,170565984209083,1000000000,170566.02842075002,true
video,170566047010208,1000000000,170566.04506825,true
audio,170566004209041,1000000000,170566.049777125,true
audio,170566024209083,1000000000,170566.0498192917,true
video,170566063676916,1000000000,170566.06225383334,true
audio,170566044209083,1000000000,170566.07103020835,true
video,170566080343416,1000000000,170566.07886366668,true
audio,170566064209041,1000000000,170566.09243441667,true
video,170566097009958,1000000000,170566.09564916667,true
video,170566113676666,1000000000,170566.1133329167,true
audio,170566084209083,1000000000,170566.113764625,true
video,170566130343166,1000000000,170566.13049683336,true
audio,170566104209083,1000000000,170566.13511475,true
video,170566155343166,1000000000,170566.14978075,true
audio,170566124209083,1000000000,170566.15642191668,true
video,170566172009666,1000000000,170566.16658991668,true
audio,170566144209083,1000000000,170566.177807375,true
video,170566188676375,1000000000,170566.18394450002,true
audio,170566164209083,1000000000,170566.1990939167,true
video,170566205342875,1000000000,170566.20057583335,true
video,170566222009458,1000000000,170566.21731358336,true
audio,170566184209083,1000000000,170566.22048229168,true
video,170566238676166,1000000000,170566.23500029166,true
audio,170566204209083,1000000000,170566.24178516667,true
video,170566255342666,1000000000,170566.252435375,true
audio,170566224209083,1000000000,170566.26311933334,true
video,170566272009250,1000000000,170566.2691127917,true
audio,170566244209083,1000000000,170566.28445875001,true
video,170566288675875,1000000000,170566.285614875,true
video,170566305342458,1000000000,170566.30282204167,true
audio,170566264209083,1000000000,170566.30572579167,true
video,170566322009083,1000000000,170566.32038879168,true
audio,170566284209041,1000000000,170566.32716533335,true
video,170566338675666,1000000000,170566.337059125,true
audio,170566304209083,1000000000,170566.34844937501,true
video,170566355342250,1000000000,170566.35434170836,true
audio,170566324209083,1000000000,170566.3698075,true
video,170566372008875,1000000000,170566.37153120834,true
video,170566388675458,1000000000,170566.38885054167,true
audio,170566344209083,1000000000,170566.391099,true
video,170566405342166,1000000000,170566.40549704168,true
audio,170566364209083,1000000000,170566.41241400002,true
audio,170566384209083,1000000000,170566.41246508335,true
video,170566422008708,1000000000,170566.42217883334,true
audio,170566404209083,1000000000,170566.4337735,true
video,170566447008583,1000000000,170566.44167033336,true
audio,170566424209083,1000000000,170566.45508462502,true
video,170566463675166,1000000000,170566.45948608333,true
video,170566480341750,1000000000,170566.47634316667,true
audio,170566444209083,1000000000,170566.47640245836,true
video,170566497008375,1000000000,170566.49311900002,true
audio,170566464209083,1000000000,170566.49780912502,true
video,170566513674958,1000000000,170566.5099047917,true
audio,170566484209083,1000000000,170566.51913445836,true
video,170566530341666,1000000000,170566.526802375,true
audio,170566504209041,1000000000,170566.5404535,true
video,170566547008166,1000000000,170566.54390645833,true
video,170566563674875,1000000000,170566.56069029166,true
audio,170566524209083,1000000000,170566.56172083336,true
video,170566580341375,1000000000,170566.5777254167,true
audio,170566544209083,1000000000,170566.5831106667,true
video,170566597007958,1000000000,170566.59500133333,true
audio,170566564209041,1000000000,170566.60442816667,true
video,170566613674666,1000000000,170566.61178937502,true
audio,170566584209083,1000000000,170566.62579220833,true
video,170566630341166,1000000000,170566.62890670836,true
video,170566647007708,1000000000,170566.64642054169,true
audio,170566604209083,1000000000,170566.64714295833,true
video,170566663674333,1000000000,170566.66363508336,true
audio,170566624209083,1000000000,170566.66845454168,true
video,170566680340958,1000000000,170566.68060970833,true
audio,170566644209083,1000000000,170566.68974429168,true
video,170566697007541,1000000000,170566.69734429166,true
audio,170566664209083,1000000000,170566.71107062502,true
video,170566722007416,1000000000,170566.717049375,true
audio,170566684209083,1000000000,170566.73243029168,true
audio,170566704209083,1000000000,170566.73248666667,true
video,170566738674125,1000000000,170566.73542929167,true
video,170566755340708,1000000000,170566.75268604167,true
audio,170566724209083,1000000000,170566.75375695835,true
video,170566772007208,1000000000,170566.76892870833,true
audio,170566744209083,1000000000,170566.7751395,true
video,170566788674000,1000000000,170566.7857842917,true
audio,170566764209083,1000000000,170566.7964330417,true
video,170566805340458,1000000000,170566.80245437502,true
audio,170566784209041,1000000000,170566.817825375,true
video,170566822007166,1000000000,170566.81923145836,true
video,170566838673625,1000000000,170566.83589012502,true
audio,170566804209083,1000000000,170566.83907091667,true
video,170566855340208,1000000000,170566.85283554168,true
audio,170566824209083,1000000000,170566.860511125,true
video,170566872006833,1000000000,170566.8701545,true
audio,170566844209083,1000000000,170566.88179787502,true
video,170566888673541,1000000000,170566.88719395833,true
audio,170566864209083,1000000000,170566.90315070836,true
video,170566905340166,1000000000,170566.903983,true
video,170566922006666,1000000000,170566.92179320834,true
audio,170566884209083,1000000000,170566.92447258334,true
video,170566938673250,1000000000,170566.93899458335,true
audio,170566904209083,1000000000,170566.94580787502,true
video,170566955339833,1000000000,170566.95564758335,true
audio,170566924209083,1000000000,170566.96720608335,true
video,170566980339708,1000000000,170566.97531179167,true
audio,170566944209083,1000000000,170566.9884512917,true
video,170566997006500,1000000000,170566.99374254167,true
audio,170566964209083,1000000000,170567.00975395835,true
video,170567013672958,1000000000,170567.01080750002,true
video,170567030339666,1000000000,170567.02784975,true
audio,170566984209083,1000000000,170567.0311142917,true
video,170567047006166,1000000000,170567.04503333336,true
audio,170567004209041,1000000000,170567.05244925,true
audio,170567024209083,1000000000,170567.052497375,true
video,170567063672750,1000000000,170567.06209620833,true
audio,170567044209083,1000000000,170567.07384250002,true
video,170567080339333,1000000000,170567.079142875,true
audio,170567064209041,1000000000,170567.09515608335,true
video,170567097005916,1000000000,170567.09597441668,true
video,170567113672625,1000000000,170567.1132749167,true
audio,170567084209083,1000000000,170567.11651933336,true
video,170567130339125,1000000000,170567.13050341667,true
audio,170567104209083,1000000000,170567.13777841668,true
video,170567147005750,1000000000,170567.14719995833,true
audio,170567124209083,1000000000,170567.15917575,true
video,170567172005625,1000000000,170567.16723762502,true
audio,170567144209083,1000000000,170567.18052712502,true
video,170567188672208,1000000000,170567.18524670834,true
audio,170567164209083,1000000000,170567.20187779167,true
video,170567205338791,1000000000,170567.202353375,true
video,170567222005500,1000000000,170567.21917608334,true
audio,170567184209083,1000000000,170567.22308066668,true
video,170567238672125,1000000000,170567.23588741667,true
audio,170567204209083,1000000000,170567.24445766667,true
video,170567255338625,1000000000,170567.25280175,true
audio,170567224209083,1000000000,170567.26575541668,true
video,170567272005208,1000000000,170567.26963070835,true
video,170567288671833,1000000000,170567.28713529167,true
audio,170567244209083,1000000000,170567.28719391668,true
video,170567305338416,1000000000,170567.30420254168,true
audio,170567264209083,1000000000,170567.30848679168,true
video,170567322005000,1000000000,170567.32079741667,true
audio,170567284209041,1000000000,170567.32977558335,true
video,170567338671625,1000000000,170567.33807358335,true
audio,170567304209083,1000000000,170567.35116983333,true
video,170567355338208,1000000000,170567.35552420834,true
video,170567372004833,1000000000,170567.37221058333,true
audio,170567324209083,1000000000,170567.3723435,true
video,170567397004708,1000000000,170567.39209020833,true
audio,170567344209083,1000000000,170567.39382300002,true
video,170567413671291,1000000000,170567.40875962502,true
audio,170567364209083,1000000000,170567.41507395834,true
audio,170567384209083,1000000000,170567.4151186667,true
video,170567430337916,1000000000,170567.42635483335,true
audio,170567404209083,1000000000,170567.43642154167,true
video,170567447004500,1000000000,170567.44312912502,true
audio,170567424209083,1000000000,170567.45774883335,true
video,170567463671125,1000000000,170567.46081920835,true
video,170567480337708,1000000000,170567.47835833335,true
audio,170567444209083,1000000000,170567.479154125,true
video,170567497004333,1000000000,170567.49551195835,true
audio,170567464209083,1000000000,170567.50043875002,true
video,170567513670916,1000000000,170567.51220108333,true
audio,170567484209083,1000000000,170567.521783375,true
video,170567530337625,1000000000,170567.52931679168,true
audio,170567504209041,1000000000,170567.54314429167,true
video,170567547004250,1000000000,170567.5461502917,true
video,170567563670708,1000000000,170567.56335079166,true
audio,170567524209083,1000000000,170567.56442137502,true
video,170567580337458,1000000000,170567.58058504167,true
audio,170567544209083,1000000000,170567.5857975417,true
video,170567597003916,1000000000,170567.59738541668,true
audio,170567564209041,1000000000,170567.60702433335,true
video,170567622003833,1000000000,170567.61734316667,true
audio,170567584209083,1000000000,170567.6284720417,true
video,170567638670416,1000000000,170567.634976,true
audio,170567604209083,1000000000,170567.64980670833,true
video,170567655337125,1000000000,170567.651832875,true
video,170567672003625,1000000000,170567.66874483335,true
audio,170567624209083,1000000000,170567.67108679167,true
video,170567688670208,1000000000,170567.68582166667,true
audio,170567644209083,1000000000,170567.69247008333,true
video,170567705336916,1000000000,170567.70293741667,true
audio,170567664209083,1000000000,170567.71383054167,true
video,170567722003375,1000000000,170567.71996283333,true
audio,170567684209083,1000000000,170567.73511158334,true
audio,170567704209083,1000000000,170567.735162625,true
video,170567738670083,1000000000,170567.73710616666,true
video,170567755336583,1000000000,170567.753829375,true
audio,170567724209083,1000000000,170567.756398,true
video,170567772003166,1000000000,170567.77054775,true
audio,170567744209083,1000000000,170567.777796,true
video,170567788669791,1000000000,170567.78802625,true
audio,170567764209083,1000000000,170567.7991240417,true
video,170567805336500,1000000000,170567.80499016668,true
audio,170567784209041,1000000000,170567.82044,true
video,170567822002958,1000000000,170567.82207166668,true
video,170567838669625,1000000000,170567.8387885,true
audio,170567804209083,1000000000,170567.8417715,true
video,170567855336166,1000000000,170567.85558237502,true
audio,170567824209083,1000000000,170567.86310916668,true
video,170567872002833,1000000000,170567.87222145835,true
audio,170567844209083,1000000000,170567.88447520835,true
video,170567888669375,1000000000,170567.88890183336,true
video,170567905336083,1000000000,170567.9056131667,true
audio,170567864209083,1000000000,170567.9056785,true
video,170567922002583,1000000000,170567.92223795835,true
audio,170567884209083,1000000000,170567.92710279167,true
video,170567947002458,1000000000,170567.94163450002,true
audio,170567904209083,1000000000,170567.94844916667,true
video,170567963669083,1000000000,170567.958347875,true
audio,170567924209083,1000000000,170567.96984150002,true
video,170567980335666,1000000000,170567.97615158334,true
audio,170567944209083,1000000000,170567.99110512502,true
video,170567997002291,1000000000,170567.99297204168,true
video,170568013668875,1000000000,170568.0106996667,true
audio,170567964209083,1000000000,170568.01241454168,true
video,170568030335583,1000000000,170568.02786420836,true
audio,170567984209083,1000000000,170568.03378379167,true
video,170568047002083,1000000000,170568.04483004168,true
audio,170568004209041,1000000000,170568.055170125,true
audio,170568024209083,1000000000,170568.05522345833,true
video,170568063668666,1000000000,170568.06218470834,true
audio,170568044209083,1000000000,170568.076447125,true
video,170568080335291,1000000000,170568.079146375,true
video,170568097001875,1000000000,170568.096316125,true
audio,170568064209041,1000000000,170568.097772625,true
video,170568113668583,1000000000,170568.11306791668,true
audio,170568084209083,1000000000,170568.119099375,true
video,170568130335083,1000000000,170568.12992895834,true
audio,170568104209083,1000000000,170568.14044966668,true
video,170568147001666,1000000000,170568.1467684167,true
audio,170568124209083,1000000000,170568.16176012502,true
video,170568163668291,1000000000,170568.16382858335,true
video,170568180334875,1000000000,170568.18053670836,true
audio,170568144209083,1000000000,170568.18317358335,true
video,170568197001500,1000000000,170568.1972401667,true
audio,170568164209083,1000000000,170568.20445045835,true
video,170568222001500,1000000000,170568.2182549167,true
audio,170568184209083,1000000000,170568.22576975002,true
video,170568238668083,1000000000,170568.23560875002,true
audio,170568204209083,1000000000,170568.24716733335,true
video,170568255334541,1000000000,170568.25286670835,true
audio,170568224209083,1000000000,170568.26842175002,true
video,170568272001250,1000000000,170568.26963637501,true
video,170568288667791,1000000000,170568.28744091667,true
audio,170568244209083,1000000000,170568.28974529167,true
audio,170568264209083,1000000000,170568.30050279168,true
video,170568305334375,1000000000,170568.30415433334,true
audio,170568284209041,1000000000,170568.32182945835,true
video,170568322000958,1000000000,170568.32193208335,true
video,170568338667541,1000000000,170568.338912375,true
audio,170568304209083,1000000000,170568.34309125002,true
video,170568363667541,1000000000,170568.35924933336,true
audio,170568324209083,1000000000,170568.36442991666,true
video,170568380334041,1000000000,170568.37674833334,true
audio,170568344209083,1000000000,170568.38584841668,true
video,170568397000750,1000000000,170568.39370091667,true
audio,170568364209083,1000000000,170568.4071575,true
audio,170568384209083,1000000000,170568.4072106667,true
video,170568413667291,1000000000,170568.41085304169,true
video,170568430333875,1000000000,170568.42806554167,true
audio,170568404209083,1000000000,170568.42839145835,true
video,170568447000458,1000000000,170568.44502358334,true
audio,170568424209083,1000000000,170568.449765125,true
video,170568463667083,1000000000,170568.46192304167,true
audio,170568444209083,1000000000,170568.47112354168,true
video,170568480333750,1000000000,170568.479051125,true
audio,170568464209083,1000000000,170568.4924945,true
video,170568497000291,1000000000,170568.49660883335,true
audio,170568484209083,1000000000,170568.51375462502,true
video,170568513666875,1000000000,170568.51388975,true
video,170568538666916,1000000000,170568.53332504167,true
audio,170568504209041,1000000000,170568.53510220835,true
video,170568555333375,1000000000,170568.55008991668,true
audio,170568524209083,1000000000,170568.55649245833,true
video,170568571999958,1000000000,170568.56839245834,true
audio,170568544209083,1000000000,170568.57778895836,true
video,170568588666583,1000000000,170568.58579470834,true
audio,170568564209041,1000000000,170568.59907858336,true
video,170568605333166,1000000000,170568.60319175,true
video,170568621999791,1000000000,170568.620371125,true
audio,170568584209083,1000000000,170568.620433875,true
video,170568638666375,1000000000,170568.63717220834,true
audio,170568604209083,1000000000,170568.64177870835,true
video,170568655333083,1000000000,170568.65402433334,true
audio,170568624209083,1000000000,170568.66311445835,true
video,170568671999583,1000000000,170568.67093929168,true
audio,170568644209083,1000000000,170568.68442404168,true
video,170568688666166,1000000000,170568.68827345833,true
video,170568705332875,1000000000,170568.7050146667,true
audio,170568664209083,1000000000,170568.70571775,true
video,170568721999375,1000000000,170568.72226304168,true
audio,170568684209083,1000000000,170568.72716083334,true
audio,170568704209083,1000000000,170568.727259,true
video,170568746999291,1000000000,170568.7423575417,true
audio,170568724209083,1000000000,170568.74846570834,true
video,170568763665875,1000000000,170568.76027266667,true
audio,170568744209083,1000000000,170568.76977129167,true
video,170568780332583,1000000000,170568.77754341668,true
audio,170568764209083,1000000000,170568.79115420833,true
video,170568796999041,1000000000,170568.79434283334,true
video,170568813665625,1000000000,170568.81193383335,true
audio,170568784209041,1000000000,170568.812461375,true
video,170568830332333,1000000000,170568.82882166668,true
audio,170568804209083,1000000000,170568.83381945835,true
video,170568846998833,1000000000,170568.846762875,true
audio,170568824209083,1000000000,170568.8551074167,true
video,170568863665541,1000000000,170568.864045625,true
audio,170568844209083,1000000000,170568.876654625,true
video,170568888665333,1000000000,170568.883871,true
audio,170568864209083,1000000000,170568.89785141667,true
video,170568905332041,1000000000,170568.90082854166,true
video,170568921998541,1000000000,170568.91847075,true
audio,170568884209083,1000000000,170568.91904208335,true
video,170568938665125,1000000000,170568.93586716667,true
audio,170568904209083,1000000000,170568.94044691668,true
video,170568955331833,1000000000,170568.952877375,true
audio,170568924209083,1000000000,170568.96178670836,true
video,170568971998333,1000000000,170568.97048391667,true
audio,170568944209083,1000000000,170568.98308254167,true
video,170568988665041,1000000000,170568.98809279167,true
audio,170568964209083,1000000000,170569.00443250002,true
video,170569005331541,1000000000,170569.005446875,true
video,170569030331458,1000000000,170569.02468875,true
audio,170568984209083,1000000000,170569.025811875,true
video,170569046998041,1000000000,170569.04265208336,true
audio,170569004209041,1000000000,170569.04715845836,true
audio,170569024209083,1000000000,170569.04721804167,true
video,170569063664625,1000000000,170569.059407625,true
audio,170569044209083,1000000000,170569.06853925,true
video,170569080331333,1000000000,170569.077081625,true
audio,170569064209041,1000000000,170569.08973170834,true
video,170569096997875,1000000000,170569.09371787502,true
video,170569113664541,1000000000,170569.11074675,true
audio,170569084209083,1000000000,170569.11109495835,true
video,170569130331041,1000000000,170569.12798345834,true
audio,170569104209083,1000000000,170569.132516,true
video,170569146997625,1000000000,170569.14562708334,true
audio,170569124209083,1000000000,170569.15379841666,true
video,170569163664291,1000000000,170569.16296120835,true
audio,170569144209083,1000000000,170569.17513470835,true
video,170569180331000,1000000000,170569.17987370834,true
audio,170569164209083,1000000000,170569.1965095,true
video,170569196997458,1000000000,170569.19723091667,true
video,170569213664083,1000000000,170569.21451483335,true
audio,170569184209083,1000000000,170569.21779120836,true
video,170569238663958,1000000000,170569.234432625,true
audio,170569204209083,1000000000,170569.23912325,true
video,170569255330666,1000000000,170569.25132500002,true
audio,170569224209083,1000000000,170569.26045950002,true
video,170569271997166,1000000000,170569.26823116667,true
audio,170569244209083,1000000000,170569.28179933334,true
video,170569288663791,1000000000,170569.28554533335,true
video,170569305330375,1000000000,170569.30294945833,true
audio,170569264209083,1000000000,170569.30311695836,true
video,170569321996958,1000000000,170569.32036283336,true
audio,170569284209041,1000000000,170569.32449558334,true
video,170569338663541,1000000000,170569.33705375,true
audio,170569304209083,1000000000,170569.34575333336,true
video,170569355330125,1000000000,170569.35491441668,true
audio,170569324209083,1000000000,170569.36709920835,true
video,170569371996750,1000000000,170569.37208458333,true
audio,170569344209083,1000000000,170569.38852254167,true
video,170569388663333,1000000000,170569.38884875,true
video,170569413663250,1000000000,170569.40852783335,true
audio,170569364209083,1000000000,170569.40978675,true
audio,170569384209083,1000000000,170569.40983733334,true
video,170569430329833,1000000000,170569.425534,true
audio,170569404209083,1000000000,170569.43110695833,true
video,170569446996541,1000000000,170569.44360991666,true
audio,170569424209083,1000000000,170569.45240379169,true
video,170569463663041,1000000000,170569.460854,true
audio,170569444209083,1000000000,170569.47371070835,true
video,170569480329750,1000000000,170569.477533125,true
audio,170569464209083,1000000000,170569.49513079168,true
video,170569496996250,1000000000,170569.4952350417,true
video,170569513662833,1000000000,170569.51239491667,true
audio,170569484209083,1000000000,170569.516461875,true
video,170569530329541,1000000000,170569.52922495836,true
audio,170569504209041,1000000000,170569.53777458335,true
video,170569546996166,1000000000,170569.54634016668,true
audio,170569524209083,1000000000,170569.5591075417,true
video,170569563662625,1000000000,170569.56374108334,true
audio,170569544209083,1000000000,170569.58042129167,true
video,170569580329250,1000000000,170569.58053016668,true
video,170569596995833,1000000000,170569.59725504168,true
audio,170569564209041,1000000000,170569.6018469167,true
video,170569621995750,1000000000,170569.61749083333,true
audio,170569584209083,1000000000,170569.62305083335,true
video,170569638662333,1000000000,170569.635428,true
audio,170569604209083,1000000000,170569.644450875,true
video,170569655329041,1000000000,170569.65248758334,true
audio,170569624209083,1000000000,170569.66575675,true
video,170569671995541,1000000000,170569.66990087501,true
video,170569688662250,1000000000,170569.68695941666,true
audio,170569644209083,1000000000,170569.6870580417,true
video,170569705328833,1000000000,170569.70420008333,true
audio,170569664209083,1000000000,170569.70846362502,true
video,170569721995333,1000000000,170569.72129854167,true
audio,170569684209083,1000000000,170569.72986733334,true
audio,170569704209083,1000000000,170569.72995895834,true
video,170569738662041,1000000000,170569.7379730417,true
audio,170569724209083,1000000000,170569.75106258335,true
video,170569755328541,1000000000,170569.75479941667,true
video,170569771995125,1000000000,170569.77171241667,true
audio,170569744209083,1000000000,170569.772468375,true
video,170569788661750,1000000000,170569.78892966668,true
audio,170569764209083,1000000000,170569.79375933335,true
video,170569813661625,1000000000,170569.80888766667,true
audio,170569784209041,1000000000,170569.815108125,true
video,170569830328375,1000000000,170569.825504,true
audio,170569804209083,1000000000,170569.83647120834,true
video,170569846994875,1000000000,170569.84222558336,true
audio,170569824209083,1000000000,170569.8577787917,true
video,170569863661458,1000000000,170569.860258,true
video,170569880328000,1000000000,170569.877004125,true
audio,170569844209083,1000000000,170569.87907741667,true
video,170569896994583,1000000000,170569.89390270834,true
audio,170569864209083,1000000000,170569.9004955,true
video,170569913661208,1000000000,170569.91078733336,true
audio,170569884209083,1000000000,170569.92183612502,true
video,170569930327916,1000000000,170569.92850520834,true
audio,170569904209083,1000000000,170569.94312758333,true
video,170569946994541,1000000000,170569.94594370836,true
video,170569963661041,1000000000,170569.96290775,true
audio,170569924209083,1000000000,170569.96444912502,true
video,170569980327750,1000000000,170569.97982620835,true
audio,170569944209083,1000000000,170569.98578570836,true
video,170569996994208,1000000000,170569.99670554168,true
audio,170569964209083,1000000000,170570.00705958335,true
video,170570013660958,1000000000,170570.01399808333,true
audio,170569984209083,1000000000,170570.028451875,true
video,170570038660750,1000000000,170570.03612979167,true
audio,170570004209041,1000000000,170570.049772125,true
audio,170570024209083,1000000000,170570.04983637502,true
video,170570055327458,1000000000,170570.05279079167,true
video,170570071993916,1000000000,170570.07045633334,true
audio,170570044209083,1000000000,170570.0710744167,true
video,170570088660541,1000000000,170570.08741116666,true
audio,170570064209041,1000000000,170570.09243437502,true
video,170570105327125,1000000000,170570.10512716667,true
audio,170570084209083,1000000000,170570.11377541668,true
video,170570121993833,1000000000,170570.12225820834,true
audio,170570104209083,1000000000,170570.13508683335,true
video,170570138660333,1000000000,170570.13900433335,true
video,170570155326958,1000000000,170570.15576841668,true
audio,170570124209083,1000000000,170570.15643658335,true
video,170570180326958,1000000000,170570.1756875,true
audio,170570144209083,1000000000,170570.17779004166,true
video,170570196993416,1000000000,170570.19231020834,true
audio,170570164209083,1000000000,170570.19910695835,true
video,170570213660041,1000000000,170570.20932558333,true
audio,170570184209083,1000000000,170570.22047775,true
video,170570230326625,1000000000,170570.22659937502,true
audio,170570204209083,1000000000,170570.24180141668,true
video,170570246993333,1000000000,170570.24349454168,true
video,170570263659833,1000000000,170570.2603556667,true
audio,170570224209083,1000000000,170570.26312529168,true
video,170570280326541,1000000000,170570.27803916667,true
audio,170570244209083,1000000000,170570.284434125,true
video,170570296993041,1000000000,170570.29538866668,true
audio,170570264209083,1000000000,170570.30580770836,true
video,170570313659625,1000000000,170570.31241487502,true
audio,170570284209041,1000000000,170570.32709658335,true
video,170570330326333,1000000000,170570.3297360417,true
video,170570346992833,1000000000,170570.3462512917,true
audio,170570304209083,1000000000,170570.34845075,true
video,170570363659541,1000000000,170570.36380341667,true
audio,170570324209083,1000000000,170570.36982700002,true
video,170570380326041,1000000000,170570.380845625,true
audio,170570344209083,1000000000,170570.39114883335,true
video,170570396992750,1000000000,170570.3975329167,true
audio,170570364209083,1000000000,170570.41246129168,true
audio,170570384209083,1000000000,170570.41249166668,true
video,170570413659250,1000000000,170570.41413400002,true
video,170570438659083,1000000000,170570.43381125,true
audio,170570404209083,1000000000,170570.433866375,true
video,170570455325833,1000000000,170570.45190325,true
audio,170570424209083,1000000000,170570.45509775,true
video,170570471992333,1000000000,170570.468965875,true
audio,170570444209083,1000000000,170570.47650350002,true
video,170570488658958,1000000000,170570.485831375,true
audio,170570464209083,1000000000,170570.49777608336,true
video,170570505325500,1000000000,170570.50212504168,true
video,170570521992083,1000000000,170570.51907854166,true
audio,170570484209083,1000000000,170570.51915570835,true
video,170570538658708,1000000000,170570.53666616668,true
audio,170570504209041,1000000000,170570.54039295836,true
video,170570555325416,1000000000,170570.55412345834,true
audio,170570524209083,1000000000,170570.56176904167,true
video,170570571991916,1000000000,170570.571566625,true
audio,170570544209083,1000000000,170570.58308100002,true
video,170570588658541,1000000000,170570.58861754168,true
audio,170570564209041,1000000000,170570.60450258333,true
video,170570605325250,1000000000,170570.60518108335,true
video,170570621991833,1000000000,170570.62250654167,true
audio,170570584209083,1000000000,170570.6257467917,true
video,170570638658291,1000000000,170570.63925191667,true
audio,170570604209083,1000000000,170570.64704654168,true
video,170570655325041,1000000000,170570.65580345836,true
audio,170570624209083,1000000000,170570.66845312502,true
video,170570671991541,1000000000,170570.672594875,true
audio,170570644209083,1000000000,170570.6897757917,true
video,170570696991416,1000000000,170570.692514875,true
video,170570713658041,1000000000,170570.71134408333,true
audio,170570664209083,1000000000,170570.71141108335,true
video,170570730324625,1000000000,170570.728253625,true
audio,170570684209083,1000000000,170570.732441,true
audio,170570704209083,1000000000,170570.73247066667,true
video,170570746991208,1000000000,170570.74494237502,true
audio,170570724209083,1000000000,170570.753818375,true
video,170570763657833,1000000000,170570.76217070833,true
audio,170570744209083,1000000000,170570.77513704167,true
video,170570780324458,1000000000,170570.77935016667,true
audio,170570764209083,1000000000,170570.79644175002,true
video,170570796991041,1000000000,170570.79660108333,true
video,170570813657625,1000000000,170570.81385966667,true
audio,170570784209041,1000000000,170570.81777408335,true
video,170570830324333,1000000000,170570.83059287502,true
audio,170570804209083,1000000000,170570.8391189167,true
video,170570846990833,1000000000,170570.84736462502,true
audio,170570824209083,1000000000,170570.86044733334,true
video,170570863657416,1000000000,170570.86403304167,true
audio,170570844209083,1000000000,170570.8817625,true
video,170570888657333,1000000000,170570.8837502917,true
video,170570905324041,1000000000,170570.9011377917,true
audio,170570864209083,1000000000,170570.903084875,true
video,170570921990541,1000000000,170570.9176341667,true
audio,170570884209083,1000000000,170570.92443333333,true
video,170570938657250,1000000000,170570.934977875,true
audio,170570904209083,1000000000,170570.94575516667,true
video,170570955323708,1000000000,170570.95165962502,true
audio,170570924209083,1000000000,170570.96709491668,true
video,170570971990291,1000000000,170570.96861679168,true
video,170570988656875,1000000000,170570.98565675,true
audio,170570944209083,1000000000,170570.98840458333,true
video,170571005323625,1000000000,170571.00316762502,true
audio,170570964209083,1000000000,170571.00975508333,true
video,170571021990083,1000000000,170571.02052904168,true
audio,170570984209083,1000000000,170571.0311446667,true
video,170571038656708,1000000000,170571.037479625,true
audio,170571004209041,1000000000,170571.052482875,true
audio,170571024209083,1000000000,170571.05251862502,true
video,170571055323291,1000000000,170571.05469816667,true
video,170571071990000,1000000000,170571.07152729167,true
audio,170571044209083,1000000000,170571.07380420834,true
video,170571088656666,1000000000,170571.08886183336,true
audio,170571064209041,1000000000,170571.09514125,true
video,170571113656416,1000000000,170571.108769125,true
audio,170571084209083,1000000000,170571.11649383334,true
video,170571130323125,1000000000,170571.12625508333,true
audio,170571104209083,1000000000,170571.13778216668,true
video,170571146989708,1000000000,170571.143296375,true
audio,170571124209083,1000000000,170571.1590914167,true
video,170571163656291,1000000000,170571.16054608335,true
video,170571180322833,1000000000,170571.17776129168,true
audio,170571144209083,1000000000,170571.18039595833,true
video,170571196989541,1000000000,170571.19481170835,true
audio,170571164209083,1000000000,170571.20176475,true
video,170571213656041,1000000000,170571.21177566668,true
audio,170571184209083,1000000000,170571.22309295833,true
video,170571230322625,1000000000,170571.22936583334,true
audio,170571204209083,1000000000,170571.24448579169,true
video,170571246989208,1000000000,170571.24694983335,true
video,170571263655833,1000000000,170571.26377891668,true
audio,170571224209083,1000000000,170571.26577300002,true
video,170571280322541,1000000000,170571.28054270835,true
audio,170571244209083,1000000000,170571.287080375,true
video,170571305322333,1000000000,170571.300140625,true
audio,170571264209083,1000000000,170571.30839750002,true
video,170571321988916,1000000000,170571.317002375,true
audio,170571284209041,1000000000,170571.32981658334,true
video,170571338655541,1000000000,170571.333814125,true
audio,170571304209083,1000000000,170571.35112833334,true
video,170571355322250,1000000000,170571.35168354167,true
video,170571371988708,1000000000,170571.36831675,true
audio,170571324209083,1000000000,170571.37241275,true
video,170571388655333,1000000000,170571.38504733334,true
audio,170571344209083,1000000000,170571.39376383333,true
video,170571405322041,1000000000,170571.40252004168,true
audio,170571364209083,1000000000,170571.415136625,true
audio,170571384209083,1000000000,170571.41518095834,true
video,170571421988541,1000000000,170571.41984266668,true
audio,170571404209083,1000000000,170571.436507125,true
video,170571438655125,1000000000,170571.43698133333,true
video,170571455321833,1000000000,170571.45383275,true
audio,170571424209083,1000000000,170571.45783925,true
video,170571471988333,1000000000,170571.470997125,true
audio,170571444209083,1000000000,170571.47916154168,true
video,170571488655041,1000000000,170571.48868266668,true
audio,170571464209083,1000000000,170571.500511875,true
video,170571505321541,1000000000,170571.50541916667,true
audio,170571484209083,1000000000,170571.52182408335,true
video,170571521988083,1000000000,170571.5221245417,true
video,170571546988041,1000000000,170571.5416935417,true
audio,170571504209041,1000000000,170571.543072125,true
video,170571563654583,1000000000,170571.55988516667,true
audio,170571524209083,1000000000,170571.5644085417,true
video,170571580321333,1000000000,170571.57666991669,true
audio,170571544209083,1000000000,170571.58577733336,true
video,170571596987833,1000000000,170571.59331750002,true
audio,170571564209041,1000000000,170571.60703154167,true
video,170571613654416,1000000000,170571.61101145836,true
video,170571630321125,1000000000,170571.62781537502,true
audio,170571584209083,1000000000,170571.62843408334,true
video,170571646987625,1000000000,170571.64474095835,true
audio,170571604209083,1000000000,170571.64978908334,true
video,170571663654250,1000000000,170571.6613849167,true
audio,170571624209083,1000000000,170571.67111145833,true
video,170571680320875,1000000000,170571.6786684167,true
audio,170571644209083,1000000000,170571.692428375,true
video,170571696987416,1000000000,170571.69606833335,true
video,170571713654041,1000000000,170571.7127855,true
audio,170571664209083,1000000000,170571.713786875,true
video,170571730320625,1000000000,170571.72973404167,true
audio,170571684209083,1000000000,170571.735213375,true
audio,170571704209083,1000000000,170571.73530125,true
video,170571746987208,1000000000,170571.74699933335,true
audio,170571724209083,1000000000,170571.75639625,true
video,170571763653833,1000000000,170571.76371275002,true
audio,170571744209083,1000000000,170571.77784420835,true
video,170571780320541,1000000000,170571.780397125,true
video,170571796987041,1000000000,170571.79713925,true
audio,170571764209083,1000000000,170571.79906604168,true
video,170571813653625,1000000000,170571.81386533333,true
audio,170571784209041,1000000000,170571.82050683335,true
video,170571838653541,1000000000,170571.83337004168,true
audio,170571804209083,1000000000,170571.84188891668,true
video,170571855320250,1000000000,170571.85055962502,true
audio,170571824209083,1000000000,170571.86316895834,true
video,170571871986708,1000000000,170571.86721237501,true
audio,170571844209083,1000000000,170571.8846487917,true
video,170571888653333,1000000000,170571.88505308333,true
video,170571905320041,1000000000,170571.90244704168,true
audio,170571864209083,1000000000,170571.90583420833,true
video,170571921986541,1000000000,170571.91955070835,true
audio,170571884209083,1000000000,170571.92726250002,true
video,170571938653125,1000000000,170571.93651958334,true
audio,170571904209083,1000000000,170571.94850275002,true
video,170571955319833,1000000000,170571.953961875,true
audio,170571924209083,1000000000,170571.96991775002,true
video,170571971986333,1000000000,170571.97118479168,true
video,170571988653083,1000000000,170571.98835370835,true
audio,170571944209083,1000000000,170571.99120979168,true
video,170572005319666,1000000000,170572.00556870835,true
audio,170571964209083,1000000000,170572.01255708333,true
video,170572021986166,1000000000,170572.0223865,true
audio,170571984209083,1000000000,170572.03386079168,true
video,170572038652750,1000000000,170572.040138375,true
audio,170572004209041,1000000000,170572.05517241667,true
audio,170572024209083,1000000000,170572.05522625,true
video,170572063652625,1000000000,170572.058230375,true
video,170572080319333,1000000000,170572.07492620836,true
audio,170572044209083,1000000000,170572.07646720833,true
video,170572096985833,1000000000,170572.09263770835,true
audio,170572064209041,1000000000,170572.09777829167,true
video,170572113652416,1000000000,170572.10950541668,true
audio,170572084209083,1000000000,170572.11912016667,true
video,170572130319125,1000000000,170572.12668883335,true
audio,170572104209083,1000000000,170572.1404085417,true
video,170572146985625,1000000000,170572.143328625,true
video,170572163652250,1000000000,170572.16025850002,true
audio,170572124209083,1000000000,170572.16177933334,true
video,170572180318833,1000000000,170572.17797079167,true
audio,170572144209083,1000000000,170572.18319708333,true
video,170572196985416,1000000000,170572.19499070835,true
audio,170572164209083,1000000000,170572.20442312502,true
video,170572213652041,1000000000,170572.21196279168,true
audio,170572184209083,1000000000,170572.22578458334,true
video,170572230318625,1000000000,170572.22916145835,true
video,170572246985208,1000000000,170572.24672000002,true
audio,170572204209083,1000000000,170572.24708733335,true
video,170572263651833,1000000000,170572.26388745834,true
audio,170572224209083,1000000000,170572.2684735,true
video,170572280318541,1000000000,170572.28057070833,true
audio,170572244209083,1000000000,170572.28972895833,true
audio,170572264209083,1000000000,170572.30044350002,true
video,170572305318333,1000000000,170572.301527125,true
video,170572321984916,1000000000,170572.31990775,true
audio,170572284209041,1000000000,170572.32174054167,true
video,170572338651541,1000000000,170572.33714141668,true
audio,170572304209083,1000000000,170572.3430671667,true
video,170572355318125,1000000000,170572.35482083334,true
audio,170572324209083,1000000000,170572.36444150002,true
video,170572371984708,1000000000,170572.37173916667,true
audio,170572344209083,1000000000,170572.38570133335,true
video,170572388651458,1000000000,170572.388818375,true
audio,170572364209083,1000000000,170572.40706629166,true
audio,170572384209083,1000000000,170572.40711595834,true
video,170572413651250,1000000000,170572.408839125,true
video,170572430317833,1000000000,170572.42680970835,true
audio,170572404209083,1000000000,170572.42842895834,true
video,170572446984416,1000000000,170572.44335129167,true
audio,170572424209083,1000000000,170572.44985758336,true
video,170572463651041,1000000000,170572.46058316668,true
audio,170572444209083,1000000000,170572.471097,true
video,170572480317666,1000000000,170572.477453875,true
audio,170572464209083,1000000000,170572.49243145835,true
video,170572496984250,1000000000,170572.49430366667,true
video,170572513650875,1000000000,170572.51203633336,true
audio,170572484209083,1000000000,170572.51375641668,true
video,170572530317458,1000000000,170572.52885225002,true
audio,170572504209041,1000000000,170572.53514704166,true
video,170572546984083,1000000000,170572.5458901667,true
audio,170572524209083,1000000000,170572.55641829167,true
video,170572563650666,1000000000,170572.56255991667,true
audio,170572544209083,1000000000,170572.57779283336,true
video,170572580317375,1000000000,170572.57972879166,true
video,170572596983875,1000000000,170572.59727712502,true
audio,170572564209041,1000000000,170572.59912620834,true
video,170572613650458,1000000000,170572.61383516667,true
audio,170572584209083,1000000000,170572.62041645835,true
video,170572638650333,1000000000,170572.63394733335,true
audio,170572604209083,1000000000,170572.64174129168,true
video,170572655316916,1000000000,170572.6507355,true
audio,170572624209083,1000000000,170572.66305637502,true
video,170572671983541,1000000000,170572.668817875,true
audio,170572644209083,1000000000,170572.68439550002,true
video,170572688650125,1000000000,170572.68590733333,true
video,170572705316875,1000000000,170572.70267716667,true
audio,170572664209083,1000000000,170572.70577662502,true
video,170572721983333,1000000000,170572.72006408335,true
audio,170572684209083,1000000000,170572.72711266667,true
audio,170572704209083,1000000000,170572.72714420833,true
video,170572738649916,1000000000,170572.73676700002,true
audio,170572724209083,1000000000,170572.74845995835,true
video,170572755316625,1000000000,170572.75375637502,true
audio,170572744209083,1000000000,170572.76981612502,true
video,170572771983125,1000000000,170572.77095670835,true
video,170572788649875,1000000000,170572.787977125,true
audio,170572764209083,1000000000,170572.79110333335,true
video,170572805316333,1000000000,170572.80551354168,true
audio,170572784209041,1000000000,170572.81249775,true
video,170572830316333,1000000000,170572.825915625,true
audio,170572804209083,1000000000,170572.83376570835,true
video,170572846982833,1000000000,170572.84309,true
audio,170572824209083,1000000000,170572.85516658335,true
video,170572863649416,1000000000,170572.86010445835,true
audio,170572844209083,1000000000,170572.87646283334,true
video,170572880316125,1000000000,170572.87775533335,true
video,170572896982666,1000000000,170572.89531570833,true
audio,170572864209083,1000000000,170572.89776183333,true
video,170572913649250,1000000000,170572.912786125,true
audio,170572884209083,1000000000,170572.91912158334,true
video,170572930315958,1000000000,170572.929927875,true
audio,170572904209083,1000000000,170572.94040904168,true
video,170572946982416,1000000000,170572.94698366668,true
audio,170572924209083,1000000000,170572.9617800417,true
video,170572963649166,1000000000,170572.96382233335,true
video,170572988648958,1000000000,170572.98303175002,true
audio,170572944209083,1000000000,170572.983094125,true
video,170573005315666,1000000000,170573.00075975002,true
audio,170572964209083,1000000000,170573.00449066667,true
video,170573021982166,1000000000,170573.01750170835,true
audio,170572984209083,1000000000,170573.025834625,true
video,170573038648875,1000000000,170573.03426833334,true
audio,170573004209041,1000000000,170573.04725416668,true
audio,170573024209083,1000000000,170573.04735162502,true
video,170573055315416,1000000000,170573.05230770833,true
audio,170573044209083,1000000000,170573.06862795833,true
video,170573071981958,1000000000,170573.06891683335,true
video,170573088648583,1000000000,170573.08576220836,true
audio,170573064209041,1000000000,170573.089844125,true
video,170573105315166,1000000000,170573.102583375,true
audio,170573084209083,1000000000,170573.11120475002,true
video,170573121981750,1000000000,170573.12011120835,true
audio,170573104209083,1000000000,170573.13264975,true
video,170573138648375,1000000000,170573.13708008334,true
audio,170573124209083,1000000000,170573.15387208335,true
video,170573155314916,1000000000,170573.1541380417,true
video,170573171981666,1000000000,170573.17191262502,true
audio,170573144209083,1000000000,170573.17517195834,true
video,170573188648125,1000000000,170573.18923829167,true
audio,170573164209083,1000000000,170573.19653583335,true
video,170573205314833,1000000000,170573.20609441667,true
audio,170573184209083,1000000000,170573.21795158336,true
video,170573230314750,1000000000,170573.22693158334,true
audio,170573204209083,1000000000,170573.23915025,true
video,170573246981208,1000000000,170573.24443604168,true
audio,170573224209083,1000000000,170573.2606845417,true
video,170573263647958,1000000000,170573.261363625,true
video,170573280314416,1000000000,170573.278219125,true
audio,170573244209083,1000000000,170573.28176195835,true
video,170573296981125,1000000000,170573.29555145834,true
audio,170573264209083,1000000000,170573.30308975,true
video,170573313647625,1000000000,170573.31251995833,true
audio,170573284209041,1000000000,170573.32446275002,true
video,170573330314375,1000000000,170573.32999241666,true
audio,170573304209083,1000000000,170573.345825875,true
video,170573346980833,1000000000,170573.3468437917,true
video,170573363647416,1000000000,170573.36407325,true
audio,170573324209083,1000000000,170573.36711658334,true
video,170573380314125,1000000000,170573.38068066668,true
audio,170573344209083,1000000000,170573.38850195834,true
video,170573396980666,1000000000,170573.39742908336,true
audio,170573364209083,1000000000,170573.40987920834,true
audio,170573384209083,1000000000,170573.409969125,true
video,170573413647375,1000000000,170573.4141735,true
video,170573430313833,1000000000,170573.4306866667,true
audio,170573404209083,1000000000,170573.43100912502,true
video,170573455313833,1000000000,170573.4508675,true
audio,170573424209083,1000000000,170573.45245291668,true
video,170573471980375,1000000000,170573.4676509167,true
audio,170573444209083,1000000000,170573.47378391668,true
video,170573488646958,1000000000,170573.48496341667,true
audio,170573464209083,1000000000,170573.49507545834,true
video,170573505313666,1000000000,170573.502745,true
audio,170573484209083,1000000000,170573.516443375,true
video,170573521980166,1000000000,170573.51982166668,true
video,170573538646750,1000000000,170573.53665041667,true
audio,170573504209041,1000000000,170573.5377405,true
video,170573555313458,1000000000,170573.55402854166,true
audio,170573524209083,1000000000,170573.55908320835,true
video,170573571979958,1000000000,170573.57169112502,true
audio,170573544209083,1000000000,170573.58043383335,true
video,170573588646583,1000000000,170573.58893775,true
audio,170573564209041,1000000000,170573.60183875,true
video,170573613646458,1000000000,170573.60860987502,true
audio,170573584209083,1000000000,170573.62311270833,true
video,170573630313166,1000000000,170573.62580325,true
video,170573646979666,1000000000,170573.64309645834,true
audio,170573604209083,1000000000,170573.64454266668,true
video,170573663646250,1000000000,170573.660016625,true
audio,170573624209083,1000000000,170573.665859375,true
video,170573680312958,1000000000,170573.676764625,true
audio,170573644209083,1000000000,170573.68719733335,true
video,170573696979416,1000000000,170573.693780625,true
audio,170573664209083,1000000000,170573.70845912502,true
video,170573713646041,1000000000,170573.71075845836,true
video,170573730312666,1000000000,170573.72770841667,true
audio,170573684209083,1000000000,170573.72970975,true
audio,170573704209083,1000000000,170573.72974525002,true
video,170573746979208,1000000000,170573.74441800002,true
audio,170573724209083,1000000000,170573.75114033333,true
video,170573763645833,1000000000,170573.76183841669,true
audio,170573744209083,1000000000,170573.77245545835,true
video,170573780312416,1000000000,170573.77902375002,true
audio,170573764209083,1000000000,170573.79384029168,true
video,170573796979125,1000000000,170573.79612887502,true
video,170573813645625,1000000000,170573.81311800002,true
audio,170573784209041,1000000000,170573.8150740417,true
video,170573830312333,1000000000,170573.83040191667,true
audio,170573804209083,1000000000,170573.8364615,true
video,170573846978833,1000000000,170573.8471645417,true
audio,170573824209083,1000000000,170573.85780254166,true
video,170573863645500,1000000000,170573.86387216666,true
audio,170573844209083,1000000000,170573.87929475002,true
video,170573880312208,1000000000,170573.8807997917,true
audio,170573864209083,1000000000,170573.900422625,true
video,170573905312083,1000000000,170573.90113420834,true
video,170573921978541,1000000000,170573.91811216666,true
audio,170573884209083,1000000000,170573.92179712502,true
video,170573938645125,1000000000,170573.93618625,true
audio,170573904209083,1000000000,170573.94313875,true
video,170573955311916,1000000000,170573.95363945834,true
audio,170573924209083,1000000000,170573.96451658334,true
video,170573971978375,1000000000,170573.97106083334,true
audio,170573944209083,1000000000,170573.985777375,true
video,170573988644958,1000000000,170573.98820620833,true
video,170574005311666,1000000000,170574.00508979167,true
audio,170573964209083,1000000000,170574.0070955417,true
video,170574021978166,1000000000,170574.02215520834,true
audio,170573984209083,1000000000,170574.02848925002,true
video,170574046978041,1000000000,170574.04261829169,true
audio,170574004209041,1000000000,170574.04988791668,true
audio,170574024209083,1000000000,170574.0499405,true
video,170574063644666,1000000000,170574.05938104168,true
audio,170574044209083,1000000000,170574.07120858334,true
video,170574080311375,1000000000,170574.076256,true
audio,170574064209041,1000000000,170574.09246862502,true
video,170574096977875,1000000000,170574.093016875,true
video,170574113644583,1000000000,170574.11012729167,true
audio,170574084209083,1000000000,170574.11373866667,true
video,170574130311166,1000000000,170574.12691445835,true
audio,170574104209083,1000000000,170574.13506758335,true
video,170574146977666,1000000000,170574.14367854167,true
audio,170574124209083,1000000000,170574.15637979168,true
video,170574163644250,1000000000,170574.16071408335,true
audio,170574144209083,1000000000,170574.1778196667,true
video,170574180310958,1000000000,170574.17812495833,true
video,170574196977458,1000000000,170574.19554179168,true
audio,170574164209083,1000000000,170574.19912820833,true
video,170574213644083,1000000000,170574.21310495835,true
audio,170574184209083,1000000000,170574.22046558335,true
video,170574230310666,1000000000,170574.23053908334,true
audio,170574204209083,1000000000,170574.241732125,true
video,170574255310666,1000000000,170574.2515574167,true
audio,170574224209083,1000000000,170574.263124875,true
video,170574271977125,1000000000,170574.26962179167,true
audio,170574244209083,1000000000,170574.28446791667,true
video,170574288643750,1000000000,170574.2873210417,true
video,170574305310458,1000000000,170574.30462091666,true
audio,170574264209083,1000000000,170574.30579625,true
video,170574321976916,1000000000,170574.32157995834,true
audio,170574284209041,1000000000,170574.32724241668,true
video,170574338643541,1000000000,170574.33872170834,true
audio,170574304209083,1000000000,170574.3484569167,true
video,170574355310125,1000000000,170574.35546820835,true
audio,170574324209083,1000000000,170574.369790375,true
video,170574380310083,1000000000,170574.37579783335,true
audio,170574344209083,1000000000,170574.39113633335,true
video,170574396976666,1000000000,170574.39337029168,true
video,170574413643250,1000000000,170574.41066312502,true
audio,170574364209083,1000000000,170574.41241837502,true
audio,170574384209083,1000000000,170574.4124515417,true
video,170574430309958,1000000000,170574.42756450002,true
audio,170574404209083,1000000000,170574.43379033334,true
video,170574446976458,1000000000,170574.44475916668,true
audio,170574424209083,1000000000,170574.45513895835,true
video,170574463643208,1000000000,170574.462169875,true
audio,170574444209083,1000000000,170574.4764305417,true
video,170574480309666,1000000000,170574.48000470834,true
video,170574496976250,1000000000,170574.49714620833,true
audio,170574464209083,1000000000,170574.49772795834,true
video,170574513642875,1000000000,170574.51395075,true
audio,170574484209083,1000000000,170574.519089125,true
video,170574530309458,1000000000,170574.53070225002,true
audio,170574504209041,1000000000,170574.540515,true
video,170574555309458,1000000000,170574.55166654167,true
audio,170574524209083,1000000000,170574.56182570834,true
video,170574571976083,1000000000,170574.56917495833,true
audio,170574544209083,1000000000,170574.58314683335,true
video,170574588642583,1000000000,170574.58615875,true
video,170574605309166,1000000000,170574.603249375,true
audio,170574564209041,1000000000,170574.6044595,true
video,170574621975750,1000000000,170574.620754375,true
audio,170574584209083,1000000000,170574.625815375,true
video,170574638642375,1000000000,170574.63791179168,true
audio,170574604209083,1000000000,170574.64718395835,true
video,170574655308958,1000000000,170574.65586054168,true
audio,170574624209083,1000000000,170574.66844216667,true
video,170574680308958,1000000000,170574.67553408333,true
audio,170574644209083,1000000000,170574.68979925002,true
video,170574696975458,1000000000,170574.69338683336,true
video,170574713642083,1000000000,170574.71042879167,true
audio,170574664209083,1000000000,170574.711086375,true
video,170574730308666,1000000000,170574.72751775,true
audio,170574684209083,1000000000,170574.73258591667,true
audio,170574704209083,1000000000,170574.73268037502,true
video,170574746975250,1000000000,170574.744481875,true
audio,170574724209083,1000000000,170574.75382254168,true
video,170574763642000,1000000000,170574.76225741667,true
audio,170574744209083,1000000000,170574.7751170417,true
video,170574780308583,1000000000,170574.77903591667,true
video,170574796975041,1000000000,170574.7960395,true
audio,170574764209083,1000000000,170574.796316625,true
video,170574813641666,1000000000,170574.81333,true
audio,170574784209041,1000000000,170574.81789129166,true
video,170574830308333,1000000000,170574.83009775,true
audio,170574804209083,1000000000,170574.83915675,true
video,170574846974875,1000000000,170574.84705020834,true
audio,170574824209083,1000000000,170574.860533625,true
video,170574863641458,1000000000,170574.86380800002,true
video,170574880308166,1000000000,170574.88061845835,true
audio,170574844209083,1000000000,170574.88176883335,true
video,170574896974666,1000000000,170574.89750970833,true
audio,170574864209083,1000000000,170574.90312983334,true
video,170574921974541,1000000000,170574.91715754167,true
audio,170574884209083,1000000000,170574.92443254168,true
video,170574938641166,1000000000,170574.93400133334,true
audio,170574904209083,1000000000,170574.94589325,true
video,170574955307791,1000000000,170574.95065512502,true
audio,170574924209083,1000000000,170574.96711958334,true
video,170574971974375,1000000000,170574.96731016668,true
video,170574988640958,1000000000,170574.98411966668,true
audio,170574944209083,1000000000,170574.98845341668,true
video,170575005307708,1000000000,170575.001231,true
audio,170574964209083,1000000000,170575.00982825,true
video,170575021974166,1000000000,170575.018866375,true
audio,170574984209083,1000000000,170575.03116975,true
video,170575038640750,1000000000,170575.03573941666,true
audio,170575004209041,1000000000,170575.05248787501,true
audio,170575024209083,1000000000,170575.05254658335,true
video,170575055307458,1000000000,170575.05294337502,true
video,170575071973958,1000000000,170575.07057820834,true
audio,170575044209083,1000000000,170575.0737565,true
video,170575088640583,1000000000,170575.08838600002,true
audio,170575064209041,1000000000,170575.09517241668,true
video,170575105307166,1000000000,170575.10546891668,true
audio,170575084209083,1000000000,170575.11642245835,true
video,170575121973750,1000000000,170575.12216337502,true
audio,170575104209083,1000000000,170575.13780375,true
video,170575146973666,1000000000,170575.14223608334,true
video,170575163640250,1000000000,170575.159135625,true
audio,170575124209083,1000000000,170575.15918787502,true
video,170575180307000,1000000000,170575.17613604167,true
audio,170575144209083,1000000000,170575.18041195834,true
video,170575196973500,1000000000,170575.19394504168,true
audio,170575164209083,1000000000,170575.20184345834,true
video,170575213640083,1000000000,170575.21084204168,true
audio,170575184209083,1000000000,170575.22317175,true
video,170575230306666,1000000000,170575.227693875,true
audio,170575204209083,1000000000,170575.24446933335,true
video,170575246973375,1000000000,170575.24500529168,true
video,170575263639916,1000000000,170575.26198954167,true
audio,170575224209083,1000000000,170575.26573008334,true
video,170575280306500,1000000000,170575.27888987502,true
audio,170575244209083,1000000000,170575.28713479167,true
video,170575296973083,1000000000,170575.2960355417,true
audio,170575264209083,1000000000,170575.30846816668,true
video,170575313639833,1000000000,170575.31326895836,true
audio,170575284209041,1000000000,170575.32979495835,true
video,170575330306291,1000000000,170575.3304915,true
video,170575346972875,1000000000,170575.34719766668,true
audio,170575304209083,1000000000,170575.3511317917,true
video,170575363639458,1000000000,170575.36397845834,true
audio,170575324209083,1000000000,170575.37242866668,true
video,170575388639375,1000000000,170575.38382087502,true
audio,170575344209083,1000000000,170575.39378116667,true
video,170575405305958,1000000000,170575.40071004166,true
audio,170575364209083,1000000000,170575.41511308335,true
audio,170575384209083,1000000000,170575.41520737502,true
video,170575421972541,1000000000,170575.41847995835,true
video,170575438639166,1000000000,170575.43522208335,true
audio,170575404209083,1000000000,170575.43638645834,true
video,170575455305875,1000000000,170575.45291070835,true
audio,170575424209083,1000000000,170575.457800375,true
video,170575471972375,1000000000,170575.46998891668,true
audio,170575444209083,1000000000,170575.4791404167,true
video,170575488638958,1000000000,170575.48707291667,true
audio,170575464209083,1000000000,170575.50050295834,true
video,170575505305708,1000000000,170575.50409783336,true
video,170575521972166,1000000000,170575.52145575001,true
audio,170575484209083,1000000000,170575.52175425002,true
video,170575538638750,1000000000,170575.53866312501,true
audio,170575504209041,1000000000,170575.54310820834,true
video,170575555305500,1000000000,170575.55550570835,true
audio,170575524209083,1000000000,170575.5644696667,true
video,170575571972000,1000000000,170575.5722925,true
audio,170575544209083,1000000000,170575.5857937917,true
video,170575596971875,1000000000,170575.59240308334,true
audio,170575564209041,1000000000,170575.60712204166,true
video,170575613638583,1000000000,170575.60926133333,true
video,170575630305166,1000000000,170575.62728375001,true
audio,170575584209083,1000000000,170575.62843716668,true
video,170575646971708,1000000000,170575.64505720834,true
audio,170575604209083,1000000000,170575.649744625,true
video,170575663638291,1000000000,170575.66206191666,true
audio,170575624209083,1000000000,170575.671119375,true
video,170575680305000,1000000000,170575.6791766667,true
audio,170575644209083,1000000000,170575.69243825,true
video,170575696971500,1000000000,170575.69633320835,true
video,170575713638208,1000000000,170575.71382125,true
audio,170575664209083,1000000000,170575.71388116668,true
video,170575730304708,1000000000,170575.73051133336,true
audio,170575684209083,1000000000,170575.73517070836,true
audio,170575704209083,1000000000,170575.73528233333,true
video,170575755304708,1000000000,170575.75008395835,true
audio,170575724209083,1000000000,170575.75650920835,true
video,170575771971208,1000000000,170575.76766670836,true
audio,170575744209083,1000000000,170575.7777847917,true
video,170575788637791,1000000000,170575.78443075,true
audio,170575764209083,1000000000,170575.7990955,true
video,170575805304416,1000000000,170575.801466125,true
video,170575821971000,1000000000,170575.81840529168,true
audio,170575784209041,1000000000,170575.82041629168,true
video,170575838637708,1000000000,170575.835341375,true
audio,170575804209083,1000000000,170575.84179083334,true
video,170575855304333,1000000000,170575.85308,true
audio,170575824209083,1000000000,170575.86315945836,true
video,170575871970791,1000000000,170575.86986591667,true
audio,170575844209083,1000000000,170575.88445658336,true
video,170575888637375,1000000000,170575.88679012502,true
video,170575905303958,1000000000,170575.90363283333,true
audio,170575864209083,1000000000,170575.9057505,true
video,170575921970541,1000000000,170575.9209155,true
audio,170575884209083,1000000000,170575.92719345834,true
video,170575938637291,1000000000,170575.93798266668,true
audio,170575904209083,1000000000,170575.94845016667,true
video,170575955303916,1000000000,170575.95516908335,true
audio,170575924209083,1000000000,170575.9698255417,true
video,170575971970375,1000000000,170575.97216054169,true
video,170575988636958,1000000000,170575.988797125,true
audio,170575944209083,1000000000,170575.99114525,true
video,170576013637000,1000000000,170576.00840354167,true
audio,170575964209083,1000000000,170576.01246470836,true
video,170576030303500,1000000000,170576.02586479168,true
audio,170575984209083,1000000000,170576.03381520836,true
video,170576046970083,1000000000,170576.04260108335,true
audio,170576004209041,1000000000,170576.05516216668,true
audio,170576024209083,1000000000,170576.0552205,true
video,170576063636708,1000000000,170576.060445375,true
audio,170576044209083,1000000000,170576.07643762502,true
video,170576080303416,1000000000,170576.07728354167,true
video,170576096970000,1000000000,170576.09479991667,true
audio,170576064209041,1000000000,170576.09777770835,true
video,170576113636500,1000000000,170576.11198241668,true
audio,170576084209083,1000000000,170576.1191079167,true
video,170576130303208,1000000000,170576.12879000002,true
audio,170576104209083,1000000000,170576.14044491667,true
video,170576146969708,1000000000,170576.14621858334,true
audio,170576124209083,1000000000,170576.16178275002,true
video,170576163636291,1000000000,170576.163183125,true
video,170576180303041,1000000000,170576.18013608333,true
audio,170576144209083,1000000000,170576.18315329167,true
video,170576196969500,1000000000,170576.19705779167,true
audio,170576164209083,1000000000,170576.2045024167,true
video,170576213636083,1000000000,170576.21370858335,true
audio,170576184209083,1000000000,170576.22589612502,true
video,170576230302708,1000000000,170576.23038066668,true
video,170576246969291,1000000000,170576.24719154168,true
audio,170576204209083,1000000000,170576.24725483335,true
video,170576271969208,1000000000,170576.26668979166,true
audio,170576224209083,1000000000,170576.26839341669,true
video,170576288635791,1000000000,170576.28352495833,true
audio,170576244209083,1000000000,170576.289728,true
video,170576305302541,1000000000,170576.30051170834,true
audio,170576264209083,1000000000,170576.30057575,true
video,170576321969041,1000000000,170576.31820679168,true
audio,170576284209041,1000000000,170576.32178425,true
video,170576338635625,1000000000,170576.33574529167,true
audio,170576304209083,1000000000,170576.34313854168,true
video,170576355302208,1000000000,170576.35295016668,true
audio,170576324209083,1000000000,170576.36444970834,true
video,170576371968791,1000000000,170576.37042295834,true
audio,170576344209083,1000000000,170576.38581616667,true
video,170576388635458,1000000000,170576.3874715,true
video,170576405302000,1000000000,170576.40501325,true
audio,170576364209083,1000000000,170576.40710358333,true
audio,170576384209083,1000000000,170576.40714308334,true
video,170576421968583,1000000000,170576.42207641667,true
audio,170576404209083,1000000000,170576.42842904167,true
video,170576438635208,1000000000,170576.43879154167,true
audio,170576424209083,1000000000,170576.44984266668,true
video,170576455301791,1000000000,170576.4555112917,true
audio,170576444209083,1000000000,170576.47114395833,true
video,170576480301833,1000000000,170576.47509345834,true
video,170576496968291,1000000000,170576.49245920836,true
audio,170576464209083,1000000000,170576.49252683335,true
video,170576513634916,1000000000,170576.51032033336,true
audio,170576484209083,1000000000,170576.51380066667,true
video,170576530301500,1000000000,170576.52773729168,true
audio,170576504209041,1000000000,170576.53515104167,true
video,170576546968125,1000000000,170576.545152625,true
audio,170576524209083,1000000000,170576.5563937917,true
video,170576563634708,1000000000,170576.56186325,true
audio,170576544209083,1000000000,170576.57775737502,true
video,170576580301291,1000000000,170576.578996375,true
video,170576596968000,1000000000,170576.59609354168,true
audio,170576564209041,1000000000,170576.59911087502,true
video,170576613634500,1000000000,170576.61308025,true
audio,170576584209083,1000000000,170576.620499125,true
video,170576630301208,1000000000,170576.6301802917,true
audio,170576604209083,1000000000,170576.64175150002,true
video,170576646967708,1000000000,170576.64731283335,true
audio,170576624209083,1000000000,170576.66316083336,true
video,170576663634291,1000000000,170576.66379800002,true
video,170576688634250,1000000000,170576.683667,true
audio,170576644209083,1000000000,170576.68444504167,true
video,170576705300833,1000000000,170576.70139245834,true
audio,170576664209083,1000000000,170576.70585841668,true
video,170576721967416,1000000000,170576.71848083334,true
audio,170576684209083,1000000000,170576.72706658335,true
audio,170576704209083,1000000000,170576.72712341667,true
video,170576738634000,1000000000,170576.73555862502,true
audio,170576724209083,1000000000,170576.74842795834,true
video,170576755300750,1000000000,170576.75252937502,true
audio,170576744209083,1000000000,170576.76980462502,true
video,170576771967250,1000000000,170576.76990183335,true
video,170576788633833,1000000000,170576.786801125,true
audio,170576764209083,1000000000,170576.79112558335,true
video,170576805300541,1000000000,170576.80380954169,true
audio,170576784209041,1000000000,170576.81245145833,true
video,170576821967041,1000000000,170576.82081008336,true
audio,170576804209083,1000000000,170576.83376658335,true
video,170576838633625,1000000000,170576.83825662502,true
audio,170576824209083,1000000000,170576.85516029169,true
video,170576855300333,1000000000,170576.85540237502,true
video,170576880300250,1000000000,170576.87488075002,true
audio,170576844209083,1000000000,170576.87643825,true
video,170576896966750,1000000000,170576.8915822917,true
audio,170576864209083,1000000000,170576.89785083334,true
video,170576913633333,1000000000,170576.908482,true
audio,170576884209083,1000000000,170576.919143375,true
video,170576930300041,1000000000,170576.92557883335,true
audio,170576904209083,1000000000,170576.94046183335,true
video,170576946966500,1000000000,170576.94229029168,true
video,170576963633208,1000000000,170576.959856,true
audio,170576924209083,1000000000,170576.96179320835,true
video,170576980299708,1000000000,170576.97659941667,true
audio,170576944209083,1000000000,170576.983191375,true
video,170576996966333,1000000000,170576.99347775002,true
audio,170576964209083,1000000000,170577.00442037501,true
video,170577013632916,1000000000,170577.01054045834,true
audio,170576984209083,1000000000,170577.02579816667,true
video,170577030299500,1000000000,170577.02748670834,true
video,170577046966250,1000000000,170577.04466120835,true
audio,170577004209041,1000000000,170577.04715241666,true
audio,170577024209083,1000000000,170577.04719595835,true
video,170577063632750,1000000000,170577.0620615,true
audio,170577044209083,1000000000,170577.06851341669,true
video,170577080299458,1000000000,170577.07944587502,true
audio,170577064209041,1000000000,170577.08986391668,true
video,170577096965916,1000000000,170577.09681454167,true
audio,170577084209083,1000000000,170577.11112770834,true
video,170577113632541,1000000000,170577.11364350002,true
video,170577130299250,1000000000,170577.13043458335,true
audio,170577104209083,1000000000,170577.13238654166,true
video,170577146965875,1000000000,170577.14714783334,true
audio,170577124209083,1000000000,170577.15376241668,true
video,170577163632333,1000000000,170577.16378466669,true
audio,170577144209083,1000000000,170577.1751217917,true
video,170577188632250,1000000000,170577.18355941668,true
audio,170577164209083,1000000000,170577.196456,true
video,170577205298958,1000000000,170577.20119208333,true
audio,170577184209083,1000000000,170577.21780154167,true
video,170577221965416,1000000000,170577.21880816668,true
video,170577238632041,1000000000,170577.23558170834,true
audio,170577204209083,1000000000,170577.239158375,true
video,170577255298750,1000000000,170577.2530287917,true
audio,170577224209083,1000000000,170577.26047525002,true
video,170577271965250,1000000000,170577.26979154168,true
audio,170577244209083,1000000000,170577.28180125,true
video,170577288631833,1000000000,170577.2874875,true
audio,170577264209083,1000000000,170577.303122,true
video,170577305298541,1000000000,170577.304718625,true
video,170577321965166,1000000000,170577.321888625,true
audio,170577284209041,1000000000,170577.3244755,true
video,170577338631666,1000000000,170577.33881275,true
audio,170577304209083,1000000000,170577.34574683334,true
video,170577363631541,1000000000,170577.358186,true
audio,170577324209083,1000000000,170577.36712862502,true
video,170577380298166,1000000000,170577.374822,true
audio,170577344209083,1000000000,170577.38842304167,true
video,170577396964875,1000000000,170577.39174591668,true
video,170577413631375,1000000000,170577.40879058334,true
audio,170577364209083,1000000000,170577.40980608333,true
audio,170577384209083,1000000000,170577.40984408333,true
video,170577430298083,1000000000,170577.42594050002,true
audio,170577404209083,1000000000,170577.43113850002,true
video,170577446964583,1000000000,170577.44321033335,true
audio,170577424209083,1000000000,170577.45252708334,true
video,170577463631166,1000000000,170577.46012095833,true
audio,170577444209083,1000000000,170577.47379120835,true
video,170577480297875,1000000000,170577.47726241668,true
video,170577496964333,1000000000,170577.49394800002,true
audio,170577464209083,1000000000,170577.49514008334,true
video,170577513630958,1000000000,170577.51064041667,true
audio,170577484209083,1000000000,170577.51647758335,true
video,170577530297541,1000000000,170577.527783125,true
audio,170577504209041,1000000000,170577.5378025417,true
video,170577546964125,1000000000,170577.545175125,true
audio,170577524209083,1000000000,170577.55920895835,true
video,170577563630750,1000000000,170577.56230762502,true
video,170577580297333,1000000000,170577.57990841666,true
audio,170577544209083,1000000000,170577.58046391667,true
video,170577596964041,1000000000,170577.59721370833,true
audio,170577564209041,1000000000,170577.60181391667,true
video,170577621963833,1000000000,170577.61702008333,true
audio,170577584209083,1000000000,170577.62312608334,true
video,170577638630458,1000000000,170577.634431125,true
audio,170577604209083,1000000000,170577.64441529167,true
video,170577655297041,1000000000,170577.65138529168,true
audio,170577624209083,1000000000,170577.6658135,true
video,170577671963750,1000000000,170577.66872404166,true
video,170577688630291,1000000000,170577.68590937502,true
audio,170577644209083,1000000000,170577.68706358335,true
video,170577705296875,1000000000,170577.70320066667,true
audio,170577664209083,1000000000,170577.70846391667,true
video,170577721963458,1000000000,170577.72055875,true
audio,170577684209083,1000000000,170577.7297596667,true
audio,170577704209083,1000000000,170577.72980320835,true
video,170577738630083,1000000000,170577.73805958335,true
audio,170577724209083,1000000000,170577.75110366667,true
video,170577755296833,1000000000,170577.75468804166,true
video,170577771963291,1000000000,170577.77189550002,true
audio,170577744209083,1000000000,170577.77242983333,true
video,170577788629875,1000000000,170577.78880345833,true
audio,170577764209083,1000000000,170577.79375875002,true
video,170577805296583,1000000000,170577.80557908333,true
audio,170577784209041,1000000000,170577.81510520834,true
video,170577830296375,1000000000,170577.82621829168,true
audio,170577804209083,1000000000,170577.83648712502,true
video,170577846963083,1000000000,170577.84388733335,true
audio,170577824209083,1000000000,170577.85782291667,true
video,170577863629583,1000000000,170577.8605692917,true
video,170577880296291,1000000000,170577.87747900002,true
audio,170577844209083,1000000000,170577.879139625,true
video,170577896962916,1000000000,170577.89490504167,true
audio,170577864209083,1000000000,170577.90052845835,true
video,170577913629500,1000000000,170577.91206345835,true
audio,170577884209083,1000000000,170577.92179350002,true
video,170577930296083,1000000000,170577.92906704167,true
audio,170577904209083,1000000000,170577.94326445836,true
video,170577946962625,1000000000,170577.94633958334,true
video,170577963629208,1000000000,170577.96297620834,true
audio,170577924209083,1000000000,170577.9644655,true
video,170577980295916,1000000000,170577.98020804167,true
audio,170577944209083,1000000000,170577.98577333335,true
video,170577996962375,1000000000,170577.99706258334,true
audio,170577964209083,1000000000,170578.00713279168,true
video,170578013629000,1000000000,170578.01375525002,true
audio,170577984209083,1000000000,170578.02844433335,true
video,170578030295583,1000000000,170578.03044833333,true
video,170578046962166,1000000000,170578.04726400002,true
audio,170578004209041,1000000000,170578.0497969167,true
audio,170578024209083,1000000000,170578.04986425,true
video,170578071962083,1000000000,170578.06808945833,true
audio,170578044209083,1000000000,170578.07108875,true
video,170578088628666,1000000000,170578.08501191667,true
audio,170578064209041,1000000000,170578.09246450002,true
video,170578105295375,1000000000,170578.10210408334,true
audio,170578084209083,1000000000,170578.1137684167,true
video,170578121961875,1000000000,170578.118801625,true
audio,170578104209083,1000000000,170578.13515641668,true
video,170578138628500,1000000000,170578.13614604168,true
video,170578155295208,1000000000,170578.15282370834,true
audio,170578124209083,1000000000,170578.15649620834,true
video,170578171961666,1000000000,170578.16953991668,true
audio,170578144209083,1000000000,170578.177868,true
video,170578188628291,1000000000,170578.18618470835,true
audio,170578164209083,1000000000,170578.19908504168,true
video,170578205294875,1000000000,170578.20285191666,true
video,170578221961583,1000000000,170578.22010516666,true
audio,170578184209083,1000000000,170578.22040358334,true
video,170578238628125,1000000000,170578.237843375,true
audio,170578204209083,1000000000,170578.24176541666,true
video,170578255294708,1000000000,170578.2554975417,true
audio,170578224209083,1000000000,170578.2630695417,true
video,170578280294583,1000000000,170578.27593566666,true
audio,170578244209083,1000000000,170578.28441120835,true
video,170578296961291,1000000000,170578.293656625,true
audio,170578264209083,1000000000,170578.30577370836,true
video,170578313627833,1000000000,170578.31109654167,true
audio,170578284209041,1000000000,170578.32715470836,true
video,170578330294416,1000000000,170578.32776166667,true
video,170578346961000,1000000000,170578.34508429168,true
audio,170578304209083,1000000000,170578.34841016668,true
video,170578363627625,1000000000,170578.36259420833,true
audio,170578324209083,1000000000,170578.36972854167,true
video,170578380294333,1000000000,170578.379930625,true
audio,170578344209083,1000000000,170578.39108795836,true
video,170578396960833,1000000000,170578.39704558335,true
audio,170578364209083,1000000000,170578.41243125,true
audio,170578384209083,1000000000,170578.41247770833,true
video,170578413627416,1000000000,170578.41375920834,true
video,170578430294125,1000000000,170578.43053929167,true
audio,170578404209083,1000000000,170578.4337715417,true
video,170578455293916,1000000000,170578.45100479168,true
audio,170578424209083,1000000000,170578.455087625,true
video,170578471960500,1000000000,170578.46858862502,true
audio,170578444209083,1000000000,170578.47641225002,true
video,170578488627125,1000000000,170578.48571883334,true
audio,170578464209083,1000000000,170578.49775141667,true
video,170578505293833,1000000000,170578.50294804169,true
audio,170578484209083,1000000000,170578.519083625,true
video,170578521960333,1000000000,170578.52016079167,true
video,170578538626916,1000000000,170578.53773879167,true
audio,170578504209041,1000000000,170578.54043695834,true
video,170578555293666,1000000000,170578.55487770835,true
audio,170578524209083,1000000000,170578.5617755417,true
video,170578571960166,1000000000,170578.57209250002,true
audio,170578544209083,1000000000,170578.58312154168,true
video,170578588626708,1000000000,170578.5887295417,true
audio,170578564209041,1000000000,170578.60442479167,true
video,170578613626625,1000000000,170578.60829133334,true
video,170578630293208,1000000000,170578.62575783333,true
audio,170578584209083,1000000000,170578.62582062502,true
video,170578646959833,1000000000,170578.64329195835,true
audio,170578604209083,1000000000,170578.64716854168,true
video,170578663626416,1000000000,170578.66017829167,true
audio,170578624209083,1000000000,170578.66841804166,true
video,170578680293125,1000000000,170578.67723237502,true
audio,170578644209083,1000000000,170578.689771625,true
video,170578696959625,1000000000,170578.69430345835,true
video,170578713626208,1000000000,170578.71110458334,true
audio,170578664209083,1000000000,170578.71116679168,true
video,170578730292916,1000000000,170578.72891966667,true
audio,170578684209083,1000000000,170578.73247929168,true
audio,170578704209083,1000000000,170578.732534625,true
video,170578746959416,1000000000,170578.74645075,true
audio,170578724209083,1000000000,170578.75378725,true
video,170578763626125,1000000000,170578.76376650002,true
audio,170578744209083,1000000000,170578.77516354166,true
video,170578788625916,1000000000,170578.78374591668,true
audio,170578764209083,1000000000,170578.7964275,true
video,170578805292666,1000000000,170578.80076470834,true
audio,170578784209041,1000000000,170578.81782345835,true
video,170578821959125,1000000000,170578.81894420835,true
video,170578838625708,1000000000,170578.83593016668,true
audio,170578804209083,1000000000,170578.83912491667,true
video,170578855292458,1000000000,170578.85337866668,true
audio,170578824209083,1000000000,170578.86058875002,true
video,170578871958958,1000000000,170578.87033900002,true
audio,170578844209083,1000000000,170578.88177108334,true
video,170578888625541,1000000000,170578.88808983334,true
audio,170578864209083,1000000000,170578.90327629168,true
video,170578905292250,1000000000,170578.90483483335,true
video,170578921958750,1000000000,170578.92207395835,true
audio,170578884209083,1000000000,170578.92442895833,true
video,170578946958666,1000000000,170578.94159683335,true
audio,170578904209083,1000000000,170578.94575170835,true
video,170578963625250,1000000000,170578.958698875,true
audio,170578924209083,1000000000,170578.9670696667,true
video,170578980292000,1000000000,170578.97680358335,true
audio,170578944209083,1000000000,170578.98842754168,true
video,170578996958458,1000000000,170578.9937640417,true
audio,170578964209083,1000000000,170579.00988329167,true
video,170579013625166,1000000000,170579.01043445835,true
video,170579030291666,1000000000,170579.02749766668,true
audio,170578984209083,1000000000,170579.031036375,true
video,170579046958250,1000000000,170579.04449004168,true
audio,170579004209041,1000000000,170579.05238145834,true
audio,170579024209083,1000000000,170579.05242845835,true
video,170579063624875,1000000000,170579.06170845835,true
audio,170579044209083,1000000000,170579.07374695834,true
video,170579080291458,1000000000,170579.07894483334,true
audio,170579064209041,1000000000,170579.0950970417,true
video,170579096958000,1000000000,170579.09634770834,true
video,170579113624625,1000000000,170579.11378012502,true
audio,170579084209083,1000000000,170579.11642895834,true
video,170579130291333,1000000000,170579.13060004168,true
audio,170579104209083,1000000000,170579.1377751667,true
video,170579155291125,1000000000,170579.14998145835,true
audio,170579124209083,1000000000,170579.159137625,true
video,170579171957708,1000000000,170579.16795341668,true
audio,170579144209083,1000000000,170579.18042504168,true
video,170579188624375,1000000000,170579.18517525002,true
audio,170579164209083,1000000000,170579.20176225,true
video,170579205290958,1000000000,170579.20234004167,true
video,170579221957541,1000000000,170579.21988412502,true
audio,170579184209083,1000000000,170579.22305445836,true
video,170579238624166,1000000000,170579.23720608334,true
audio,170579204209083,1000000000,170579.24446379166,true
video,170579255290750,1000000000,170579.254182,true
audio,170579224209083,1000000000,170579.26574875,true
video,170579271957458,1000000000,170579.27141683333,true
audio,170579244209083,1000000000,170579.28708945835,true
video,170579288624083,1000000000,170579.28874320834,true
video,170579305290666,1000000000,170579.3055030417,true
audio,170579264209083,1000000000,170579.30840970835,true
video,170579330290458,1000000000,170579.32553954166,true
audio,170579284209041,1000000000,170579.32978416668,true
video,170579346957041,1000000000,170579.34278579167,true
audio,170579304209083,1000000000,170579.35117408333,true
video,170579363623666,1000000000,170579.36029850002,true
audio,170579324209083,1000000000,170579.37240516668,true
video,170579380290375,1000000000,170579.3769856667,true
video,170579396957000,1000000000,170579.393786125,true
audio,170579344209083,1000000000,170579.39384279167,true
video,170579413623458,1000000000,170579.410560875,true
audio,170579364209083,1000000000,170579.4151419167,true
audio,170579384209083,1000000000,170579.41518583335,true
video,170579430290166,1000000000,170579.42752758335,true
audio,170579404209083,1000000000,170579.43641762502,true
video,170579446956666,1000000000,170579.44524145834,true
audio,170579424209083,1000000000,170579.45779358334,true
video,170579463623291,1000000000,170579.462898125,true
audio,170579444209083,1000000000,170579.47909254167,true
video,170579480290000,1000000000,170579.47967729167,true
video,170579496956500,1000000000,170579.49654670834,true
audio,170579464209083,1000000000,170579.50044795833,true
video,170579513623083,1000000000,170579.51382625,true
audio,170579484209083,1000000000,170579.52174679167,true
video,170579538623000,1000000000,170579.53308300002,true
audio,170579504209041,1000000000,170579.54317054167,true
video,170579555289708,1000000000,170579.54999341667,true
audio,170579524209083,1000000000,170579.56443004168,true
video,170579571956208,1000000000,170579.567351,true
video,170579588622791,1000000000,170579.5853465417,true
audio,170579544209083,1000000000,170579.58571429166,true
video,170579605289500,1000000000,170579.60185937502,true
audio,170579564209041,1000000000,170579.6072857917,true
video,170579621956000,1000000000,170579.61884341668,true
audio,170579584209083,1000000000,170579.6284876667,true
video,170579638622583,1000000000,170579.63576579167,true
audio,170579604209083,1000000000,170579.64980829167,true
video,170579655289291,1000000000,170579.65242637502,true
video,170579671955750,1000000000,170579.66895554168,true
audio,170579624209083,1000000000,170579.67112454167,true
video,170579688622375,1000000000,170579.6855559167,true
audio,170579644209083,1000000000,170579.69244050002,true
video,170579705288958,1000000000,170579.70235183334,true
audio,170579664209083,1000000000,170579.71375429168,true
video,170579721955666,1000000000,170579.7190496667,true
audio,170579684209083,1000000000,170579.73519925002,true
audio,170579704209083,1000000000,170579.73525975,true
video,170579738622291,1000000000,170579.73562833335,true
video,170579755288791,1000000000,170579.75343425001,true
audio,170579724209083,1000000000,170579.75641208334,true
video,170579771955375,1000000000,170579.77029929167,true
audio,170579744209083,1000000000,170579.77778770836,true
video,170579788621958,1000000000,170579.78732920834,true
audio,170579764209083,1000000000,170579.79913341667,true
video,170579805288708,1000000000,170579.80426808333,true
audio,170579784209041,1000000000,170579.82042629167,true
video,170579821955208,1000000000,170579.82157650002,true
video,170579838621791,1000000000,170579.8386145417,true
audio,170579804209083,1000000000,170579.84177979166,true
video,170579855288500,1000000000,170579.85546620833,true
audio,170579824209083,1000000000,170579.86310620833,true
video,170579871955000,1000000000,170579.872122625,true
audio,170579844209083,1000000000,170579.884445625,true
video,170579888621583,1000000000,170579.888818,true
audio,170579864209083,1000000000,170579.90577525002,true
video,170579913621625,1000000000,170579.908730875,true
video,170579930288125,1000000000,170579.926293,true
audio,170579884209083,1000000000,170579.92712020833,true
video,170579946954708,1000000000,170579.9435275,true
audio,170579904209083,1000000000,170579.94841475002,true
video,170579963621291,1000000000,170579.96032070834,true
audio,170579924209083,1000000000,170579.9697795,true
video,170579980288041,1000000000,170579.97765420834,true
audio,170579944209083,1000000000,170579.99113933335,true
video,170579996954500,1000000000,170579.99469425002,true
video,170580013621250,1000000000,170580.01209433333,true
audio,170579964209083,1000000000,170580.01254325002,true
video,170580030287833,1000000000,170580.02965483334,true
audio,170579984209083,1000000000,170580.03380333335,true
video,170580046954416,1000000000,170580.0465365417,true
audio,170580004209041,1000000000,170580.05517875002,true
audio,170580024209083,1000000000,170580.05523808335,true
video,170580063620916,1000000000,170580.06397995833,true
audio,170580044209083,1000000000,170580.076435125,true
video,170580088620875,1000000000,170580.08417658333,true
audio,170580064209041,1000000000,170580.09782179169,true
video,170580105287541,1000000000,170580.101436875,true
video,170580121954041,1000000000,170580.1184389167,true
audio,170580084209083,1000000000,170580.11910375,true
video,170580138620625,1000000000,170580.13552308336,true
audio,170580104209083,1000000000,170580.14047095834,true
video,170580155287333,1000000000,170580.15246820834,true
audio,170580124209083,1000000000,170580.16182908334,true
video,170580171953833,1000000000,170580.168985125,true
audio,170580144209083,1000000000,170580.18313920835,true
video,170580188620458,1000000000,170580.185902,true
video,170580205287125,1000000000,170580.20319325,true
audio,170580164209083,1000000000,170580.204428,true
video,170580221953583,1000000000,170580.21997766668,true
audio,170580184209083,1000000000,170580.22575125002,true
video,170580238620208,1000000000,170580.23712275,true
audio,170580204209083,1000000000,170580.24714687502,true
video,170580255286791,1000000000,170580.253929,true
audio,170580224209083,1000000000,170580.26844070834,true
video,170580271953500,1000000000,170580.2714745,true
video,170580288620000,1000000000,170580.2884475,true
audio,170580244209083,1000000000,170580.289767125,true
audio,170580264209083,1000000000,170580.3004809167,true
video,170580305286708,1000000000,170580.30569470834,true
audio,170580284209041,1000000000,170580.32179279168,true
video,170580330286500,1000000000,170580.32487137502,true
video,170580346953208,1000000000,170580.34205966667,true
audio,170580304209083,1000000000,170580.34307970834,true
video,170580363619833,1000000000,170580.35916920836,true
audio,170580324209083,1000000000,170580.36443658333,true
video,170580380286333,1000000000,170580.37587741666,true
audio,170580344209083,1000000000,170580.385781875,true
video,170580396952916,1000000000,170580.39295516667,true
audio,170580364209083,1000000000,170580.4071647917,true
audio,170580384209083,1000000000,170580.40721283335,true
video,170580413619500,1000000000,170580.41001620833,true
video,170580430286291,1000000000,170580.4271357917,true
audio,170580404209083,1000000000,170580.42845475,true
video,170580446952750,1000000000,170580.444109,true
audio,170580424209083,1000000000,170580.44981050002,true
video,170580463619333,1000000000,170580.46088708335,true
audio,170580444209083,1000000000,170580.47112083333,true
video,170580480286041,1000000000,170580.47780829167,true
audio,170580464209083,1000000000,170580.4924405,true
video,170580496952541,1000000000,170580.49533366668,true
video,170580513619125,1000000000,170580.51193483334,true
audio,170580484209083,1000000000,170580.51376383335,true
video,170580530285833,1000000000,170580.529801125,true
audio,170580504209041,1000000000,170580.53520458334,true
video,170580546952333,1000000000,170580.54657708335,true
audio,170580524209083,1000000000,170580.55646741667,true
video,170580563618958,1000000000,170580.56380008336,true
audio,170580544209083,1000000000,170580.57786033335,true
video,170580580285541,1000000000,170580.58058916667,true
audio,170580564209041,1000000000,170580.59921875002,true
video,170580605285541,1000000000,170580.60054545835,true
video,170580621952041,1000000000,170580.61800604168,true
audio,170580584209083,1000000000,170580.62041962502,true
video,170580638618750,1000000000,170580.63563470833,true
audio,170580604209083,1000000000,170580.64177095835,true
video,170580655285416,1000000000,170580.65217808334,true
audio,170580624209083,1000000000,170580.66313908334,true
video,170580671951833,1000000000,170580.66897858333,true
audio,170580644209083,1000000000,170580.68443725002,true
video,170580688618458,1000000000,170580.68593170834,true
video,170580705285041,1000000000,170580.70296441668,true
audio,170580664209083,1000000000,170580.7057555,true
video,170580721951666,1000000000,170580.72057416668,true
audio,170580684209083,1000000000,170580.727133125,true
audio,170580704209083,1000000000,170580.727194125,true
video,170580738618250,1000000000,170580.73825008335,true
audio,170580724209083,1000000000,170580.74842558336,true
video,170580755284833,1000000000,170580.755508125,true
audio,170580744209083,1000000000,170580.76978120834,true
video,170580780284833,1000000000,170580.7749681667,true
audio,170580764209083,1000000000,170580.7911280417,true
video,170580796951333,1000000000,170580.79224691668,true
video,170580813617958,1000000000,170580.81021266666,true
audio,170580784209041,1000000000,170580.81238800002,true
video,170580830284541,1000000000,170580.8271747917,true
audio,170580804209083,1000000000,170580.83384704168,true
video,170580846951125,1000000000,170580.84408950002,true
audio,170580824209083,1000000000,170580.85509958334,true
video,170580863617750,1000000000,170580.860759625,true
audio,170580844209083,1000000000,170580.87643200002,true
video,170580880284333,1000000000,170580.87734929167,true
video,170580896950916,1000000000,170580.89400025,true
audio,170580864209083,1000000000,170580.89777158335,true
video,170580913617541,1000000000,170580.91178750002,true
audio,170580884209083,1000000000,170580.91907595834,true
video,170580930284250,1000000000,170580.92872250002,true
audio,170580904209083,1000000000,170580.94048058335,true
video,170580946950750,1000000000,170580.94611929168,true
audio,170580924209083,1000000000,170580.96182237501,true
video,170580963617333,1000000000,170580.9631545,true
video,170580980284041,1000000000,170580.98026354169,true
audio,170580944209083,1000000000,170580.98306304167,true
video,170580996950541,1000000000,170580.99728937502,true
audio,170580964209083,1000000000,170581.00446916668,true
video,170581013617166,1000000000,170581.01401058334,true
audio,170580984209083,1000000000,170581.02584583336,true
video,170581038617083,1000000000,170581.0334531667,true
audio,170581004209041,1000000000,170581.04713737502,true
audio,170581024209083,1000000000,170581.0471995,true
video,170581055283791,1000000000,170581.05042275,true
video,170581071950250,1000000000,170581.06718933335,true
audio,170581044209083,1000000000,170581.068496625,true
video,170581088616875,1000000000,170581.08518312502,true
audio,170581064209041,1000000000,170581.08971804168,true
video,170581105283583,1000000000,170581.10241433335,true
audio,170581084209083,1000000000,170581.11111025,true
video,170581121950083,1000000000,170581.12005754167,true
audio,170581104209083,1000000000,170581.13247883334,true
video,170581138616750,1000000000,170581.13740366668,true
audio,170581124209083,1000000000,170581.15392425001,true
video,170581155283416,1000000000,170581.15522416666,true
video,170581171949875,1000000000,170581.172050875,true
audio,170581144209083,1000000000,170581.17510841668,true
video,170581188616500,1000000000,170581.18903033333,true
audio,170581164209083,1000000000,170581.19643479167,true
video,170581213616375,1000000000,170581.20871195834,true
audio,170581184209083,1000000000,170581.21782183336,true
video,170581230283083,1000000000,170581.2260062917,true
audio,170581204209083,1000000000,170581.23915604167,true
video,170581246949583,1000000000,170581.24341070835,true
audio,170581224209083,1000000000,170581.26045962502,true
video,170581263616291,1000000000,170581.26058195834,true
video,170581280282750,1000000000,170581.277290125,true
audio,170581244209083,1000000000,170581.28177808336,true
video,170581296949333,1000000000,170581.29416008334,true
audio,170581264209083,1000000000,170581.30309579166,true
video,170581313615958,1000000000,170581.3110529167,true
audio,170581284209041,1000000000,170581.32442575,true
video,170581330282541,1000000000,170581.3280805417,true
video,170581346949125,1000000000,170581.34528116666,true
audio,170581304209083,1000000000,170581.34570545834,true
video,170581363615875,1000000000,170581.36205995834,true
audio,170581324209083,1000000000,170581.36710333335,true
video,170581380282333,1000000000,170581.37880120834,true
audio,170581344209083,1000000000,170581.388528,true
video,170581396949041,1000000000,170581.395591,true
audio,170581364209083,1000000000,170581.40977425,true
audio,170581384209083,1000000000,170581.40982958334,true
video,170581413615583,1000000000,170581.41325833334,true
video,170581430282166,1000000000,170581.43041583334,true
audio,170581404209083,1000000000,170581.431091375,true
video,170581446948750,1000000000,170581.447158625,true
audio,170581424209083,1000000000,170581.45243962502,true
video,170581471948666,1000000000,170581.46695616667,true
audio,170581444209083,1000000000,170581.47381245834,true
video,170581488615291,1000000000,170581.48366525,true
audio,170581464209083,1000000000,170581.49508833335,true
video,170581505281875,1000000000,170581.50147379166,true
audio,170581484209083,1000000000,170581.5164327917,true
video,170581521948458,1000000000,170581.51883000002,true
video,170581538615083,1000000000,170581.5360296667,true
audio,170581504209041,1000000000,170581.53772800002,true
video,170581555281791,1000000000,170581.55293958334,true
audio,170581524209083,1000000000,170581.559121875,true
video,170581571948291,1000000000,170581.56960491667,true
audio,170581544209083,1000000000,170581.580396125,true
video,170581588614875,1000000000,170581.58715566667,true
audio,170581564209041,1000000000,170581.601871625,true
video,170581605281583,1000000000,170581.60456575002,true
video,170581621948208,1000000000,170581.62196037502,true
audio,170581584209083,1000000000,170581.62307625002,true
video,170581638614666,1000000000,170581.63893191668,true
audio,170581604209083,1000000000,170581.64441004168,true
video,170581663614583,1000000000,170581.6584295,true
audio,170581624209083,1000000000,170581.66572925,true
video,170581680281291,1000000000,170581.67550108334,true
audio,170581644209083,1000000000,170581.68710150002,true
video,170581696947791,1000000000,170581.69211579167,true
audio,170581664209083,1000000000,170581.70846441668,true
video,170581713614375,1000000000,170581.70899158335,true
video,170581730281083,1000000000,170581.72676175,true
audio,170581684209083,1000000000,170581.72980379168,true
audio,170581704209083,1000000000,170581.729873125,true
video,170581746947583,1000000000,170581.74393858336,true
audio,170581724209083,1000000000,170581.75125595834,true
video,170581763614291,1000000000,170581.76114758334,true
audio,170581744209083,1000000000,170581.772439875,true
video,170581780280916,1000000000,170581.77854291667,true
audio,170581764209083,1000000000,170581.79376645834,true
video,170581796947416,1000000000,170581.795561125,true
video,170581813614000,1000000000,170581.8124292917,true
audio,170581784209041,1000000000,170581.81515929167,true
video,170581830280541,1000000000,170581.82989125,true
audio,170581804209083,1000000000,170581.83646170836,true
video,170581846947250,1000000000,170581.84703212502,true
audio,170581824209083,1000000000,170581.85776145835,true
video,170581863613791,1000000000,170581.86386070834,true
audio,170581844209083,1000000000,170581.87912612502,true
video,170581888613666,1000000000,170581.88310533334,true
video,170581905280416,1000000000,170581.90030425,true
audio,170581864209083,1000000000,170581.90036329167,true
video,170581921946875,1000000000,170581.917137,true
audio,170581884209083,1000000000,170581.92185812502,true
video,170581938613583,1000000000,170581.93507408333,true
audio,170581904209083,1000000000,170581.94312983335,true
video,170581955280083,1000000000,170581.95175920834,true
audio,170581924209083,1000000000,170581.964508625,true
video,170581971946666,1000000000,170581.96871266668,true
video,170581988613291,1000000000,170581.985774875,true
audio,170581944209083,1000000000,170581.98583916668,true
video,170582005279875,1000000000,170582.00290400002,true
audio,170581964209083,1000000000,170582.0071595,true
video,170582021946458,1000000000,170582.01974075002,true
audio,170581984209083,1000000000,170582.02860154168,true
video,170582038613083,1000000000,170582.03711979167,true
audio,170582004209041,1000000000,170582.04984079167,true
audio,170582024209083,1000000000,170582.04986891669,true
video,170582055279666,1000000000,170582.05456387502,true
audio,170582044209083,1000000000,170582.07112745833,true
video,170582071946291,1000000000,170582.07203454166,true
video,170582088612875,1000000000,170582.08876566667,true
audio,170582064209041,1000000000,170582.09245883333,true
video,170582105279583,1000000000,170582.10548783335,true
audio,170582084209083,1000000000,170582.11379,true
video,170582130279375,1000000000,170582.12580616667,true
audio,170582104209083,1000000000,170582.13519920834,true
video,170582146945958,1000000000,170582.14348016668,true
audio,170582124209083,1000000000,170582.15647658333,true
video,170582163612625,1000000000,170582.1608415,true
audio,170582144209083,1000000000,170582.17780016668,true
video,170582180279208,1000000000,170582.17793229167,true
video,170582196945791,1000000000,170582.19560512502,true
audio,170582164209083,1000000000,170582.19912695835,true
video,170582213612375,1000000000,170582.212768625,true
audio,170582184209083,1000000000,170582.22043145835,true
video,170582230279125,1000000000,170582.23009704167,true
audio,170582204209083,1000000000,170582.241791125,true
video,170582246945625,1000000000,170582.24713270835,true
audio,170582224209083,1000000000,170582.26312437502,true
video,170582271945500,1000000000,170582.26705662502,true
video,170582288612125,1000000000,170582.2843055417,true
audio,170582244209083,1000000000,170582.28445283335,true
video,170582305278708,1000000000,170582.30210883333,true
audio,170582264209083,1000000000,170582.3057405417,true
video,170582321945416,1000000000,170582.31941104168,true
audio,170582284209041,1000000000,170582.32721504167,true
video,170582338611916,1000000000,170582.33612408335,true
audio,170582304209083,1000000000,170582.34846283335,true
video,170582355278625,1000000000,170582.35314075,true
audio,170582324209083,1000000000,170582.36980120835,true
video,170582371945083,1000000000,170582.36991520834,true
video,170582388611666,1000000000,170582.38702179168,true
audio,170582344209083,1000000000,170582.39109883335,true
video,170582405278291,1000000000,170582.40431575,true
audio,170582364209083,1000000000,170582.41243737502,true
audio,170582384209083,1000000000,170582.41248008335,true
video,170582421944875,1000000000,170582.42105979167,true
audio,170582404209083,1000000000,170582.433785625,true
video,170582438611458,1000000000,170582.4378456667,true
video,170582455278083,1000000000,170582.4550184167,true
audio,170582424209083,1000000000,170582.455082,true
video,170582471944791,1000000000,170582.47192125002,true
audio,170582444209083,1000000000,170582.47647366667,true
video,170582488611291,1000000000,170582.48881912502,true
audio,170582464209083,1000000000,170582.4977996667,true
video,170582513611166,1000000000,170582.50954870833,true
audio,170582484209083,1000000000,170582.51910216667,true
video,170582530277875,1000000000,170582.52801670835,true
audio,170582504209041,1000000000,170582.54041541668,true
video,170582546944500,1000000000,170582.54522266667,true
audio,170582524209083,1000000000,170582.5617675,true
video,170582563611083,1000000000,170582.562050625,true
video,170582580277583,1000000000,170582.57914495835,true
audio,170582544209083,1000000000,170582.58309058336,true
video,170582596944166,1000000000,170582.596537,true
audio,170582564209041,1000000000,170582.60450225,true
video,170582613610791,1000000000,170582.61312220833,true
audio,170582584209083,1000000000,170582.62574416667,true
video,170582630277416,1000000000,170582.630496625,true
video,170582646944000,1000000000,170582.64703620833,true
audio,170582604209083,1000000000,170582.64708145833,true
video,170582663610625,1000000000,170582.66377545835,true
audio,170582624209083,1000000000,170582.66846458334,true
video,170582680277333,1000000000,170582.68068075,true
audio,170582644209083,1000000000,170582.68976912502,true
video,170582705277125,1000000000,170582.7012917917,true
audio,170582664209083,1000000000,170582.71108187502,true
video,170582721943708,1000000000,170582.71973050002,true
audio,170582684209083,1000000000,170582.73243179166,true
audio,170582704209083,1000000000,170582.73248754168,true
video,170582738610333,1000000000,170582.73682570836,true
audio,170582724209083,1000000000,170582.75378320835,true
video,170582755276916,1000000000,170582.754504,true
video,170582771943500,1000000000,170582.77134808333,true
audio,170582744209083,1000000000,170582.7751092917,true
video,170582788610125,1000000000,170582.78887825002,true
audio,170582764209083,1000000000,170582.79640720834,true
video,170582813610000,1000000000,170582.809822125,true
audio,170582784209041,1000000000,170582.81775191668,true
video,170582830276625,1000000000,170582.82698720833,true
audio,170582804209083,1000000000,170582.8391307917,true
video,170582846943208,1000000000,170582.84446504168,true
audio,170582824209083,1000000000,170582.86051995834,true
video,170582863609833,1000000000,170582.86231266666,true
video,170582880276416,1000000000,170582.87937475002,true
audio,170582844209083,1000000000,170582.88176970836,true
video,170582896943000,1000000000,170582.89596558333,true
audio,170582864209083,1000000000,170582.90317158334,true
video,170582913609708,1000000000,170582.91311225,true
audio,170582884209083,1000000000,170582.92445508335,true
video,170582930276166,1000000000,170582.92978233335,true
audio,170582904209083,1000000000,170582.94582725002,true
video,170582946942875,1000000000,170582.94709795836,true
video,170582963609375,1000000000,170582.9638936667,true
audio,170582924209083,1000000000,170582.96710195835,true
video,170582988609291,1000000000,170582.98414816667,true
audio,170582944209083,1000000000,170582.988481,true
video,170583005275875,1000000000,170583.0017465,true
audio,170582964209083,1000000000,170583.00978466668,true
video,170583021942583,1000000000,170583.01968300002,true
audio,170582984209083,1000000000,170583.03111837502,true
video,170583038609125,1000000000,170583.03699858335,true
audio,170583004209041,1000000000,170583.05246683335,true
audio,170583024209083,1000000000,170583.05251500002,true
video,170583055275708,1000000000,170583.053601625,true
video,170583071942458,1000000000,170583.070917,true
audio,170583044209083,1000000000,170583.07373766668,true
video,170583088608875,1000000000,170583.08779258333,true
audio,170583064209041,1000000000,170583.09514016667,true
video,170583105275625,1000000000,170583.1051205,true
audio,170583084209083,1000000000,170583.11655108334,true
video,170583121942125,1000000000,170583.12209570836,true
audio,170583104209083,1000000000,170583.13774245835,true
video,170583138608708,1000000000,170583.13887316667,true
video,170583155275416,1000000000,170583.15540841667,true
audio,170583124209083,1000000000,170583.15908720833,true
video,170583171941916,1000000000,170583.17223670834,true
audio,170583144209083,1000000000,170583.18042145835,true
video,170583196941916,1000000000,170583.19239100002,true
audio,170583164209083,1000000000,170583.20177966668,true
video,170583213608416,1000000000,170583.21002829168,true
audio,170583184209083,1000000000,170583.22312575002,true
video,170583230275125,1000000000,170583.22784520834,true
audio,170583204209083,1000000000,170583.244455125,true
video,170583246941666,1000000000,170583.245502625,true
video,170583263608208,1000000000,170583.26315141667,true
audio,170583224209083,1000000000,170583.265759625,true
video,170583280274916,1000000000,170583.28022816667,true
audio,170583244209083,1000000000,170583.28717208334,true
video,170583296941416,1000000000,170583.29695925,true
audio,170583264209083,1000000000,170583.30845087502,true
video,170583313608000,1000000000,170583.31380425,true
audio,170583284209041,1000000000,170583.32980033333,true
video,170583330274625,1000000000,170583.330618375,true
video,170583355274625,1000000000,170583.35074845835,true
audio,170583304209083,1000000000,170583.351153125,true
video,170583371941250,1000000000,170583.368492625,true
audio,170583324209083,1000000000,170583.372383625,true
video,170583388607708,1000000000,170583.38680562502,true
audio,170583344209083,1000000000,170583.39377270834,true
video,170583405274333,1000000000,170583.403918875,true
audio,170583364209083,1000000000,170583.41510920835,true
audio,170583384209083,1000000000,170583.41516825,true
video,170583421940916,1000000000,170583.420981625,true
audio,170583404209083,1000000000,170583.43644895835,true
video,170583438607500,1000000000,170583.4380631667,true
video,170583455274125,1000000000,170583.455389375,true
audio,170583424209083,1000000000,170583.45782479167,true
video,170583471940666,1000000000,170583.472092,true
audio,170583444209083,1000000000,170583.479153875,true
video,170583488607416,1000000000,170583.48888554168,true
audio,170583464209083,1000000000,170583.50046466666,true
video,170583513607166,1000000000,170583.50886495833,true
audio,170583484209083,1000000000,170583.52179358335,true
video,170583530273833,1000000000,170583.52637529167,true
audio,170583504209041,1000000000,170583.54309816667,true
video,170583546940416,1000000000,170583.54354720833,true
video,170583563607125,1000000000,170583.56073716667,true
audio,170583524209083,1000000000,170583.56453066668,true
video,170583580273625,1000000000,170583.57778737502,true
audio,170583544209083,1000000000,170583.58582820834,true
video,170583596940208,1000000000,170583.595408625,true
audio,170583564209041,1000000000,170583.60703654168,true
video,170583613606833,1000000000,170583.61213129168,true
audio,170583584209083,1000000000,170583.628474875,true
video,170583630273416,1000000000,170583.62869850002,true
video,170583646940000,1000000000,170583.646117625,true
audio,170583604209083,1000000000,170583.64980545835,true
video,170583663606625,1000000000,170583.66364029166,true
audio,170583624209083,1000000000,170583.67113391668,true
video,170583680273208,1000000000,170583.6803805,true
audio,170583644209083,1000000000,170583.692472625,true
video,170583696939916,1000000000,170583.69712329167,true
audio,170583664209083,1000000000,170583.71381487502,true
video,170583721939708,1000000000,170583.71712408334,true
video,170583738606333,1000000000,170583.734027625,true
audio,170583684209083,1000000000,170583.73508220835,true
audio,170583704209083,1000000000,170583.73514237502,true
video,170583755273041,1000000000,170583.75109716668,true
audio,170583724209083,1000000000,170583.75641758335,true
video,170583771939500,1000000000,170583.76800633335,true
audio,170583744209083,1000000000,170583.77773704167,true
video,170583788606125,1000000000,170583.78486083334,true
audio,170583764209083,1000000000,170583.79918795836,true
video,170583805272708,1000000000,170583.80271429167,true
video,170583821939416,1000000000,170583.82026537502,true
audio,170583784209041,1000000000,170583.82043379167,true
video,170583838605916,1000000000,170583.83705133334,true
audio,170583804209083,1000000000,170583.84175983333,true
video,170583855272541,1000000000,170583.85372608335,true
audio,170583824209083,1000000000,170583.86310145835,true
video,170583871939125,1000000000,170583.87042275,true
audio,170583844209083,1000000000,170583.8844924167,true
video,170583888605708,1000000000,170583.88793816668,true
video,170583905272416,1000000000,170583.90507591667,true
audio,170583864209083,1000000000,170583.90575825,true
video,170583921939041,1000000000,170583.922040875,true
audio,170583884209083,1000000000,170583.92708741667,true
video,170583938605541,1000000000,170583.93895008333,true
audio,170583904209083,1000000000,170583.9484545,true
video,170583963605583,1000000000,170583.9585405,true
audio,170583924209083,1000000000,170583.96979650002,true
video,170583980272041,1000000000,170583.97569575,true
audio,170583944209083,1000000000,170583.9911612917,true
video,170583996938583,1000000000,170583.99263354167,true
video,170584013605208,1000000000,170584.00968837502,true
audio,170583964209083,1000000000,170584.012469375,true
video,170584030271958,1000000000,170584.02775704168,true
audio,170583984209083,1000000000,170584.03374541667,true
video,170584046938416,1000000000,170584.04461370833,true
audio,170584004209041,1000000000,170584.05513945833,true
audio,170584024209083,1000000000,170584.0552165417,true
video,170584063605000,1000000000,170584.061816875,true
audio,170584044209083,1000000000,170584.07650391667,true
video,170584080271625,1000000000,170584.07945345834,true
video,170584096938333,1000000000,170584.09671708333,true
audio,170584064209041,1000000000,170584.09780395834,true
video,170584113604833,1000000000,170584.11383633333,true
audio,170584084209083,1000000000,170584.119084625,true
video,170584130271416,1000000000,170584.13059087502,true
audio,170584104209083,1000000000,170584.14044595836,true
video,170584155271416,1000000000,170584.150135125,true
audio,170584124209083,1000000000,170584.16181004167,true
video,170584171937916,1000000000,170584.16727575002,true
audio,170584144209083,1000000000,170584.18319495834,true
video,170584188604500,1000000000,170584.18392395834,true
video,170584205271125,1000000000,170584.20096791667,true
audio,170584164209083,1000000000,170584.20444641667,true
video,170584221937708,1000000000,170584.21794600002,true
audio,170584184209083,1000000000,170584.22574337502,true
video,170584238604333,1000000000,170584.234629,true
audio,170584204209083,1000000000,170584.24710916667,true
video,170584255270916,1000000000,170584.25177183334,true
audio,170584224209083,1000000000,170584.26861383335,true
video,170584271937500,1000000000,170584.26883391666,true
video,170584288604125,1000000000,170584.28550595834,true
audio,170584244209083,1000000000,170584.28977295835,true
audio,170584264209083,1000000000,170584.30040558334,true
video,170584305270708,1000000000,170584.30225858334,true
video,170584321937416,1000000000,170584.31980841668,true
audio,170584284209041,1000000000,170584.32174070834,true
video,170584338603916,1000000000,170584.33704479167,true
audio,170584304209083,1000000000,170584.34310058336,true
video,170584355270625,1000000000,170584.35406037502,true
audio,170584324209083,1000000000,170584.36443108335,true
video,170584371937125,1000000000,170584.37146533333,true
audio,170584344209083,1000000000,170584.38579266667,true
video,170584388603708,1000000000,170584.38813562502,true
video,170584405270416,1000000000,170584.40567241667,true
audio,170584364209083,1000000000,170584.407091,true
audio,170584384209083,1000000000,170584.4071575417,true
video,170584430270333,1000000000,170584.42631704168,true
audio,170584404209083,1000000000,170584.42852020834,true
video,170584446936833,1000000000,170584.44354766668,true
audio,170584424209083,1000000000,170584.4498505,true
video,170584463603458,1000000000,170584.46064241667,true
audio,170584444209083,1000000000,170584.47119279168,true
video,170584480270041,1000000000,170584.47779095834,true
audio,170584464209083,1000000000,170584.49251245835,true
video,170584496936625,1000000000,170584.49497791668,true
video,170584513603250,1000000000,170584.51196254167,true
audio,170584484209083,1000000000,170584.51373937502,true
video,170584530269958,1000000000,170584.52911,true
audio,170584504209041,1000000000,170584.53522095835,true
video,170584546936541,1000000000,170584.54597475,true
audio,170584524209083,1000000000,170584.55647229168,true
video,170584563603000,1000000000,170584.5632162917,true
audio,170584544209083,1000000000,170584.577819875,true
video,170584580269625,1000000000,170584.58015683334,true
video,170584596936208,1000000000,170584.59710666668,true
audio,170584564209041,1000000000,170584.59919550002,true
video,170584613602958,1000000000,170584.61399516667,true
audio,170584584209083,1000000000,170584.62048245835,true
video,170584638602708,1000000000,170584.63353533336,true
audio,170584604209083,1000000000,170584.64177850002,true
video,170584655269416,1000000000,170584.65024066667,true
audio,170584624209083,1000000000,170584.66314283333,true
video,170584671935916,1000000000,170584.66710420835,true
audio,170584644209083,1000000000,170584.68446625,true
video,170584688602500,1000000000,170584.68534783335,true
video,170584705269125,1000000000,170584.70205479168,true
audio,170584664209083,1000000000,170584.70575491668,true
video,170584721935833,1000000000,170584.71984775,true
audio,170584684209083,1000000000,170584.72710970836,true
audio,170584704209083,1000000000,170584.72715141668,true
video,170584738602333,1000000000,170584.73716708334,true
audio,170584724209083,1000000000,170584.74847700002,true
video,170584755268916,1000000000,170584.75382920835,true
audio,170584744209083,1000000000,170584.76975187502,true
video,170584771935500,1000000000,170584.77057658334,true
video,170584788602125,1000000000,170584.78825191667,true
audio,170584764209083,1000000000,170584.79113337502,true
video,170584805268833,1000000000,170584.80488475002,true
audio,170584784209041,1000000000,170584.81244316668,true
video,170584821935416,1000000000,170584.821621125,true
audio,170584804209083,1000000000,170584.83387825,true
video,170584838601916,1000000000,170584.83879225,true
audio,170584824209083,1000000000,170584.855098,true
video,170584855268500,1000000000,170584.85537345835,true
video,170584880268416,1000000000,170584.87574366666,true
audio,170584844209083,1000000000,170584.87660725001,true
video,170584896935000,1000000000,170584.89247270834,true
audio,170584864209083,1000000000,170584.89781333334,true
video,170584913601625,1000000000,170584.90975312502,true
audio,170584884209083,1000000000,170584.919088375,true
video,170584930268208,1000000000,170584.92686912502,true
audio,170584904209083,1000000000,170584.940497625,true
video,170584946934916,1000000000,170584.94375237502,true
video,170584963601416,1000000000,170584.960781125,true
audio,170584924209083,1000000000,170584.96176741668,true
video,170584980268125,1000000000,170584.97792804168,true
audio,170584944209083,1000000000,170584.98309170833,true
video,170584996934625,1000000000,170584.99549866669,true
audio,170584964209083,1000000000,170585.00446650002,true
video,170585013601208,1000000000,170585.01283008335,true
audio,170584984209083,1000000000,170585.02586004167,true
video,170585030267916,1000000000,170585.03013054168,true
video,170585046934541,1000000000,170585.04724191668,true
audio,170585004209041,1000000000,170585.04730983335,true
audio,170585024209083,1000000000,170585.04732429166,true
video,170585071934458,1000000000,170585.067324625,true
audio,170585044209083,1000000000,170585.068429625,true
video,170585088600958,1000000000,170585.084718125,true
audio,170585064209041,1000000000,170585.08977504168,true
video,170585105267500,1000000000,170585.10175658335,true
audio,170585084209083,1000000000,170585.11116770835,true
video,170585121934083,1000000000,170585.11978991667,true
audio,170585104209083,1000000000,170585.13249120835,true
video,170585138600791,1000000000,170585.13732895834,true
audio,170585124209083,1000000000,170585.15381941668,true
video,170585155267416,1000000000,170585.1540687917,true
video,170585171933916,1000000000,170585.1710615,true
audio,170585144209083,1000000000,170585.175132875,true
video,170585188600625,1000000000,170585.18801804166,true
audio,170585164209083,1000000000,170585.19645208336,true
video,170585205267125,1000000000,170585.20512708335,true
audio,170585184209083,1000000000,170585.217956625,true
video,170585221933708,1000000000,170585.222138125,true
audio,170585204209083,1000000000,170585.239072,true
video,170585246933625,1000000000,170585.24230066666,true
video,170585263600208,1000000000,170585.26030129168,true
audio,170585224209083,1000000000,170585.26039320833,true
video,170585280266916,1000000000,170585.276863375,true
audio,170585244209083,1000000000,170585.2817555,true
video,170585296933416,1000000000,170585.29402979166,true
audio,170585264209083,1000000000,170585.303129375,true
video,170585313600000,1000000000,170585.31094895833,true
audio,170585284209041,1000000000,170585.32446325,true
video,170585330266625,1000000000,170585.3279887917,true
video,170585346933208,1000000000,170585.34534995834,true
audio,170585304209083,1000000000,170585.34568533333,true
video,170585363599791,1000000000,170585.36206500002,true
audio,170585324209083,1000000000,170585.36707270835,true
video,170585380266541,1000000000,170585.37924995835,true
audio,170585344209083,1000000000,170585.3884175,true
video,170585396933000,1000000000,170585.39662395834,true
audio,170585364209083,1000000000,170585.40989679168,true
audio,170585384209083,1000000000,170585.41003220834,true
video,170585413599750,1000000000,170585.413738375,true
video,170585430266208,1000000000,170585.4304342917,true
audio,170585404209083,1000000000,170585.43102925,true
video,170585455266250,1000000000,170585.45041816667,true
audio,170585424209083,1000000000,170585.45244645834,true
video,170585471932708,1000000000,170585.46730025002,true
audio,170585444209083,1000000000,170585.4737735417,true
video,170585488599291,1000000000,170585.48418633334,true
audio,170585464209083,1000000000,170585.49512520834,true
video,170585505265916,1000000000,170585.50276200002,true
audio,170585484209083,1000000000,170585.51646079167,true
video,170585521932500,1000000000,170585.51982970836,true
video,170585538599125,1000000000,170585.53653291668,true
audio,170585504209041,1000000000,170585.53774600002,true
video,170585555265708,1000000000,170585.553239625,true
audio,170585524209083,1000000000,170585.5591801667,true
video,170585571932416,1000000000,170585.57086591667,true
audio,170585544209083,1000000000,170585.58048633335,true
video,170585588598916,1000000000,170585.5878846667,true
audio,170585564209041,1000000000,170585.60182641668,true
video,170585605265541,1000000000,170585.6050727917,true
video,170585621932125,1000000000,170585.62232975,true
audio,170585584209083,1000000000,170585.6230220417,true
video,170585646931958,1000000000,170585.64334858334,true
audio,170585604209083,1000000000,170585.64446941667,true
video,170585663598583,1000000000,170585.66081583334,true
audio,170585624209083,1000000000,170585.66582633334,true
video,170585680265166,1000000000,170585.67780987502,true
audio,170585644209083,1000000000,170585.68710445834,true
video,170585696931916,1000000000,170585.69529629167,true
audio,170585664209083,1000000000,170585.70842841666,true
video,170585713598416,1000000000,170585.71307904168,true
video,170585730265000,1000000000,170585.7298091667,true
audio,170585684209083,1000000000,170585.72985758336,true
audio,170585704209083,1000000000,170585.72986954168,true
video,170585746931583,1000000000,170585.747061125,true
audio,170585724209083,1000000000,170585.75114083334,true
video,170585771931458,1000000000,170585.76712533334,true
audio,170585744209083,1000000000,170585.77246,true
video,170585788598125,1000000000,170585.78481908335,true
audio,170585764209083,1000000000,170585.793775875,true
video,170585805264708,1000000000,170585.80153975,true
audio,170585784209041,1000000000,170585.81507558335,true
video,170585821931416,1000000000,170585.81842429168,true
video,170585838597958,1000000000,170585.83571916667,true
audio,170585804209083,1000000000,170585.8363787917,true
video,170585855264500,1000000000,170585.853,true
audio,170585824209083,1000000000,170585.85778966668,true
video,170585871931208,1000000000,170585.87085916667,true
audio,170585844209083,1000000000,170585.87922158334,true
video,170585888597708,1000000000,170585.88748766668,true
audio,170585864209083,1000000000,170585.900457125,true
video,170585905264416,1000000000,170585.90409695834,true
video,170585921930916,1000000000,170585.92125841667,true
audio,170585884209083,1000000000,170585.9217485,true
video,170585938597500,1000000000,170585.93847270834,true
audio,170585904209083,1000000000,170585.94314087502,true
video,170585955264250,1000000000,170585.95518633333,true
audio,170585924209083,1000000000,170585.96444141667,true
video,170585971930708,1000000000,170585.972129375,true
audio,170585944209083,1000000000,170585.9857904167,true
video,170585988597291,1000000000,170585.98889666668,true
audio,170585964209083,1000000000,170586.00715358334,true
video,170586013597208,1000000000,170586.00951912501,true
video,170586030263916,1000000000,170586.02636320834,true
audio,170585984209083,1000000000,170586.02848825,true
video,170586046930416,1000000000,170586.04404633335,true
audio,170586004209041,1000000000,170586.04978754168,true
audio,170586024209083,1000000000,170586.04983675,true
video,170586063597000,1000000000,170586.06078925,true
audio,170586044209083,1000000000,170586.07112470834,true
video,170586080263625,1000000000,170586.07804508336,true
audio,170586064209041,1000000000,170586.09247550002,true
video,170586096930208,1000000000,170586.09528587502,true
video,170586113596791,1000000000,170586.11176645834,true
audio,170586084209083,1000000000,170586.11374945834,true
video,170586130263416,1000000000,170586.12914616667,true
audio,170586104209083,1000000000,170586.13538491668,true
video,170586146930000,1000000000,170586.14666375,true
audio,170586124209083,1000000000,170586.15648225002,true
video,170586163596625,1000000000,170586.16384825,true
audio,170586144209083,1000000000,170586.17774995835,true
video,170586188596458,1000000000,170586.18441358334,true
audio,170586164209083,1000000000,170586.1991385,true
video,170586205263208,1000000000,170586.20241008335,true
video,170586221929791,1000000000,170586.2200090417,true
audio,170586184209083,1000000000,170586.22049595835,true
video,170586238596250,1000000000,170586.23741391668,true
audio,170586204209083,1000000000,170586.241786625,true
video,170586255262875,1000000000,170586.25402158336,true
audio,170586224209083,1000000000,170586.26310133334,true
video,170586271929458,1000000000,170586.27109170833,true
audio,170586244209083,1000000000,170586.28445325,true
video,170586288596208,1000000000,170586.28816,true
video,170586305262666,1000000000,170586.30481979167,true
audio,170586264209083,1000000000,170586.30577654167,true
video,170586321929375,1000000000,170586.32215120835,true
audio,170586284209041,1000000000,170586.32714508334,true
video,170586338596000,1000000000,170586.3389090417,true
audio,170586304209083,1000000000,170586.348435625,true
video,170586355262500,1000000000,170586.35552862502,true
audio,170586324209083,1000000000,170586.3697919167,true
video,170586371929250,1000000000,170586.37205600002,true
audio,170586344209083,1000000000,170586.39111645834,true
video,170586396928958,1000000000,170586.39206383334,true
video,170586413595583,1000000000,170586.40869850002,true
audio,170586364209083,1000000000,170586.412507125,true
audio,170586384209083,1000000000,170586.41256475,true
video,170586430262208,1000000000,170586.42573808334,true
audio,170586404209083,1000000000,170586.433930125,true
video,170586446928916,1000000000,170586.44267783334,true
audio,170586424209083,1000000000,170586.45512504168,true
video,170586463595416,1000000000,170586.45937133333,true
video,170586480262000,1000000000,170586.476734125,true
audio,170586444209083,1000000000,170586.47698666668,true
video,170586496928708,1000000000,170586.4946425417,true
audio,170586464209083,1000000000,170586.49776995834,true
video,170586513595166,1000000000,170586.5118121667,true
audio,170586484209083,1000000000,170586.51922416667,true
video,170586530261791,1000000000,170586.52908704168,true
audio,170586504209041,1000000000,170586.540427125,true
video,170586546928416,1000000000,170586.545832875,true
audio,170586524209083,1000000000,170586.56175891668,true
video,170586563595000,1000000000,170586.56251225,true
video,170586580261625,1000000000,170586.57980533334,true
audio,170586544209083,1000000000,170586.58311708336,true
video,170586596928208,1000000000,170586.59704395835,true
audio,170586564209041,1000000000,170586.60451708335,true
video,170586613594791,1000000000,170586.61372816667,true
audio,170586584209083,1000000000,170586.62578883333,true
video,170586638594708,1000000000,170586.63414095834,true
audio,170586604209083,1000000000,170586.647169375,true
video,170586655261333,1000000000,170586.65101204166,true
audio,170586624209083,1000000000,170586.66846933335,true
video,170586671927916,1000000000,170586.66883620835,true
video,170586688594625,1000000000,170586.68577808334,true
audio,170586644209083,1000000000,170586.6897684167,true
video,170586705261125,1000000000,170586.70272579166,true
audio,170586664209083,1000000000,170586.71121241667,true
video,170586721927666,1000000000,170586.71952629168,true
audio,170586684209083,1000000000,170586.73244245833,true
audio,170586704209083,1000000000,170586.73246970834,true
video,170586738594375,1000000000,170586.73711433334,true
audio,170586724209083,1000000000,170586.75381545833,true
video,170586755260875,1000000000,170586.7539267917,true
video,170586771927458,1000000000,170586.77082187502,true
audio,170586744209083,1000000000,170586.77511791667,true
video,170586788594208,1000000000,170586.7880615,true
audio,170586764209083,1000000000,170586.79647475,true
video,170586805260666,1000000000,170586.80544595834,true
audio,170586784209041,1000000000,170586.81793270833,true
video,170586821927375,1000000000,170586.82215491668,true
video,170586838593875,1000000000,170586.83896595833,true
audio,170586804209083,1000000000,170586.83906475,true
video,170586855260458,1000000000,170586.85554320834,true
audio,170586824209083,1000000000,170586.8605190417,true
video,170586880260375,1000000000,170586.87631420835,true
audio,170586844209083,1000000000,170586.88175795836,true
video,170586896926958,1000000000,170586.893214,true
audio,170586864209083,1000000000,170586.90312945834,true
video,170586913593583,1000000000,170586.91022179168,true
audio,170586884209083,1000000000,170586.92448983336,true
video,170586930260166,1000000000,170586.92752183334,true
video,170586946926875,1000000000,170586.94449775002,true
audio,170586904209083,1000000000,170586.945749,true
video,170586963593375,1000000000,170586.96202591667,true
audio,170586924209083,1000000000,170586.96710858334,true
video,170586980259958,1000000000,170586.978909375,true
audio,170586944209083,1000000000,170586.98847154167,true
video,170586996926666,1000000000,170586.9967069167,true
audio,170586964209083,1000000000,170587.0097824167,true
video,170587013593166,1000000000,170587.01326550002,true
video,170587030259875,1000000000,170587.03051475002,true
audio,170586984209083,1000000000,170587.03110425,true
video,170587046926500,1000000000,170587.04713695834,true
audio,170587004209041,1000000000,170587.05250420835,true
audio,170587024209083,1000000000,170587.05254708335,true
video,170587071926375,1000000000,170587.06863408335,true
audio,170587044209083,1000000000,170587.0737577917,true
video,170587088592875,1000000000,170587.08630929168,true
audio,170587064209041,1000000000,170587.09512825002,true
video,170587105259458,1000000000,170587.1028125,true
audio,170587084209083,1000000000,170587.11651458335,true
video,170587121926208,1000000000,170587.11949783334,true
video,170587138592791,1000000000,170587.13623683335,true
audio,170587104209083,1000000000,170587.1377865417,true
video,170587155259375,1000000000,170587.15323312502,true
audio,170587124209083,1000000000,170587.15912141668,true
video,170587171926000,1000000000,170587.1704201667,true
audio,170587144209083,1000000000,170587.18042070835,true
video,170587188592458,1000000000,170587.1876085417,true
audio,170587164209083,1000000000,170587.20182929168,true
video,170587205259083,1000000000,170587.20500066667,true
video,170587221925791,1000000000,170587.22218716668,true
audio,170587184209083,1000000000,170587.22305658335,true
video,170587238592375,1000000000,170587.23873720833,true
audio,170587204209083,1000000000,170587.24448729167,true
video,170587255259041,1000000000,170587.25544629167,true
audio,170587224209083,1000000000,170587.26581758333,true
video,170587280258750,1000000000,170587.27643458336,true
audio,170587244209083,1000000000,170587.287079,true
video,170587296925333,1000000000,170587.29352420833,true
audio,170587264209083,1000000000,170587.3084845417,true
video,170587313592041,1000000000,170587.31034545833,true
video,170587330258541,1000000000,170587.32691766668,true
audio,170587284209041,1000000000,170587.32986250002,true
video,170587346925166,1000000000,170587.34495383335,true
audio,170587304209083,1000000000,170587.35116283334,true
video,170587363591750,1000000000,170587.36154254168,true
audio,170587324209083,1000000000,170587.37240516668,true
video,170587380258375,1000000000,170587.37905075002,true
audio,170587344209083,1000000000,170587.39389004168,true
video,170587396924958,1000000000,170587.39646645833,true
video,170587413591583,1000000000,170587.4137885,true
audio,170587364209083,1000000000,170587.41506745835,true
audio,170587384209083,1000000000,170587.41509775002,true
video,170587438591458,1000000000,170587.43428437502,true
audio,170587404209083,1000000000,170587.43646916669,true
video,170587455258083,1000000000,170587.45140675,true
audio,170587424209083,1000000000,170587.45776879168,true
video,170587471924666,1000000000,170587.468322625,true
audio,170587444209083,1000000000,170587.47916525,true
video,170587488591250,1000000000,170587.485181125,true
audio,170587464209083,1000000000,170587.50043575,true
video,170587505257875,1000000000,170587.5029214167,true
video,170587521924458,1000000000,170587.51945466668,true
audio,170587484209083,1000000000,170587.52179120833,true
video,170587538591083,1000000000,170587.53699320834,true
audio,170587504209041,1000000000,170587.543275,true
video,170587555257666,1000000000,170587.55373504167,true
audio,170587524209083,1000000000,170587.56448820836,true
video,170587571924416,1000000000,170587.57056816667,true
audio,170587544209083,1000000000,170587.585912125,true
video,170587588591000,1000000000,170587.58812666667,true
video,170587605257458,1000000000,170587.60514229166,true
audio,170587564209041,1000000000,170587.607173125,true
video,170587621924166,1000000000,170587.62217004166,true
audio,170587584209083,1000000000,170587.62843408334,true
video,170587638590666,1000000000,170587.63885620833,true
audio,170587604209083,1000000000,170587.64977400002,true
video,170587663590583,1000000000,170587.6591031667,true
audio,170587624209083,1000000000,170587.67112520835,true
video,170587680257166,1000000000,170587.67648245834,true
audio,170587644209083,1000000000,170587.6924547917,true
video,170587696923875,1000000000,170587.69435979167,true
video,170587713590416,1000000000,170587.71136079167,true
audio,170587664209083,1000000000,170587.71376654168,true
video,170587730256958,1000000000,170587.72824045835,true
audio,170587684209083,1000000000,170587.73520929168,true
audio,170587704209083,1000000000,170587.735289,true
video,170587746923708,1000000000,170587.74502716667,true
audio,170587724209083,1000000000,170587.7564765417,true
video,170587763590166,1000000000,170587.76213766666,true
audio,170587744209083,1000000000,170587.77784645834,true
video,170587780256875,1000000000,170587.77954604168,true
video,170587796923500,1000000000,170587.797071125,true
audio,170587764209083,1000000000,170587.79919454167,true
video,170587813589916,1000000000,170587.813765125,true
audio,170587784209041,1000000000,170587.82049425002,true
video,170587830256541,1000000000,170587.830404125,true
audio,170587804209083,1000000000,170587.84181604168,true
video,170587846923125,1000000000,170587.84712358334,true
audio,170587824209083,1000000000,170587.86311150002,true
video,170587871923125,1000000000,170587.86809650002,true
audio,170587844209083,1000000000,170587.884461125,true
video,170587888589625,1000000000,170587.8848630417,true
video,170587905256208,1000000000,170587.901557375,true
audio,170587864209083,1000000000,170587.9057244167,true
video,170587921922833,1000000000,170587.92019725,true
audio,170587884209083,1000000000,170587.927141875,true
video,170587938589416,1000000000,170587.937050375,true
audio,170587904209083,1000000000,170587.94843545835,true
video,170587955256041,1000000000,170587.95408983334,true
audio,170587924209083,1000000000,170587.969791125,true
video,170587971922625,1000000000,170587.97146241667,true
video,170587988589208,1000000000,170587.989028375,true
audio,170587944209083,1000000000,170587.99114525,true
video,170588013589125,1000000000,170588.00941091668,true
audio,170587964209083,1000000000,170588.01247733334,true
video,170588030255708,1000000000,170588.02738975,true
audio,170587984209083,1000000000,170588.03382775,true
video,170588046922333,1000000000,170588.04454725,true
audio,170588004209041,1000000000,170588.05517545834,true
audio,170588024209083,1000000000,170588.05527708333,true
video,170588063588916,1000000000,170588.06213933334,true
audio,170588044209083,1000000000,170588.07642575,true
video,170588080255541,1000000000,170588.07899458334,true
video,170588096922125,1000000000,170588.096366,true
audio,170588064209041,1000000000,170588.09781833334,true
video,170588113588708,1000000000,170588.11358187502,true
audio,170588084209083,1000000000,170588.11906983334,true
video,170588130255333,1000000000,170588.13046758334,true
audio,170588104209083,1000000000,170588.14042783334,true
video,170588146921916,1000000000,170588.14725741668,true
audio,170588124209083,1000000000,170588.16175925,true
video,170588163588666,1000000000,170588.16372895835,true
video,170588180255125,1000000000,170588.180385,true
audio,170588144209083,1000000000,170588.18306487502,true
video,170588205255166,1000000000,170588.20098104168,true
audio,170588164209083,1000000000,170588.20444716667,true
video,170588221921625,1000000000,170588.2177415,true
audio,170588184209083,1000000000,170588.22578866666,true
video,170588238588208,1000000000,170588.23596333334,true
audio,170588204209083,1000000000,170588.24710279168,true
video,170588255254875,1000000000,170588.25279745835,true
audio,170588224209083,1000000000,170588.2683787917,true
video,170588271921416,1000000000,170588.269906625,true
video,170588288588041,1000000000,170588.28729775,true
audio,170588244209083,1000000000,170588.28974425,true
audio,170588264209083,1000000000,170588.30044179168,true
video,170588305254625,1000000000,170588.30521429167,true
video,170588321921333,1000000000,170588.32204075,true
audio,170588284209041,1000000000,170588.32215775002,true
video,170588338587833,1000000000,170588.338785625,true
audio,170588304209083,1000000000,170588.34311170835,true
video,170588363587666,1000000000,170588.36031387502,true
audio,170588324209083,1000000000,170588.36442741667,true
video,170588380254291,1000000000,170588.37858241668,true
audio,170588344209083,1000000000,170588.38574970834,true
video,170588396920916,1000000000,170588.39533004168,true
audio,170588364209083,1000000000,170588.40714466668,true
audio,170588384209083,1000000000,170588.407191125,true
video,170588413587500,1000000000,170588.41296383334,true
audio,170588404209083,1000000000,170588.428465375,true
video,170588430254083,1000000000,170588.430359875,true
audio,170588424209083,1000000000,170588.449843625,true
video,170588455254000,1000000000,170588.45122120835,true
video,170588471920541,1000000000,170588.4696255,true
audio,170588444209083,1000000000,170588.47102933333,true
video,170588488587291,1000000000,170588.486950625,true
audio,170588464209083,1000000000,170588.49257816668,true
video,170588505253791,1000000000,170588.5047965,true
audio,170588484209083,1000000000,170588.51383808334,true
video,170588521920416,1000000000,170588.52203787502,true
audio,170588504209041,1000000000,170588.53513025,true
video,170588546920333,1000000000,170588.54346045834,true
audio,170588524209083,1000000000,170588.55644275,true
video,170588563586875,1000000000,170588.56085125002,true
video,170588580253500,1000000000,170588.57786845835,true
audio,170588544209083,1000000000,170588.5779700417,true
video,170588596920083,1000000000,170588.59528279168,true
audio,170588564209041,1000000000,170588.59909304167,true
video,170588613586791,1000000000,170588.61330808335,true
audio,170588584209083,1000000000,170588.62051795833,true
video,170588630253333,1000000000,170588.630433,true
audio,170588604209083,1000000000,170588.64181379168,true
video,170588655253333,1000000000,170588.650900125,true
audio,170588624209083,1000000000,170588.66311470835,true
video,170588671919791,1000000000,170588.667603375,true
audio,170588644209083,1000000000,170588.68441529167,true
video,170588688586375,1000000000,170588.68451491668,true
video,170588705253000,1000000000,170588.7012615417,true
audio,170588664209083,1000000000,170588.70582266667,true
video,170588721919708,1000000000,170588.71816066667,true
audio,170588684209083,1000000000,170588.72711116666,true
audio,170588704209083,1000000000,170588.72714662502,true
video,170588738586208,1000000000,170588.73501308335,true
audio,170588724209083,1000000000,170588.74846825,true
video,170588755252833,1000000000,170588.75243025002,true
audio,170588744209083,1000000000,170588.76980479166,true
video,170588771919416,1000000000,170588.77055495835,true
video,170588788586000,1000000000,170588.78820470834,true
audio,170588764209083,1000000000,170588.79109991668,true
video,170588805252583,1000000000,170588.80546816668,true
audio,170588784209041,1000000000,170588.8124625,true
video,170588830252500,1000000000,170588.82617100002,true
audio,170588804209083,1000000000,170588.83381933335,true
video,170588846919208,1000000000,170588.84343691668,true
audio,170588824209083,1000000000,170588.85524083333,true
video,170588863585791,1000000000,170588.86093120836,true
audio,170588844209083,1000000000,170588.8764845,true
video,170588880252333,1000000000,170588.878578875,true
video,170588896918875,1000000000,170588.89584425002,true
audio,170588864209083,1000000000,170588.89771750002,true
video,170588913585458,1000000000,170588.91317245836,true
audio,170588884209083,1000000000,170588.91914291668,true
video,170588930252041,1000000000,170588.93000433335,true
audio,170588904209083,1000000000,170588.94049683335,true
video,170588946918750,1000000000,170588.94715258334,true
audio,170588924209083,1000000000,170588.96184429168,true
video,170588963585250,1000000000,170588.96378958333,true
audio,170588944209083,1000000000,170588.98308629167,true
video,170588988585166,1000000000,170588.98409466667,true
video,170589005251791,1000000000,170589.00106775,true
audio,170588964209083,1000000000,170589.00448225002,true
video,170589021918375,1000000000,170589.0178320417,true
audio,170588984209083,1000000000,170589.02581233333,true
video,170589038584958,1000000000,170589.03556000002,true
audio,170589004209041,1000000000,170589.04710733335,true
audio,170589024209083,1000000000,170589.04714891667,true
video,170589055251541,1000000000,170589.05239370835,true
audio,170589044209083,1000000000,170589.06846520834,true
video,170589071918291,1000000000,170589.06997908335,true
video,170589088584750,1000000000,170589.08684183334,true
audio,170589064209041,1000000000,170589.08975520835,true
video,170589105251375,1000000000,170589.10354691668,true
audio,170589084209083,1000000000,170589.11115195835,true
video,170589121918083,1000000000,170589.121315875,true
audio,170589104209083,1000000000,170589.13243504168,true
video,170589138584583,1000000000,170589.13870208335,true
audio,170589124209083,1000000000,170589.153762875,true
video,170589155251166,1000000000,170589.15532879168,true
audio,170589144209083,1000000000,170589.17510566668,true
video,170589180251041,1000000000,170589.175968375,true
video,170589196917750,1000000000,170589.19429045834,true
audio,170589164209083,1000000000,170589.19644975002,true
video,170589213584250,1000000000,170589.2120589167,true
audio,170589184209083,1000000000,170589.21774029167,true
video,170589230250875,1000000000,170589.22968475,true
audio,170589204209083,1000000000,170589.23909766666,true
video,170589246917583,1000000000,170589.247179625,true
audio,170589224209083,1000000000,170589.26046966668,true
video,170589271917375,1000000000,170589.26801650002,true
audio,170589244209083,1000000000,170589.28176812502,true
video,170589288583958,1000000000,170589.28474550002,true
video,170589305250583,1000000000,170589.30207158334,true
audio,170589264209083,1000000000,170589.30302120835,true
video,170589321917250,1000000000,170589.31884104168,true
audio,170589284209041,1000000000,170589.32446804168,true
video,170589338583750,1000000000,170589.33704195835,true
audio,170589304209083,1000000000,170589.34583145834,true
video,170589355250375,1000000000,170589.35382820835,true
audio,170589324209083,1000000000,170589.36715995835,true
video,170589371917083,1000000000,170589.370441625,true
video,170589388583583,1000000000,170589.38771158335,true
audio,170589344209083,1000000000,170589.38837312502,true
video,170589405250166,1000000000,170589.40501829167,true
audio,170589364209083,1000000000,170589.40991516667,true
audio,170589384209083,1000000000,170589.41002420834,true
video,170589421916875,1000000000,170589.42205733334,true
audio,170589404209083,1000000000,170589.43115795834,true
video,170589438583291,1000000000,170589.43872937502,true
audio,170589424209083,1000000000,170589.45241329167,true
video,170589463583208,1000000000,170589.45900908334,true
audio,170589444209083,1000000000,170589.47375220835,true
video,170589480249916,1000000000,170589.47698937502,true
video,170589496916541,1000000000,170589.49362070835,true
audio,170589464209083,1000000000,170589.49515250002,true
video,170589513583041,1000000000,170589.51106558336,true
audio,170589484209083,1000000000,170589.51652366668,true
video,170589530249625,1000000000,170589.52785408334,true
audio,170589504209041,1000000000,170589.53776225002,true
video,170589546916333,1000000000,170589.54495795834,true
audio,170589524209083,1000000000,170589.55912533336,true
video,170589563582791,1000000000,170589.56189345833,true
video,170589580249416,1000000000,170589.57857345833,true
audio,170589544209083,1000000000,170589.58040933334,true
video,170589596916000,1000000000,170589.59581075,true
audio,170589564209041,1000000000,170589.601823875,true
video,170589613582625,1000000000,170589.61355466666,true
audio,170589584209083,1000000000,170589.62310116668,true
video,170589630249250,1000000000,170589.63041179167,true
audio,170589604209083,1000000000,170589.6444601667,true
video,170589655249125,1000000000,170589.65187591666,true
audio,170589624209083,1000000000,170589.665882625,true
video,170589671915750,1000000000,170589.66868200002,true
video,170589688582291,1000000000,170589.68532145835,true
audio,170589644209083,1000000000,170589.68701300002,true
video,170589705248916,1000000000,170589.70377354167,true
audio,170589664209083,1000000000,170589.70842658335,true
video,170589721915625,1000000000,170589.72122245835,true
audio,170589684209083,1000000000,170589.72979708333,true
audio,170589704209083,1000000000,170589.72984862502,true
video,170589738582083,1000000000,170589.73793979167,true
audio,170589724209083,1000000000,170589.75110941668,true
video,170589755248750,1000000000,170589.755333125,true
video,170589771915333,1000000000,170589.77202683335,true
audio,170589744209083,1000000000,170589.7723954167,true
video,170589788581916,1000000000,170589.78874208336,true
audio,170589764209083,1000000000,170589.79378487502,true
video,170589805248541,1000000000,170589.80538254167,true
audio,170589784209041,1000000000,170589.81510525002,true
video,170589830248541,1000000000,170589.82513841667,true
audio,170589804209083,1000000000,170589.83647575002,true
video,170589846915000,1000000000,170589.84219737502,true
audio,170589824209083,1000000000,170589.85782541666,true
video,170589863581583,1000000000,170589.85990158335,true
video,170589880248250,1000000000,170589.87689833334,true
audio,170589844209083,1000000000,170589.8791216667,true
video,170589896914833,1000000000,170589.89373175002,true
audio,170589864209083,1000000000,170589.90036979166,true
video,170589913581416,1000000000,170589.91066208333,true
audio,170589884209083,1000000000,170589.92178975002,true
video,170589930248083,1000000000,170589.92779275,true
audio,170589904209083,1000000000,170589.9431051667,true
video,170589946914625,1000000000,170589.94537025,true
video,170589963581208,1000000000,170589.963044125,true
audio,170589924209083,1000000000,170589.964400125,true
video,170589980247750,1000000000,170589.98038283334,true
audio,170589944209083,1000000000,170589.98578933335,true
video,170590005247666,1000000000,170590.000089625,true
audio,170589964209083,1000000000,170590.00706250002,true
video,170590021914250,1000000000,170590.01803608335,true
audio,170589984209083,1000000000,170590.02846695835,true
video,170590038580875,1000000000,170590.03500254167,true
audio,170590004209041,1000000000,170590.049799375,true
audio,170590024209083,1000000000,170590.04984245833,true
video,170590055247500,1000000000,170590.05178587502,true
video,170590071914083,1000000000,170590.06891662502,true
audio,170590044209083,1000000000,170590.0711315,true
video,170590088580666,1000000000,170590.08628620833,true
audio,170590064209041,1000000000,170590.092452375,true
video,170590105247250,1000000000,170590.10389358335,true
audio,170590084209083,1000000000,170590.11381979167,true
video,170590121913958,1000000000,170590.12104375,true
audio,170590104209083,1000000000,170590.13514341667,true
video,170590138580458,1000000000,170590.13809508336,true
video,170590155247166,1000000000,170590.15539533334,true
audio,170590124209083,1000000000,170590.15638641667,true
video,170590171913791,1000000000,170590.17202833336,true
audio,170590144209083,1000000000,170590.17774291668,true
video,170590196913708,1000000000,170590.19211554166,true
audio,170590164209083,1000000000,170590.1991171667,true
video,170590213580166,1000000000,170590.2100024167,true
audio,170590184209083,1000000000,170590.22044870834,true
video,170590230246750,1000000000,170590.22703108334,true
audio,170590204209083,1000000000,170590.24183166667,true
video,170590246913458,1000000000,170590.2437370417,true
video,170590263579958,1000000000,170590.26085704166,true
audio,170590224209083,1000000000,170590.26313258335,true
video,170590280246541,1000000000,170590.27773816668,true
audio,170590244209083,1000000000,170590.28443445836,true
video,170590296913250,1000000000,170590.29516291668,true
audio,170590264209083,1000000000,170590.30578470835,true
video,170590313579750,1000000000,170590.31232291667,true
audio,170590284209041,1000000000,170590.32719325,true
video,170590330246375,1000000000,170590.32911445835,true
video,170590346912958,1000000000,170590.34621983336,true
audio,170590304209083,1000000000,170590.34848325,true
video,170590363579541,1000000000,170590.36316725,true
audio,170590324209083,1000000000,170590.36977020834,true
video,170590380246166,1000000000,170590.37998,true
audio,170590344209083,1000000000,170590.39111841668,true
video,170590396912750,1000000000,170590.39727766666,true
audio,170590364209083,1000000000,170590.4124355417,true
audio,170590384209083,1000000000,170590.41247108334,true
video,170590421912750,1000000000,170590.41724575002,true
audio,170590404209083,1000000000,170590.43376579168,true
video,170590438579250,1000000000,170590.43516441667,true
video,170590455246000,1000000000,170590.45287395833,true
audio,170590424209083,1000000000,170590.4550304167,true
video,170590471912458,1000000000,170590.47040129168,true
audio,170590444209083,1000000000,170590.476509625,true
video,170590488579041,1000000000,170590.48806979167,true
audio,170590464209083,1000000000,170590.49783716668,true
video,170590505245666,1000000000,170590.5051865,true
audio,170590484209083,1000000000,170590.5191012917,true
video,170590521912208,1000000000,170590.52189275002,true
video,170590538578791,1000000000,170590.5387126667,true
audio,170590504209041,1000000000,170590.54042520834,true
video,170590563578708,1000000000,170590.55873629168,true
audio,170590524209083,1000000000,170590.56176879167,true
video,170590580245458,1000000000,170590.57560116667,true
audio,170590544209083,1000000000,170590.58309808336,true
video,170590596911916,1000000000,170590.59363020834,true
audio,170590564209041,1000000000,170590.60444637501,true
video,170590613578500,1000000000,170590.61073125002,true
audio,170590584209083,1000000000,170590.62580658335,true
video,170590630245125,1000000000,170590.62789408336,true
video,170590646911708,1000000000,170590.64560362502,true
audio,170590604209083,1000000000,170590.64709808334,true
video,170590663578291,1000000000,170590.6634015,true
audio,170590624209083,1000000000,170590.66840883336,true
video,170590680245041,1000000000,170590.68010475,true
audio,170590644209083,1000000000,170590.68983079167,true
video,170590696911500,1000000000,170590.69713208335,true
audio,170590664209083,1000000000,170590.71113783334,true
video,170590713578125,1000000000,170590.7137636667,true
video,170590730244708,1000000000,170590.73043429168,true
audio,170590684209083,1000000000,170590.732455875,true
audio,170590704209083,1000000000,170590.73248791668,true
video,170590755244750,1000000000,170590.75040491667,true
audio,170590724209083,1000000000,170590.7537934167,true
video,170590771911208,1000000000,170590.76836029167,true
audio,170590744209083,1000000000,170590.77512354168,true
video,170590788577916,1000000000,170590.78558362502,true
audio,170590764209083,1000000000,170590.796447375,true
video,170590805244416,1000000000,170590.80245133335,true
audio,170590784209041,1000000000,170590.81777775002,true
video,170590821911000,1000000000,170590.819926875,true
video,170590838577708,1000000000,170590.83714475002,true
audio,170590804209083,1000000000,170590.83911875,true
video,170590855244208,1000000000,170590.85402420835,true
audio,170590824209083,1000000000,170590.86045325,true
video,170590871910958,1000000000,170590.871021375,true
audio,170590844209083,1000000000,170590.88175325,true
video,170590888577416,1000000000,170590.88848770835,true
audio,170590864209083,1000000000,170590.9031135,true
video,170590905244000,1000000000,170590.90544583334,true
video,170590921910625,1000000000,170590.92212033336,true
audio,170590884209083,1000000000,170590.9244104167,true
video,170590946910500,1000000000,170590.942045125,true
audio,170590904209083,1000000000,170590.9457730417,true
video,170590963577208,1000000000,170590.95985095834,true
audio,170590924209083,1000000000,170590.967126,true
video,170590980243791,1000000000,170590.97690225,true
audio,170590944209083,1000000000,170590.98843645834,true
video,170590996910416,1000000000,170590.994085,true
audio,170590964209083,1000000000,170591.00980345835,true
video,170591013576916,1000000000,170591.0108256667,true
video,170591030243500,1000000000,170591.0277469167,true
audio,170590984209083,1000000000,170591.03112820836,true
video,170591046910083,1000000000,170591.04440725,true
audio,170591004209041,1000000000,170591.05249179166,true
audio,170591024209083,1000000000,170591.05252720835,true
video,170591063576666,1000000000,170591.06203604167,true
audio,170591044209083,1000000000,170591.073787,true
video,170591080243250,1000000000,170591.07874491668,true
audio,170591064209041,1000000000,170591.09515150002,true
video,170591096909833,1000000000,170591.09544904166,true
video,170591113576416,1000000000,170591.11241183334,true
audio,170591084209083,1000000000,170591.11642475,true
video,170591130243208,1000000000,170591.12956908334,true
audio,170591104209083,1000000000,170591.137731375,true
video,170591146909625,1000000000,170591.14686470834,true
audio,170591124209083,1000000000,170591.15906666667,true
video,170591163576250,1000000000,170591.16380233335,true
audio,170591144209083,1000000000,170591.18045491667,true
video,170591188576166,1000000000,170591.18428437502,true
video,170591205242750,1000000000,170591.2010170417,true
audio,170591164209083,1000000000,170591.20171545833,true
video,170591221909333,1000000000,170591.21905175,true
audio,170591184209083,1000000000,170591.22302570834,true
video,170591238575916,1000000000,170591.23585420835,true
audio,170591204209083,1000000000,170591.24446108335,true
video,170591255242541,1000000000,170591.25261354167,true
audio,170591224209083,1000000000,170591.26581283336,true
video,170591271909125,1000000000,170591.27028375,true
audio,170591244209083,1000000000,170591.28708200002,true
video,170591288575708,1000000000,170591.28801125,true
video,170591305242333,1000000000,170591.305181625,true
audio,170591264209083,1000000000,170591.30844395835,true
video,170591321908916,1000000000,170591.322044125,true
audio,170591284209041,1000000000,170591.32980845834,true
video,170591338575500,1000000000,170591.3386975,true
audio,170591304209083,1000000000,170591.35116516668,true
video,170591363575416,1000000000,170591.35926725002,true
audio,170591324209083,1000000000,170591.37242783335,true
video,170591380242041,1000000000,170591.37650125002,true
video,170591396908625,1000000000,170591.39352579167,true
audio,170591344209083,1000000000,170591.39370408334,true
video,170591413575208,1000000000,170591.41110145833,true
audio,170591364209083,1000000000,170591.41511191666,true
audio,170591384209083,1000000000,170591.415157125,true
video,170591430241833,1000000000,170591.42805779167,true
audio,170591404209083,1000000000,170591.43643575002,true
video,170591446908416,1000000000,170591.445686875,true
audio,170591424209083,1000000000,170591.457796125,true
video,170591463575000,1000000000,170591.46247095833,true
audio,170591444209083,1000000000,170591.47910725002,true
video,170591480241625,1000000000,170591.48000100002,true
video,170591496908333,1000000000,170591.49715883334,true
audio,170591464209083,1000000000,170591.5004414167,true
video,170591521908125,1000000000,170591.517058375,true
audio,170591484209083,1000000000,170591.52176612502,true
video,170591538574708,1000000000,170591.534007,true
audio,170591504209041,1000000000,170591.54308558334,true
video,170591555241333,1000000000,170591.55149883335,true
audio,170591524209083,1000000000,170591.564452875,true
video,170591571907916,1000000000,170591.56863045835,true
audio,170591544209083,1000000000,170591.58581920835,true
video,170591588574500,1000000000,170591.58609262502,true
video,170591605241083,1000000000,170591.6030851667,true
audio,170591564209041,1000000000,170591.607060125,true
video,170591621907791,1000000000,170591.62044066668,true
audio,170591584209083,1000000000,170591.62845033334,true
video,170591638574416,1000000000,170591.63773833335,true
audio,170591604209083,1000000000,170591.64977800002,true
video,170591655240875,1000000000,170591.65511737502,true
audio,170591624209083,1000000000,170591.67109850002,true
video,170591671907583,1000000000,170591.67205720834,true
video,170591688574083,1000000000,170591.68885545834,true
audio,170591644209083,1000000000,170591.69246991668,true
video,170591705240666,1000000000,170591.70541879168,true
audio,170591664209083,1000000000,170591.71378808335,true
video,170591721907250,1000000000,170591.72212820835,true
audio,170591684209083,1000000000,170591.735155875,true
audio,170591704209083,1000000000,170591.73520625,true
video,170591746907291,1000000000,170591.742726625,true
audio,170591724209083,1000000000,170591.75644170833,true
video,170591763573791,1000000000,170591.7594994167,true
video,170591780240375,1000000000,170591.77773687502,true
audio,170591744209083,1000000000,170591.77779470835,true
video,170591796907083,1000000000,170591.794849875,true
audio,170591764209083,1000000000,170591.79911020835,true
video,170591813573583,1000000000,170591.81190587502,true
audio,170591784209041,1000000000,170591.82048145833,true
video,170591830240166,1000000000,170591.828763375,true
audio,170591804209083,1000000000,170591.841766375,true
video,170591846906875,1000000000,170591.84582825002,true
video,170591863573333,1000000000,170591.86304758335,true
audio,170591824209083,1000000000,170591.863105375,true
video,170591880239958,1000000000,170591.87981358333,true
audio,170591844209083,1000000000,170591.88445820834,true
video,170591896906500,1000000000,170591.89701904167,true
audio,170591864209083,1000000000,170591.90580083334,true
video,170591921906541,1000000000,170591.91711758333,true
audio,170591884209083,1000000000,170591.92712095834,true
video,170591938573041,1000000000,170591.9350210417,true
audio,170591904209083,1000000000,170591.94853954169,true
video,170591955239666,1000000000,170591.95171870835,true
video,170591971906250,1000000000,170591.96862637502,true
audio,170591924209083,1000000000,170591.96975787502,true
video,170591988572833,1000000000,170591.98575133336,true
audio,170591944209083,1000000000,170591.99111375,true
video,170592005239458,1000000000,170592.00292341667,true
audio,170591964209083,1000000000,170592.01245183335,true
video,170592021906041,1000000000,170592.01993516667,true
audio,170591984209083,1000000000,170592.03379862502,true
video,170592038572666,1000000000,170592.03680583334,true
video,170592055239250,1000000000,170592.0538294167,true
audio,170592004209041,1000000000,170592.05515220834,true
audio,170592024209083,1000000000,170592.05519533335,true
video,170592071905833,1000000000,170592.07082408335,true
audio,170592044209083,1000000000,170592.076454875,true
video,170592088572416,1000000000,170592.08811966667,true
audio,170592064209041,1000000000,170592.09781879166,true
video,170592105239041,1000000000,170592.105231625,true
audio,170592084209083,1000000000,170592.11915216668,true
video,170592121905750,1000000000,170592.122168,true
video,170592138572208,1000000000,170592.138941,true
audio,170592104209083,1000000000,170592.14043616666,true
video,170592163572083,1000000000,170592.15885112502,true
audio,170592124209083,1000000000,170592.161734625,true
video,170592180238708,1000000000,170592.17568845834,true
audio,170592144209083,1000000000,170592.18315829168,true
video,170592196905291,1000000000,170592.19356058334,true
audio,170592164209083,1000000000,170592.20452695835,true
video,170592213572000,1000000000,170592.21092566667,true
audio,170592184209083,1000000000,170592.22576229167,true
video,170592230238500,1000000000,170592.22764716667,true
video,170592246905250,1000000000,170592.24480891667,true
audio,170592204209083,1000000000,170592.24706766667,true
video,170592263571708,1000000000,170592.26195020834,true
audio,170592224209083,1000000000,170592.26846041667,true
video,170592280238291,1000000000,170592.27868783334,true
audio,170592244209083,1000000000,170592.28978079167,true
video,170592296905041,1000000000,170592.29650029168,true
audio,170592264209083,1000000000,170592.30045704168,true
video,170592313571500,1000000000,170592.313707875,true
audio,170592284209041,1000000000,170592.32179020834,true
video,170592338571375,1000000000,170592.33351404167,true
