type,pts_value,pts_timescale,host_seconds,appended
video,180219714514375,1000000000,180219.73381058333,true
video,180219731181041,1000000000,180219.73425912502,true
audio,180219714699041,1000000000,180219.73928325,true
video,180219756180875,1000000000,180219.75123108336,true
audio,180219734699041,1000000000,180219.757672875,true
video,180219772847500,1000000000,180219.76937179168,true
audio,180219754699041,1000000000,180219.77895629167,true
video,180219789514041,1000000000,180219.78777679167,true
audio,180219774699041,1000000000,180219.800189125,true
video,180219806180708,1000000000,180219.80546641667,true
audio,180219794699041,1000000000,180219.8216315,true
video,180219822847250,1000000000,180219.82249195833,true
video,180219839513875,1000000000,180219.83946620833,true
audio,180219814699041,1000000000,180219.842935875,true
video,180219856180458,1000000000,180219.85628779168,true
audio,180219834699041,1000000000,180219.86429266667,true
video,180219881180375,1000000000,180219.875615625,true
audio,180219854699000,1000000000,180219.88557008334,true
video,180219897846958,1000000000,180219.894188375,true
audio,180219874699041,1000000000,180219.9069780417,true
video,180219914513541,1000000000,180219.91193241667,true
audio,180219894699041,1000000000,180219.928327,true
video,180219931180166,1000000000,180219.92868058334,true
video,180219947846750,1000000000,180219.94615070833,true
audio,180219914699000,1000000000,180219.949582875,true
video,180219964513333,1000000000,180219.9630604167,true
audio,180219934699041,1000000000,180219.97093154167,true
video,180219981179916,1000000000,180219.97978504168,true
audio,180219954699041,1000000000,180219.99229766667,true
video,180219997846500,1000000000,180219.99760458333,true
audio,180219974699041,1000000000,180220.01362554167,true
video,180220014513125,1000000000,180220.01476479167,true
video,180220031179708,1000000000,180220.03135291667,true
audio,180219994699041,1000000000,180220.03496025002,true
audio,180220014699041,1000000000,180220.03500420833,true
video,180220056179666,1000000000,180220.050659,true
audio,180220034699041,1000000000,180220.05624991667,true
video,180220072846208,1000000000,180220.06735754167,true
audio,180220054699041,1000000000,180220.07757000002,true
video,180220089512833,1000000000,180220.085671125,true
audio,180220074699000,1000000000,180220.0989215,true
video,180220106179416,1000000000,180220.10259645834,true
audio,180220094699041,1000000000,180220.12035683336,true
video,180220122846000,1000000000,180220.12049425,true
video,180220139512625,1000000000,180220.13804804167,true
audio,180220114699041,1000000000,180220.14169858335,true
video,180220156179166,1000000000,180220.155542625,true
audio,180220134699000,1000000000,180220.16290416667,true
video,180220172845833,1000000000,180220.17289833335,true
audio,180220154699041,1000000000,180220.18436383334,true
video,180220189512375,1000000000,180220.19401504166,true
audio,180220174699041,1000000000,180220.20555645836,true
video,180220206178958,1000000000,180220.20654875002,true
video,180220231178916,1000000000,180220.226315,true
audio,180220194699041,1000000000,180220.22684420834,true
video,180220247845458,1000000000,180220.244257,true
audio,180220214699041,1000000000,180220.24819758334,true
video,180220264512000,1000000000,180220.26200575,true
audio,180220234699041,1000000000,180220.26959558335,true
video,180220281178666,1000000000,180220.278689125,true
audio,180220254699041,1000000000,180220.29087895833,true
video,180220297845291,1000000000,180220.29544991668,true
audio,180220274699041,1000000000,180220.31228370834,true
video,180220314511833,1000000000,180220.3129794167,true
video,180220331178375,1000000000,180220.33073029167,true
audio,180220294699041,1000000000,180220.33352825002,true
video,180220347845000,1000000000,180220.348206625,true
audio,180220314699041,1000000000,180220.35497204168,true
audio,180220334699041,1000000000,180220.35501020835,true
video,180220364511583,1000000000,180220.364906,true
audio,180220354699000,1000000000,180220.37630270835,true
video,180220389511500,1000000000,180220.38462391667,true
audio,180220374699041,1000000000,180220.39766166668,true
video,180220406178083,1000000000,180220.40176708336,true
audio,180220394699041,1000000000,180220.41900116668,true
video,180220422844708,1000000000,180220.41911229168,true
video,180220439511291,1000000000,180220.43611916667,true
audio,180220414699000,1000000000,180220.44030483335,true
video,180220456177875,1000000000,180220.45394550002,true
audio,180220434699041,1000000000,180220.46156408335,true
video,180220472844500,1000000000,180220.471032,true
audio,180220454699041,1000000000,180220.48290808336,true
video,180220489511041,1000000000,180220.48802733334,true
audio,180220474699041,1000000000,180220.50429091667,true
video,180220506177625,1000000000,180220.50552883334,true
video,180220522844250,1000000000,180220.523051625,true
audio,180220494699041,1000000000,180220.52559075,true
audio,180220514699041,1000000000,180220.547005375,true
video,180220547844083,1000000000,180220.558117125,true
audio,180220534699041,1000000000,180220.56823629167,true
video,180220572844000,1000000000,180220.57527404168,true
audio,180220554699041,1000000000,180220.58962945835,true
video,180220589510666,1000000000,180220.59220795834,true
video,180220614510500,1000000000,180220.6100187917,true
audio,180220574699000,1000000000,180220.61096608333,true
audio,180220594699041,1000000000,180220.63233958333,true
video,180220639510375,1000000000,180220.644047,true
audio,180220614699041,1000000000,180220.65363975,true
video,180220664510250,1000000000,180220.66149650002,true
audio,180220634699000,1000000000,180220.6750215,true
audio,180220654699041,1000000000,180220.67507258334,true
video,180220681176916,1000000000,180220.67894408334,true
audio,180220674699041,1000000000,180220.69632216668,true
video,180220714510000,1000000000,180220.71409720834,true
video,180220731176750,1000000000,180220.73165470833,true
audio,180220694699041,1000000000,180220.73890441668,true
video,180220747843333,1000000000,180220.74946983333,true
audio,180220714699041,1000000000,180220.76031908335,true
video,180220772843208,1000000000,180220.76856058335,true
audio,180220734699041,1000000000,180220.78157995833,true
video,180220789509791,1000000000,180220.787288625,true
audio,180220754699041,1000000000,180220.80294195833,true
video,180220806176458,1000000000,180220.80512825,true
video,180220822842958,1000000000,180220.82305229167,true
audio,180220774699041,1000000000,180220.8241974167,true
video,180220839509583,1000000000,180220.83992158333,true
audio,180220794699041,1000000000,180220.84561412502,true
audio,180220814699041,1000000000,180220.84564658336,true
video,180220856176166,1000000000,180220.856588875,true
audio,180220834699041,1000000000,180220.86695258334,true
video,180220881176000,1000000000,180220.87631762502,true
audio,180220854699000,1000000000,180220.88830000002,true
video,180220897842625,1000000000,180220.89440591668,true
audio,180220874699041,1000000000,180220.90960204168,true
video,180220914509208,1000000000,180220.91145137502,true
video,180220931175833,1000000000,180220.92912862502,true
audio,180220894699041,1000000000,180220.93095675,true
video,180220947842416,1000000000,180220.94616941668,true
audio,180220914699000,1000000000,180220.95229033334,true
video,180220964509041,1000000000,180220.96360125,true
audio,180220934699041,1000000000,180220.97354345836,true
video,180220981175625,1000000000,180220.98029175002,true
audio,180220954699041,1000000000,180220.99498054167,true
video,180220997842250,1000000000,180220.99827275,true
audio,180220974699041,1000000000,180221.01629200001,true
video,180221022842083,1000000000,180221.017865625,true
video,180221039508666,1000000000,180221.03462833335,true
audio,180220994699041,1000000000,180221.03754145835,true
video,180221056175291,1000000000,180221.05254808333,true
audio,180221014699041,1000000000,180221.059014375,true
video,180221072841875,1000000000,180221.06965216668,true
audio,180221034699041,1000000000,180221.080288375,true
video,180221089508500,1000000000,180221.0872844167,true
audio,180221054699041,1000000000,180221.10165625002,true
video,180221106175083,1000000000,180221.10374129168,true
video,180221122841666,1000000000,180221.12107895836,true
audio,180221074699000,1000000000,180221.12292333334,true
video,180221139508291,1000000000,180221.13811804168,true
audio,180221094699041,1000000000,180221.14428383333,true
video,180221156174875,1000000000,180221.15517345833,true
audio,180221114699041,1000000000,180221.1656525,true
audio,180221134699000,1000000000,180221.16568912502,true
video,180221172841458,1000000000,180221.17252104168,true
audio,180221154699041,1000000000,180221.1869436667,true
video,180221189508041,1000000000,180221.18964541669,true
video,180221206174625,1000000000,180221.20671408335,true
audio,180221174699041,1000000000,180221.20820129168,true
video,180221231174541,1000000000,180221.226505125,true
audio,180221194699041,1000000000,180221.22961850002,true
video,180221247841125,1000000000,180221.24394558335,true
audio,180221214699041,1000000000,180221.250957125,true
video,180221264507791,1000000000,180221.26100783335,true
audio,180221234699041,1000000000,180221.27230575,true
video,180221281174333,1000000000,180221.27874145834,true
audio,180221254699041,1000000000,180221.29360958334,true
video,180221297840958,1000000000,180221.2954145,true
video,180221314507541,1000000000,180221.31314329169,true
audio,180221274699041,1000000000,180221.31489920834,true
video,180221331174166,1000000000,180221.33047104167,true
audio,180221294699041,1000000000,180221.33625745834,true
video,180221347840791,1000000000,180221.34751775002,true
audio,180221314699041,1000000000,180221.357650875,true
video,180221364507333,1000000000,180221.3647354167,true
audio,180221334699041,1000000000,180221.3789496667,true
video,180221381173916,1000000000,180221.3816487917,true
audio,180221354699000,1000000000,180221.40037995833,true
video,180221406173791,1000000000,180221.40151325002,true
video,180221422840416,1000000000,180221.41946229167,true
audio,180221374699041,1000000000,180221.42162104166,true
video,180221439506958,1000000000,180221.43612508333,true
audio,180221394699041,1000000000,180221.44300066668,true
video,180221456173541,1000000000,180221.45370554167,true
audio,180221414699000,1000000000,180221.464285875,true
video,180221472840208,1000000000,180221.47049754168,true
audio,180221434699041,1000000000,180221.48561766668,true
audio,180221454699041,1000000000,180221.48566966667,true
video,180221489506750,1000000000,180221.48726387502,true
video,180221506173333,1000000000,180221.5041640417,true
audio,180221474699041,1000000000,180221.50689762502,true
video,180221522839958,1000000000,180221.521067375,true
audio,180221494699041,1000000000,180221.52825279167,true
video,180221539506541,1000000000,180221.53778037502,true
audio,180221514699041,1000000000,180221.54969045834,true
video,180221556173125,1000000000,180221.55487195833,true
audio,180221534699041,1000000000,180221.57099575002,true
video,180221572839708,1000000000,180221.57183991667,true
audio,180221554699041,1000000000,180221.5922766667,true
video,180221597839625,1000000000,180221.60614883335,true
audio,180221574699000,1000000000,180221.61358262502,true
video,180221614506208,1000000000,180221.62320212502,true
audio,180221594699041,1000000000,180221.63495545834,true
video,180221647839416,1000000000,180221.64196245835,true
audio,180221614699041,1000000000,180221.65632654168,true
video,180221664506000,1000000000,180221.6587777917,true
video,180221681172625,1000000000,180221.67558545835,true
audio,180221634699000,1000000000,180221.67759045833,true
video,180221697839208,1000000000,180221.69347608334,true
audio,180221654699041,1000000000,180221.69891379168,true
video,180221714505833,1000000000,180221.71115816667,true
audio,180221674699041,1000000000,180221.72022745834,true
video,180221731172416,1000000000,180221.72852320835,true
audio,180221694699041,1000000000,180221.730889875,true
video,180221747839000,1000000000,180221.746224375,true
audio,180221714699041,1000000000,180221.75227995834,true
video,180221764505583,1000000000,180221.7632189167,true
audio,180221734699041,1000000000,180221.77356791668,true
video,180221781172166,1000000000,180221.78077670836,true
audio,180221754699041,1000000000,180221.79503783333,true
video,180221797838791,1000000000,180221.79795191667,true
video,180221814505375,1000000000,180221.8147340417,true
audio,180221774699041,1000000000,180221.81627408334,true
video,180221831172000,1000000000,180221.83150283335,true
audio,180221794699041,1000000000,180221.83760633334,true
audio,180221814699041,1000000000,180221.83764945835,true
video,180221856171916,1000000000,180221.85146191667,true
audio,180221834699041,1000000000,180221.85897987502,true
video,180221872838458,1000000000,180221.86817254167,true
audio,180221854699000,1000000000,180221.88030379167,true
video,180221889505125,1000000000,180221.88508562502,true
audio,180221874699041,1000000000,180221.90162133335,true
video,180221906171666,1000000000,180221.90303904167,true
video,180221922838250,1000000000,180221.920266625,true
audio,180221894699041,1000000000,180221.92292083334,true
video,180221939504833,1000000000,180221.937263625,true
audio,180221914699000,1000000000,180221.94423691666,true
video,180221956171375,1000000000,180221.95439808336,true
audio,180221934699041,1000000000,180221.9656215417,true
video,180221972838000,1000000000,180221.97222279166,true
audio,180221954699041,1000000000,180221.98701900002,true
video,180221989504583,1000000000,180221.98973650002,true
video,180222006171166,1000000000,180222.00646250002,true
audio,180221974699041,1000000000,180222.008292125,true
video,180222022837791,1000000000,180222.02316033334,true
audio,180221994699041,1000000000,180222.02957920835,true
video,180222047837708,1000000000,180222.043511375,true
audio,180222014699041,1000000000,180222.0509695,true
video,180222064504291,1000000000,180222.06135033333,true
audio,180222034699041,1000000000,180222.0722785,true
video,180222081170875,1000000000,180222.07901225,true
audio,180222054699041,1000000000,180222.09361933335,true
video,180222097837458,1000000000,180222.095834125,true
video,180222114504041,1000000000,180222.113595125,true
audio,180222074699000,1000000000,180222.11488658335,true
video,180222131170666,1000000000,180222.13059095835,true
audio,180222094699041,1000000000,180222.13622633336,true
video,180222147837291,1000000000,180222.147434125,true
audio,180222114699041,1000000000,180222.15764083335,true
audio,180222134699000,1000000000,180222.15769108335,true
video,180222164503833,1000000000,180222.16451495833,true
audio,180222154699041,1000000000,180222.17892308335,true
video,180222181170458,1000000000,180222.18135933334,true
audio,180222174699041,1000000000,180222.20031445834,true
video,180222206170333,1000000000,180222.20130512503,true
video,180222222836958,1000000000,180222.21834033335,true
audio,180222194699041,1000000000,180222.22156125001,true
video,180222239503541,1000000000,180222.23614233334,true
audio,180222214699041,1000000000,180222.24291720835,true
video,180222256170125,1000000000,180222.25313045835,true
audio,180222234699041,1000000000,180222.26429429167,true
video,180222272836750,1000000000,180222.27075775,true
audio,180222254699041,1000000000,180222.28563829168,true
video,180222289503333,1000000000,180222.288138,true
video,180222306169916,1000000000,180222.30555670834,true
audio,180222274699041,1000000000,180222.30691116667,true
video,180222322836500,1000000000,180222.3224809167,true
audio,180222294699041,1000000000,180222.32829987502,true
video,180222339503125,1000000000,180222.33969508336,true
audio,180222314699041,1000000000,180222.349649,true
video,180222356169708,1000000000,180222.35642525,true
audio,180222334699041,1000000000,180222.37093258335,true
video,180222372836291,1000000000,180222.37306929167,true
audio,180222354699000,1000000000,180222.39237583335,true
video,180222397836208,1000000000,180222.39321354168,true
video,180222414502791,1000000000,180222.40993916668,true
audio,180222374699041,1000000000,180222.41361383334,true
video,180222431169416,1000000000,180222.427770625,true
audio,180222394699041,1000000000,180222.435020875,true
video,180222447836000,1000000000,180222.44460437502,true
audio,180222414699000,1000000000,180222.4563445417,true
video,180222464502583,1000000000,180222.46142975002,true
audio,180222434699041,1000000000,180222.4777032917,true
audio,180222454699041,1000000000,180222.47776516667,true
video,180222481169166,1000000000,180222.4786742917,true
video,180222497835708,1000000000,180222.49565020835,true
audio,180222474699041,1000000000,180222.49894604168,true
video,180222514502375,1000000000,180222.51249295834,true
audio,180222494699041,1000000000,180222.52029566668,true
video,180222522835625,1000000000,180222.5295007917,true
audio,180222514699041,1000000000,180222.54165600002,true
video,180222539502250,1000000000,180222.54697662502,true
audio,180222534699041,1000000000,180222.56296758333,true
video,180222556168833,1000000000,180222.56401591667,true
video,180222572835416,1000000000,180222.58142925,true
audio,180222554699041,1000000000,180222.5844026667,true
video,180222606168625,1000000000,180222.600255125,true
audio,180222574699000,1000000000,180222.60565954167,true
audio,180222594699041,1000000000,180222.62698254167,true
video,180222631168458,1000000000,180222.63471150002,true
audio,180222614699041,1000000000,180222.64829908335,true
video,180222647835125,1000000000,180222.652336375,true
audio,180222634699000,1000000000,180222.66963241668,true
video,180222664501708,1000000000,180222.66995583335,true
video,180222681168291,1000000000,180222.687519875,true
audio,180222654699041,1000000000,180222.69097958333,true
video,180222697834875,1000000000,180222.70509954166,true
audio,180222674699041,1000000000,180222.71227254168,true
video,180222722834750,1000000000,180222.72177541666,true
audio,180222694699041,1000000000,180222.733561625,true
video,180222739501416,1000000000,180222.73877350002,true
audio,180222714699041,1000000000,180222.7549355,true
video,180222756167958,1000000000,180222.75584658334,true
video,180222772834583,1000000000,180222.77268304167,true
audio,180222734699041,1000000000,180222.776247625,true
video,180222789501166,1000000000,180222.78977920834,true
audio,180222754699041,1000000000,180222.79768366666,true
video,180222806167750,1000000000,180222.806388375,true
audio,180222774699041,1000000000,180222.81900754166,true
video,180222831167625,1000000000,180222.8265174167,true
audio,180222794699041,1000000000,180222.84028637502,true
audio,180222814699041,1000000000,180222.84033483334,true
video,180222847834250,1000000000,180222.84431825002,true
audio,180222834699041,1000000000,180222.86160445833,true
video,180222864500833,1000000000,180222.862287375,true
video,180222881167416,1000000000,180222.87919954167,true
audio,180222854699000,1000000000,180222.88291900003,true
video,180222897834041,1000000000,180222.89623995835,true
audio,180222874699041,1000000000,180222.90432583334,true
video,180222914500625,1000000000,180222.91373583334,true
audio,180222894699041,1000000000,180222.9255531667,true
video,180222931167250,1000000000,180222.93137291668,true
audio,180222914699000,1000000000,180222.946991,true
video,180222947833833,1000000000,180222.94830433335,true
video,180222972833750,1000000000,180222.96840175,true
audio,180222934699041,1000000000,180222.96845720834,true
video,180222989500333,1000000000,180222.9864522917,true
audio,180222954699041,1000000000,180222.98964925,true
video,180223006166916,1000000000,180223.00391283334,true
audio,180222974699041,1000000000,180223.01098795835,true
video,180223022833541,1000000000,180223.02152470834,true
audio,180222994699041,1000000000,180223.03224645834,true
video,180223039500083,1000000000,180223.03938054168,true
audio,180223014699041,1000000000,180223.05362208333,true
video,180223056166708,1000000000,180223.05632120834,true
video,180223072833250,1000000000,180223.07294208335,true
audio,180223034699041,1000000000,180223.07493675002,true
video,180223089499916,1000000000,180223.08989725,true
audio,180223054699041,1000000000,180223.09627933335,true
video,180223114499750,1000000000,180223.10963195833,true
audio,180223074699000,1000000000,180223.117642125,true
video,180223131166333,1000000000,180223.12657029167,true
audio,180223094699041,1000000000,180223.13893970835,true
video,180223147832958,1000000000,180223.14322545833,true
audio,180223114699041,1000000000,180223.16024770835,true
audio,180223134699000,1000000000,180223.16036716668,true
video,180223164499541,1000000000,180223.16124520835,true
video,180223181166125,1000000000,180223.17920375,true
audio,180223154699041,1000000000,180223.1816229167,true
video,180223197832708,1000000000,180223.19619412502,true
audio,180223174699041,1000000000,180223.20301908333,true
video,180223214499333,1000000000,180223.21331575,true
audio,180223194699041,1000000000,180223.224324125,true
video,180223231165916,1000000000,180223.23031100002,true
audio,180223214699041,1000000000,180223.2456675,true
video,180223247832500,1000000000,180223.2475535,true
video,180223264499125,1000000000,180223.2647284167,true
audio,180223234699041,1000000000,180223.26687508335,true
video,180223289499000,1000000000,180223.284878625,true
audio,180223254699041,1000000000,180223.28820233335,true
video,180223306165583,1000000000,180223.30161508336,true
audio,180223274699041,1000000000,180223.30962233336,true
video,180223322832208,1000000000,180223.31956679167,true
audio,180223294699041,1000000000,180223.33092875002,true
video,180223339498833,1000000000,180223.33700016668,true
audio,180223314699041,1000000000,180223.35233283334,true
video,180223356165416,1000000000,180223.354414875,true
video,180223372832000,1000000000,180223.37146433335,true
audio,180223334699041,1000000000,180223.37356366668,true
video,180223389498625,1000000000,180223.38919866667,true
audio,180223354699000,1000000000,180223.39498054166,true
video,180223406165208,1000000000,180223.40641770835,true
audio,180223374699041,1000000000,180223.41634233334,true
video,180223422831791,1000000000,180223.42325683334,true
audio,180223394699041,1000000000,180223.43765766668,true
video,180223447831666,1000000000,180223.44342508336,true
audio,180223414699000,1000000000,180223.45899475002,true
video,180223464498291,1000000000,180223.46099425002,true
video,180223481165000,1000000000,180223.47802137502,true
audio,180223434699041,1000000000,180223.48029083334,true
audio,180223454699041,1000000000,180223.48032433333,true
video,180223497831458,1000000000,180223.49498791667,true
audio,180223474699041,1000000000,180223.50163500002,true
video,180223514498083,1000000000,180223.51226158335,true
audio,180223494699041,1000000000,180223.523039875,true
video,180223531164666,1000000000,180223.530218625,true
audio,180223514699041,1000000000,180223.5443117917,true
video,180223547831250,1000000000,180223.54735383333,true
audio,180223534699041,1000000000,180223.56559666668,true
video,180223589497708,1000000000,180223.58381316668,true
audio,180223554699041,1000000000,180223.58683708333,true
video,180223606164291,1000000000,180223.601670125,true
audio,180223574699000,1000000000,180223.60827829168,true
audio,180223594699041,1000000000,180223.62959666667,true
video,180223631164125,1000000000,180223.63580483335,true
audio,180223614699041,1000000000,180223.65096658334,true
video,180223647830791,1000000000,180223.65279204168,true
video,180223664497375,1000000000,180223.67068679168,true
audio,180223634699000,1000000000,180223.67220120833,true
video,180223689497208,1000000000,180223.68759433334,true
audio,180223654699041,1000000000,180223.69354879166,true
video,180223706163875,1000000000,180223.70449604167,true
audio,180223674699041,1000000000,180223.71488450002,true
video,180223722830500,1000000000,180223.721571875,true
audio,180223694699041,1000000000,180223.73635120835,true
video,180223739497083,1000000000,180223.73987179168,true
video,180223756163666,1000000000,180223.75658441667,true
audio,180223714699041,1000000000,180223.7575385,true
video,180223781163583,1000000000,180223.77797554169,true
audio,180223734699041,1000000000,180223.7789455,true
video,180223797830166,1000000000,180223.79568225,true
audio,180223754699041,1000000000,180223.80032095834,true
video,180223814496791,1000000000,180223.81256029167,true
audio,180223774699041,1000000000,180223.82156900002,true
video,180223831163333,1000000000,180223.82901370834,true
audio,180223794699041,1000000000,180223.84293883335,true
audio,180223814699041,1000000000,180223.84298475002,true
video,180223847829958,1000000000,180223.84673866667,true
video,180223864496541,1000000000,180223.86348675002,true
audio,180223834699041,1000000000,180223.8642424167,true
video,180223881163125,1000000000,180223.880069,true
audio,180223854699000,1000000000,180223.88561995834,true
video,180223897829791,1000000000,180223.89737966668,true
audio,180223874699041,1000000000,180223.90698691667,true
video,180223914496333,1000000000,180223.91468175,true
audio,180223894699041,1000000000,180223.928401,true
video,180223931162916,1000000000,180223.93144908335,true
audio,180223914699000,1000000000,180223.94957058335,true
video,180223956162833,1000000000,180223.95160070836,true
video,180223972829416,1000000000,180223.96966570834,true
audio,180223934699041,1000000000,180223.97095062502,true
video,180223989496000,1000000000,180223.98732195835,true
audio,180223954699041,1000000000,180223.99229329167,true
video,180224006162583,1000000000,180224.0041245,true
audio,180223974699041,1000000000,180224.01360220835,true
video,180224022829208,1000000000,180224.02184366668,true
audio,180223994699041,1000000000,180224.034901875,true
video,180224039495791,1000000000,180224.03895037502,true
video,180224056162416,1000000000,180224.05571483335,true
audio,180224014699041,1000000000,180224.056186375,true
video,180224072828958,1000000000,180224.07296358334,true
audio,180224034699041,1000000000,180224.07763141667,true
video,180224097828916,1000000000,180224.094306,true
audio,180224054699041,1000000000,180224.09888629167,true
video,180224114495500,1000000000,180224.11234095835,true
audio,180224074699000,1000000000,180224.12024758334,true
video,180224131162041,1000000000,180224.12968412502,true
audio,180224094699041,1000000000,180224.14162470834,true
video,180224147828666,1000000000,180224.14674154168,true
audio,180224114699041,1000000000,180224.16293854167,true
audio,180224134699000,1000000000,180224.16299100002,true
video,180224164495250,1000000000,180224.16439333334,true
video,180224181161833,1000000000,180224.18139550003,true
audio,180224154699041,1000000000,180224.184220875,true
video,180224197828458,1000000000,180224.19806766667,true
audio,180224174699041,1000000000,180224.20559270834,true
video,180224214495041,1000000000,180224.21480241668,true
audio,180224194699041,1000000000,180224.22694741667,true
video,180224231161625,1000000000,180224.23150720834,true
audio,180224214699041,1000000000,180224.248266375,true
video,180224256161500,1000000000,180224.25116291668,true
video,180224272828125,1000000000,180224.26873491667,true
audio,180224234699041,1000000000,180224.26957845833,true
video,180224289494708,1000000000,180224.28546800002,true
audio,180224254699041,1000000000,180224.29096129167,true
video,180224306161291,1000000000,180224.30341575,true
audio,180224274699041,1000000000,180224.31226675,true
video,180224322827916,1000000000,180224.31998333335,true
audio,180224294699041,1000000000,180224.33359754167,true
video,180224339494541,1000000000,180224.33693045835,true
video,180224356161125,1000000000,180224.35495516667,true
audio,180224314699041,1000000000,180224.35501083336,true
video,180224372827750,1000000000,180224.37167895836,true
audio,180224334699041,1000000000,180224.376266,true
video,180224389494333,1000000000,180224.38862508335,true
audio,180224354699000,1000000000,180224.39757958334,true
video,180224406160916,1000000000,180224.40551462502,true
audio,180224374699041,1000000000,180224.41900029167,true
video,180224422827541,1000000000,180224.42324262502,true
audio,180224394699041,1000000000,180224.440317375,true
video,180224447827416,1000000000,180224.44276208334,true
video,180224464494000,1000000000,180224.459754125,true
audio,180224414699000,1000000000,180224.46153970834,true
video,180224481160583,1000000000,180224.47650045835,true
audio,180224434699041,1000000000,180224.48289450002,true
audio,180224454699041,1000000000,180224.48294066667,true
video,180224497827208,1000000000,180224.49380091668,true
audio,180224474699041,1000000000,180224.504304625,true
video,180224514493791,1000000000,180224.511202375,true
audio,180224494699041,1000000000,180224.52552595834,true
video,180224539493625,1000000000,180224.54469229167,true
audio,180224514699041,1000000000,180224.54694650002,true
video,180224556160250,1000000000,180224.5614769167,true
audio,180224534699041,1000000000,180224.56826212502,true
video,180224572826875,1000000000,180224.57830866668,true
audio,180224554699041,1000000000,180224.58957941667,true
video,180224589493500,1000000000,180224.59579983333,true
audio,180224574699000,1000000000,180224.61088412502,true
video,180224606160083,1000000000,180224.61300758334,true
video,180224631159916,1000000000,180224.629649375,true
audio,180224594699041,1000000000,180224.63226370834,true
video,180224647826583,1000000000,180224.64688054167,true
audio,180224614699041,1000000000,180224.65354433336,true
video,180224664493166,1000000000,180224.66373729167,true
audio,180224634699000,1000000000,180224.67496425,true
video,180224681159666,1000000000,180224.680396,true
audio,180224654699041,1000000000,180224.69622891667,true
video,180224697826291,1000000000,180224.6979667917,true
video,180224722826166,1000000000,180224.717467,true
audio,180224674699041,1000000000,180224.71751425002,true
video,180224739492791,1000000000,180224.7365359167,true
audio,180224694699041,1000000000,180224.73889558334,true
video,180224756159375,1000000000,180224.75340004166,true
audio,180224714699041,1000000000,180224.76024741668,true
video,180224772826000,1000000000,180224.77122225,true
audio,180224734699041,1000000000,180224.78162350002,true
video,180224789492583,1000000000,180224.78808320835,true
audio,180224754699041,1000000000,180224.8029002917,true
video,180224806159166,1000000000,180224.80570654167,true
video,180224822825791,1000000000,180224.82272666667,true
audio,180224774699041,1000000000,180224.82421408335,true
video,180224839492375,1000000000,180224.83988325,true
audio,180224794699041,1000000000,180224.8456155,true
audio,180224814699041,1000000000,180224.845661,true
video,180224864492291,1000000000,180224.8604275,true
audio,180224834699041,1000000000,180224.86698075,true
video,180224881158875,1000000000,180224.87736433334,true
audio,180224854699000,1000000000,180224.88831420834,true
video,180224897825458,1000000000,180224.89468283334,true
audio,180224874699041,1000000000,180224.909664125,true
video,180224914492083,1000000000,180224.91145220835,true
video,180224931158625,1000000000,180224.92919008335,true
audio,180224894699041,1000000000,180224.9309005,true
video,180224947825250,1000000000,180224.94620500001,true
audio,180224914699000,1000000000,180224.95225208334,true
video,180224964491916,1000000000,180224.96397629168,true
audio,180224934699041,1000000000,180224.97362016668,true
video,180224981158458,1000000000,180224.98137158333,true
audio,180224954699041,1000000000,180224.994933,true
video,180225006158333,1000000000,180225.003115375,true
audio,180224974699041,1000000000,180225.01625116667,true
video,180225022825000,1000000000,180225.020223,true
video,180225039491541,1000000000,180225.03745575002,true
audio,180224994699041,1000000000,180225.03755608335,true
video,180225056158166,1000000000,180225.05446066667,true
audio,180225014699041,1000000000,180225.05887166667,true
video,180225072824750,1000000000,180225.07178275002,true
audio,180225034699041,1000000000,180225.08031008334,true
video,180225089491333,1000000000,180225.0884005,true
audio,180225054699041,1000000000,180225.10162216667,true
video,180225106157958,1000000000,180225.10513120834,true
video,180225122824500,1000000000,180225.122148375,true
audio,180225074699000,1000000000,180225.12289295834,true
video,180225139491125,1000000000,180225.13884883333,true
audio,180225094699041,1000000000,180225.14423266667,true
video,180225156157750,1000000000,180225.15624150002,true
audio,180225114699041,1000000000,180225.16555754168,true
audio,180225134699000,1000000000,180225.1655892917,true
video,180225172824333,1000000000,180225.17311291667,true
audio,180225154699041,1000000000,180225.18696729167,true
video,180225189490958,1000000000,180225.18980337502,true
audio,180225174699041,1000000000,180225.20826633336,true
video,180225214490750,1000000000,180225.20988608335,true
video,180225231157416,1000000000,180225.22667191667,true
audio,180225194699041,1000000000,180225.22957279166,true
video,180225247824000,1000000000,180225.24451383334,true
audio,180225214699041,1000000000,180225.25089495836,true
video,180225264490583,1000000000,180225.26213783334,true
audio,180225234699041,1000000000,180225.27229670834,true
video,180225281157166,1000000000,180225.27936008334,true
audio,180225254699041,1000000000,180225.293599,true
video,180225297823750,1000000000,180225.29662912502,true
video,180225314490375,1000000000,180225.31336804168,true
audio,180225274699041,1000000000,180225.3149995,true
video,180225331156958,1000000000,180225.3304085417,true
audio,180225294699041,1000000000,180225.33635666667,true
video,180225347823625,1000000000,180225.34739504167,true
audio,180225314699041,1000000000,180225.35757075,true
video,180225364490166,1000000000,180225.364986875,true
audio,180225334699041,1000000000,180225.37895304168,true
video,180225389490083,1000000000,180225.38458475002,true
audio,180225354699000,1000000000,180225.400251,true
video,180225406156666,1000000000,180225.402650625,true
video,180225422823250,1000000000,180225.42006016668,true
audio,180225374699041,1000000000,180225.42159725,true
video,180225439489875,1000000000,180225.43681862502,true
audio,180225394699041,1000000000,180225.44297845833,true
video,180225456156458,1000000000,180225.45351750002,true
audio,180225414699000,1000000000,180225.46430379167,true
video,180225472823041,1000000000,180225.47038125002,true
audio,180225434699041,1000000000,180225.48563245835,true
audio,180225454699041,1000000000,180225.48567708334,true
video,180225489489625,1000000000,180225.48765633334,true
video,180225506156208,1000000000,180225.5045465417,true
audio,180225474699041,1000000000,180225.50691350002,true
video,180225522822833,1000000000,180225.52206820835,true
audio,180225494699041,1000000000,180225.52821791667,true
video,180225539489416,1000000000,180225.5386965,true
audio,180225514699041,1000000000,180225.54968695834,true
video,180225556159083,1000000000,180225.555683,true
audio,180225534699041,1000000000,180225.57090170836,true
video,180225572822625,1000000000,180225.57274775,true
video,180225589489250,1000000000,180225.58981808333,true
audio,180225554699041,1000000000,180225.5921809167,true
video,180225614489125,1000000000,180225.60855916666,true
audio,180225574699000,1000000000,180225.61353791668,true
video,180225631155708,1000000000,180225.62732825,true
audio,180225594699041,1000000000,180225.63489779166,true
video,180225647822333,1000000000,180225.6445022917,true
audio,180225614699041,1000000000,180225.65623220833,true
video,180225664488916,1000000000,180225.66119912502,true
audio,180225634699000,1000000000,180225.67756450002,true
video,180225681155541,1000000000,180225.67912416667,true
video,180225697822125,1000000000,180225.69590441667,true
audio,180225654699041,1000000000,180225.69884916669,true
video,180225714488708,1000000000,180225.71343795836,true
audio,180225674699041,1000000000,180225.72021404168,true
video,180225731155291,1000000000,180225.73062083335,true
audio,180225694699041,1000000000,180225.73085300002,true
video,180225747821875,1000000000,180225.74756091667,true
audio,180225714699041,1000000000,180225.7522335,true
video,180225764488500,1000000000,180225.7647934167,true
audio,180225734699041,1000000000,180225.7735809167,true
video,180225781155041,1000000000,180225.78141762502,true
audio,180225754699041,1000000000,180225.7948779167,true
video,180225797821625,1000000000,180225.79805641668,true
video,180225814488291,1000000000,180225.81489583335,true
audio,180225774699041,1000000000,180225.81624041667,true
video,180225839488125,1000000000,180225.83597041667,true
audio,180225794699041,1000000000,180225.8376090417,true
audio,180225814699041,1000000000,180225.83766454167,true
video,180225856154750,1000000000,180225.8535665,true
audio,180225834699041,1000000000,180225.85894775,true
video,180225872821333,1000000000,180225.87058050002,true
audio,180225854699000,1000000000,180225.88021620834,true
video,180225889487958,1000000000,180225.88745283335,true
audio,180225874699041,1000000000,180225.90165154167,true
video,180225906154541,1000000000,180225.9044819167,true
video,180225922821125,1000000000,180225.9216875,true
audio,180225894699041,1000000000,180225.9228777917,true
video,180225939487791,1000000000,180225.938444625,true
audio,180225914699000,1000000000,180225.94424491667,true
video,180225956154333,1000000000,180225.95524100002,true
audio,180225934699041,1000000000,180225.96555975,true
video,180225972820916,1000000000,180225.9729445,true
audio,180225954699041,1000000000,180225.98694758335,true
video,180225989487541,1000000000,180225.98967725,true
audio,180225974699041,1000000000,180226.008276875,true
video,180226014487458,1000000000,180226.00968008334,true
video,180226031154041,1000000000,180226.02786316667,true
audio,180225994699041,1000000000,180226.02954958336,true
video,180226047820625,1000000000,180226.04522395835,true
audio,180226014699041,1000000000,180226.05098641667,true
video,180226064487291,1000000000,180226.0625585417,true
audio,180226034699041,1000000000,180226.072274125,true
video,180226081153833,1000000000,180226.08031816667,true
audio,180226054699041,1000000000,180226.09363375002,true
video,180226097820416,1000000000,180226.09735016667,true
video,180226114487000,1000000000,180226.114321875,true
audio,180226074699000,1000000000,180226.11488220835,true
video,180226131153583,1000000000,180226.13130666668,true
audio,180226094699041,1000000000,180226.13623187502,true
video,180226147820250,1000000000,180226.148040125,true
audio,180226114699041,1000000000,180226.15758729167,true
audio,180226134699000,1000000000,180226.157627375,true
video,180226164486791,1000000000,180226.16471525002,true
audio,180226154699041,1000000000,180226.179038,true
video,180226189486708,1000000000,180226.1847035417,true
audio,180226174699041,1000000000,180226.200327125,true
video,180226206153291,1000000000,180226.20152016668,true
video,180226222819875,1000000000,180226.21827604168,true
audio,180226194699041,1000000000,180226.22157995834,true
video,180226239486500,1000000000,180226.23569091668,true
audio,180226214699041,1000000000,180226.24300420834,true
video,180226256153083,1000000000,180226.2529412917,true
audio,180226234699041,1000000000,180226.26427708333,true
video,180226272819708,1000000000,180226.2698,true
audio,180226254699041,1000000000,180226.28557216667,true
video,180226289486291,1000000000,180226.2872675417,true
video,180226306152875,1000000000,180226.30432425,true
audio,180226274699041,1000000000,180226.3068561667,true
video,180226322819458,1000000000,180226.32190633335,true
audio,180226294699041,1000000000,180226.32825708334,true
video,180226339486041,1000000000,180226.33864845833,true
audio,180226314699041,1000000000,180226.34965054167,true
video,180226356152625,1000000000,180226.35552512502,true
audio,180226334699041,1000000000,180226.370921875,true
video,180226372819250,1000000000,180226.37329400002,true
audio,180226354699000,1000000000,180226.39227858334,true
video,180226397819166,1000000000,180226.39308587502,true
video,180226414485750,1000000000,180226.4097754167,true
audio,180226374699041,1000000000,180226.4135435,true
video,180226431152375,1000000000,180226.42736587502,true
audio,180226394699041,1000000000,180226.43494579167,true
video,180226447818958,1000000000,180226.44459612502,true
audio,180226414699000,1000000000,180226.45628683333,true
video,180226464485541,1000000000,180226.46132229167,true
audio,180226434699041,1000000000,180226.47767304166,true
audio,180226454699041,1000000000,180226.47773575,true
video,180226481152125,1000000000,180226.47897054168,true
video,180226497818708,1000000000,180226.496052375,true
audio,180226474699041,1000000000,180226.49889520835,true
video,180226514485333,1000000000,180226.51383975,true
audio,180226494699041,1000000000,180226.52027325,true
audio,180226514699041,1000000000,180226.54164462502,true
video,180226556151833,1000000000,180226.55013720834,true
audio,180226534699041,1000000000,180226.5629372917,true
video,180226572818458,1000000000,180226.56686383334,true
audio,180226554699041,1000000000,180226.58420775,true
video,180226589485041,1000000000,180226.58461025002,true
video,180226606151625,1000000000,180226.60147825,true
audio,180226574699000,1000000000,180226.60550237502,true
video,180226622818208,1000000000,180226.61933545835,true
audio,180226594699041,1000000000,180226.6269145,true
video,180226639484833,1000000000,180226.63697108335,true
audio,180226614699041,1000000000,180226.64833275002,true
video,180226656151416,1000000000,180226.65365283334,true
audio,180226634699000,1000000000,180226.6695677917,true
video,180226672818041,1000000000,180226.67077245834,true
video,180226689484666,1000000000,180226.68871095835,true
audio,180226654699041,1000000000,180226.69089733335,true
video,180226706151208,1000000000,180226.705620625,true
audio,180226674699041,1000000000,180226.71228875002,true
video,180226722817791,1000000000,180226.723162125,true
audio,180226694699041,1000000000,180226.73364329166,true
video,180226739484416,1000000000,180226.739773375,true
audio,180226714699041,1000000000,180226.75496658334,true
video,180226756151041,1000000000,180226.75647504168,true
audio,180226734699041,1000000000,180226.77624370836,true
video,180226781150916,1000000000,180226.77795825002,true
video,180226797817500,1000000000,180226.795025625,true
audio,180226754699041,1000000000,180226.79761195835,true
video,180226814484125,1000000000,180226.811621,true
audio,180226774699041,1000000000,180226.81899220834,true
video,180226831150708,1000000000,180226.82857412501,true
audio,180226794699041,1000000000,180226.84025741668,true
audio,180226814699041,1000000000,180226.84030470834,true
video,180226847817250,1000000000,180226.8454565417,true
audio,180226834699041,1000000000,180226.86162954167,true
video,180226864483916,1000000000,180226.86290695835,true
video,180226881150458,1000000000,180226.88067920835,true
audio,180226854699000,1000000000,180226.882893875,true
video,180226897817083,1000000000,180226.8976596667,true
audio,180226874699041,1000000000,180226.90425154168,true
video,180226914483666,1000000000,180226.91475166669,true
audio,180226894699041,1000000000,180226.92556704168,true
video,180226939483583,1000000000,180226.93450587502,true
audio,180226914699000,1000000000,180226.94689045835,true
video,180226956150166,1000000000,180226.95221020834,true
audio,180226934699041,1000000000,180226.96830862502,true
video,180226972816791,1000000000,180226.97028125002,true
video,180226989483416,1000000000,180226.9866775417,true
audio,180226954699041,1000000000,180226.98971208333,true
video,180227006149958,1000000000,180227.00435245835,true
audio,180226974699041,1000000000,180227.0110282917,true
video,180227022816583,1000000000,180227.02133495835,true
audio,180226994699041,1000000000,180227.03222079168,true
video,180227039483166,1000000000,180227.03841475002,true
audio,180227014699041,1000000000,180227.053605625,true
video,180227056149750,1000000000,180227.055946375,true
video,180227072816375,1000000000,180227.0730202917,true
audio,180227034699041,1000000000,180227.07497395834,true
video,180227097816250,1000000000,180227.093395,true
audio,180227054699041,1000000000,180227.0962495,true
video,180227114482875,1000000000,180227.10999079168,true
audio,180227074699000,1000000000,180227.11755166668,true
video,180227131149416,1000000000,180227.12755025,true
audio,180227094699041,1000000000,180227.13893245836,true
video,180227147816125,1000000000,180227.1447010417,true
audio,180227114699041,1000000000,180227.160393875,true
audio,180227134699000,1000000000,180227.16045945833,true
video,180227164482666,1000000000,180227.162481625,true
video,180227181149250,1000000000,180227.18030383333,true
audio,180227154699041,1000000000,180227.18152654168,true
video,180227197815875,1000000000,180227.19734516667,true
audio,180227174699041,1000000000,180227.20299525,true
video,180227214482458,1000000000,180227.21451541668,true
audio,180227194699041,1000000000,180227.22433608334,true
video,180227231149083,1000000000,180227.23128937502,true
audio,180227214699041,1000000000,180227.24561733333,true
video,180227256148916,1000000000,180227.25116954168,true
audio,180227234699041,1000000000,180227.26695733334,true
video,180227272815541,1000000000,180227.26926470833,true
video,180227289482166,1000000000,180227.28629595836,true
audio,180227254699041,1000000000,180227.2882312917,true
video,180227306148708,1000000000,180227.3037719167,true
audio,180227274699041,1000000000,180227.30964225,true
video,180227322815333,1000000000,180227.32053804168,true
audio,180227294699041,1000000000,180227.33090045836,true
video,180227339481958,1000000000,180227.3383929167,true
audio,180227314699041,1000000000,180227.35233000002,true
video,180227356148541,1000000000,180227.35532212502,true
video,180227372815166,1000000000,180227.372882125,true
audio,180227334699041,1000000000,180227.37364683335,true
video,180227389481708,1000000000,180227.389738125,true
audio,180227354699000,1000000000,180227.3949405,true
video,180227406148291,1000000000,180227.40631062503,true
audio,180227374699041,1000000000,180227.41629675002,true
video,180227422814875,1000000000,180227.42305770834,true
audio,180227394699041,1000000000,180227.43761854168,true
video,180227447814833,1000000000,180227.44351,true
audio,180227414699000,1000000000,180227.45898425,true
video,180227464481375,1000000000,180227.46133779167,true
video,180227481147958,1000000000,180227.47807104167,true
audio,180227434699041,1000000000,180227.48023254168,true
audio,180227454699041,1000000000,180227.4802751667,true
video,180227497814583,1000000000,180227.494881875,true
audio,180227474699041,1000000000,180227.50158354169,true
video,180227514481208,1000000000,180227.511573375,true
audio,180227494699041,1000000000,180227.5229615417,true
video,180227531147791,1000000000,180227.528456,true
audio,180227514699041,1000000000,180227.5443461667,true
video,180227547814375,1000000000,180227.54616129168,true
video,180227564481000,1000000000,180227.564057125,true
audio,180227534699041,1000000000,180227.56552975002,true
video,180227581147583,1000000000,180227.580943625,true
audio,180227554699041,1000000000,180227.586875625,true
video,180227597814166,1000000000,180227.59820212502,true
audio,180227574699000,1000000000,180227.60824995834,true
video,180227614480791,1000000000,180227.61484233334,true
audio,180227594699041,1000000000,180227.62964275002,true
video,180227631147375,1000000000,180227.63154645835,true
audio,180227614699041,1000000000,180227.65093245835,true
video,180227656147291,1000000000,180227.65212370834,true
video,180227672813875,1000000000,180227.66970441668,true
audio,180227634699000,1000000000,180227.672230375,true
video,180227689480500,1000000000,180227.68704958336,true
audio,180227654699041,1000000000,180227.6935940417,true
video,180227706147083,1000000000,180227.70455416667,true
audio,180227674699041,1000000000,180227.71491837502,true
video,180227722813666,1000000000,180227.72172287502,true
audio,180227694699041,1000000000,180227.73632350002,true
video,180227739480291,1000000000,180227.73831558335,true
video,180227756146916,1000000000,180227.75533925,true
audio,180227714699041,1000000000,180227.7575657917,true
video,180227772813500,1000000000,180227.77289829167,true
audio,180227734699041,1000000000,180227.77893983334,true
video,180227789480083,1000000000,180227.78975354167,true
audio,180227754699041,1000000000,180227.80028854168,true
video,180227814480000,1000000000,180227.80986266668,true
audio,180227774699041,1000000000,180227.82166154167,true
video,180227831146583,1000000000,180227.82657054169,true
audio,180227794699041,1000000000,180227.8429715417,true
audio,180227814699041,1000000000,180227.84302200002,true
video,180227847813166,1000000000,180227.84457075002,true
video,180227864479791,1000000000,180227.86152533334,true
audio,180227834699041,1000000000,180227.86424666666,true
video,180227881146375,1000000000,180227.879288875,true
audio,180227854699000,1000000000,180227.88560704168,true
video,180227897813000,1000000000,180227.89678083334,true
audio,180227874699041,1000000000,180227.906999125,true
video,180227914479583,1000000000,180227.913833125,true
audio,180227894699041,1000000000,180227.9282786667,true
video,180227931146208,1000000000,180227.93122925,true
video,180227947812750,1000000000,180227.94802945835,true
audio,180227914699000,1000000000,180227.94956329168,true
video,180227972812625,1000000000,180227.96823229166,true
audio,180227934699041,1000000000,180227.97095883335,true
video,180227989479250,1000000000,180227.98612570835,true
audio,180227954699041,1000000000,180227.99224191668,true
video,180228006145833,1000000000,180228.00295008335,true
audio,180227974699041,1000000000,180228.01367583335,true
video,180228022812458,1000000000,180228.02069612502,true
audio,180227994699041,1000000000,180228.03497108334,true
video,180228039479041,1000000000,180228.03728395834,true
video,180228056145625,1000000000,180228.0540351667,true
audio,180228014699041,1000000000,180228.05628725002,true
video,180228072812250,1000000000,180228.07146579167,true
audio,180228034699041,1000000000,180228.07756987502,true
video,180228089478833,1000000000,180228.0882045,true
audio,180228054699041,1000000000,180228.09890216668,true
video,180228106145416,1000000000,180228.105562,true
audio,180228074699000,1000000000,180228.12025904167,true
video,180228122812041,1000000000,180228.12252150002,true
video,180228139478625,1000000000,180228.13962425,true
audio,180228094699041,1000000000,180228.14157962502,true
video,180228156145250,1000000000,180228.1562557917,true
audio,180228114699041,1000000000,180228.16294045834,true
audio,180228134699000,1000000000,180228.16299220835,true
video,180228181145166,1000000000,180228.17631354168,true
audio,180228154699041,1000000000,180228.184252125,true
video,180228197811750,1000000000,180228.19364954167,true
audio,180228174699041,1000000000,180228.20556991667,true
video,180228214478375,1000000000,180228.2115051667,true
audio,180228194699041,1000000000,180228.22687641668,true
video,180228231144916,1000000000,180228.22844558334,true
video,180228247811541,1000000000,180228.24514104167,true
audio,180228214699041,1000000000,180228.24823295834,true
video,180228264478166,1000000000,180228.2631037917,true
audio,180228234699041,1000000000,180228.26961670833,true
video,180228281144750,1000000000,180228.28034508333,true
audio,180228254699041,1000000000,180228.29092983334,true
video,180228297811333,1000000000,180228.29765683334,true
audio,180228274699041,1000000000,180228.31223070834,true
video,180228314477958,1000000000,180228.31481595835,true
audio,180228294699041,1000000000,180228.3336837917,true
video,180228339477833,1000000000,180228.33432225,true
video,180228356144416,1000000000,180228.35306395835,true
audio,180228314699041,1000000000,180228.35498691667,true
video,180228372811041,1000000000,180228.37016154168,true
audio,180228334699041,1000000000,180228.37634770834,true
video,180228389477625,1000000000,180228.38743241667,true
audio,180228354699000,1000000000,180228.39757645834,true
video,180228406144250,1000000000,180228.40507170834,true
audio,180228374699041,1000000000,180228.4189644167,true
video,180228422810833,1000000000,180228.42255091667,true
video,180228439477458,1000000000,180228.4397871667,true
audio,180228394699041,1000000000,180228.44025479167,true
video,180228464477333,1000000000,180228.45982866667,true
audio,180228414699000,1000000000,180228.46155116666,true
video,180228481143875,1000000000,180228.47675520834,true
audio,180228434699041,1000000000,180228.48289420834,true
audio,180228454699041,1000000000,180228.48294100002,true
video,180228497810500,1000000000,180228.49460995835,true
audio,180228474699041,1000000000,180228.50434791666,true
video,180228514477083,1000000000,180228.51132741667,true
audio,180228494699041,1000000000,180228.52560091668,true
video,180228531143708,1000000000,180228.5280146667,true
video,180228547810333,1000000000,180228.54541283334,true
audio,180228514699041,1000000000,180228.54688229167,true
video,180228564476916,1000000000,180228.56289608334,true
audio,180228534699041,1000000000,180228.56822558335,true
video,180228581143500,1000000000,180228.58059737502,true
audio,180228554699041,1000000000,180228.58958604166,true
video,180228597810083,1000000000,180228.59808816668,true
audio,180228574699000,1000000000,180228.6109706667,true
video,180228614476708,1000000000,180228.61469708334,true
video,180228631143291,1000000000,180228.63134058335,true
audio,180228594699041,1000000000,180228.6322487917,true
video,180228656143208,1000000000,180228.65113733333,true
audio,180228614699041,1000000000,180228.65357820835,true
video,180228672809791,1000000000,180228.66870937502,true
audio,180228634699000,1000000000,180228.6749301667,true
video,180228689476458,1000000000,180228.68596441668,true
audio,180228654699041,1000000000,180228.69626916668,true
video,180228706143041,1000000000,180228.70267675002,true
audio,180228674699041,1000000000,180228.71756216668,true
video,180228722809583,1000000000,180228.71987183334,true
video,180228739476208,1000000000,180228.7367155,true
audio,180228694699041,1000000000,180228.73894033334,true
video,180228756142833,1000000000,180228.75398645835,true
audio,180228714699041,1000000000,180228.760358875,true
video,180228772809416,1000000000,180228.7710464167,true
audio,180228734699041,1000000000,180228.78156770836,true
video,180228789476000,1000000000,180228.78810333335,true
audio,180228754699041,1000000000,180228.80300175,true
video,180228806142583,1000000000,180228.80508491668,true
video,180228822809208,1000000000,180228.82149720835,true
audio,180228774699041,1000000000,180228.824272875,true
video,180228839475791,1000000000,180228.83935116668,true
audio,180228794699041,1000000000,180228.845631625,true
audio,180228814699041,1000000000,180228.84568091668,true
video,180228856142416,1000000000,180228.85625945835,true
audio,180228834699041,1000000000,180228.86693387502,true
video,180228872809041,1000000000,180228.87323908333,true
audio,180228854699000,1000000000,180228.88829070833,true
video,180228897808916,1000000000,180228.89320362502,true
audio,180228874699041,1000000000,180228.90961391668,true
video,180228914475541,1000000000,180228.91093887502,true
video,180228931142125,1000000000,180228.928561375,true
audio,180228894699041,1000000000,180228.930957875,true
video,180228947808750,1000000000,180228.94603387502,true
audio,180228914699000,1000000000,180228.95229720834,true
video,180228964475333,1000000000,180228.96365966668,true
audio,180228934699041,1000000000,180228.9736205,true
video,180228981141916,1000000000,180228.98127541668,true
audio,180228954699041,1000000000,180228.99494162502,true
video,180228997808583,1000000000,180228.9979295,true
video,180229014475125,1000000000,180229.01466675,true
audio,180228974699041,1000000000,180229.01622275,true
video,180229039474958,1000000000,180229.03435733335,true
audio,180228994699041,1000000000,180229.03762779167,true
video,180229056141583,1000000000,180229.05137125,true
audio,180229014699041,1000000000,180229.0590835,true
video,180229072808208,1000000000,180229.06914266667,true
audio,180229034699041,1000000000,180229.0802552917,true
video,180229089474791,1000000000,180229.08606195834,true
audio,180229054699041,1000000000,180229.10158504167,true
video,180229106141375,1000000000,180229.10393850002,true
video,180229122808000,1000000000,180229.12153179166,true
audio,180229074699000,1000000000,180229.12290608336,true
video,180229139474583,1000000000,180229.13867570835,true
audio,180229094699041,1000000000,180229.14425479167,true
video,180229156141166,1000000000,180229.15554345836,true
audio,180229114699041,1000000000,180229.16566120833,true
audio,180229134699000,1000000000,180229.16571245834,true
video,180229172807791,1000000000,180229.17229079167,true
audio,180229154699041,1000000000,180229.18697925002,true
video,180229189474458,1000000000,180229.18970904168,true
audio,180229174699041,1000000000,180229.20825575,true
video,180229214474291,1000000000,180229.20979875,true
video,180229231140875,1000000000,180229.22763158334,true
audio,180229194699041,1000000000,180229.22957741667,true
video,180229247807500,1000000000,180229.24468404168,true
audio,180229214699041,1000000000,180229.25093758333,true
video,180229264474125,1000000000,180229.26149554166,true
audio,180229234699041,1000000000,180229.27220683335,true
video,180229281140666,1000000000,180229.2782725,true
audio,180229254699041,1000000000,180229.29364275,true
video,180229297807291,1000000000,180229.29574525,true
video,180229314473916,1000000000,180229.31256520835,true
audio,180229274699041,1000000000,180229.31493783335,true
video,180229331140541,1000000000,180229.33005350002,true
audio,180229294699041,1000000000,180229.33625791667,true
video,180229347807083,1000000000,180229.34672066668,true
audio,180229314699041,1000000000,180229.35755804167,true
video,180229364473708,1000000000,180229.36362320834,true
audio,180229334699041,1000000000,180229.37897258333,true
video,180229381140291,1000000000,180229.38072908335,true
video,180229397806875,1000000000,180229.39800995836,true
audio,180229354699000,1000000000,180229.40027195835,true
video,180229414473625,1000000000,180229.41462729167,true
audio,180229374699041,1000000000,180229.42179283334,true
video,180229431140083,1000000000,180229.43142233335,true
audio,180229394699041,1000000000,180229.44296462502,true
video,180229456140000,1000000000,180229.45166404167,true
audio,180229414699000,1000000000,180229.464287125,true
video,180229472806583,1000000000,180229.4691604167,true
audio,180229434699041,1000000000,180229.4855611667,true
audio,180229454699041,1000000000,180229.48559104168,true
video,180229489473291,1000000000,180229.48597508334,true
video,180229506139916,1000000000,180229.502776,true
audio,180229474699041,1000000000,180229.50695162502,true
video,180229522806375,1000000000,180229.5194950417,true
audio,180229494699041,1000000000,180229.52828025,true
video,180229539473000,1000000000,180229.53656925002,true
audio,180229514699041,1000000000,180229.54968133333,true
video,180229556139583,1000000000,180229.55323670834,true
video,180229572806166,1000000000,180229.57096695833,true
audio,180229534699041,1000000000,180229.571024875,true
video,180229589472791,1000000000,180229.58874475,true
audio,180229554699041,1000000000,180229.59225487502,true
audio,180229574699000,1000000000,180229.61361670835,true
video,180229614472583,1000000000,180229.62266712502,true
audio,180229594699041,1000000000,180229.63494395834,true
video,180229631139250,1000000000,180229.639623125,true
audio,180229614699041,1000000000,180229.65638641667,true
video,180229647805875,1000000000,180229.65656983334,true
video,180229681139041,1000000000,180229.675800375,true
audio,180229634699000,1000000000,180229.67759975002,true
video,180229697805791,1000000000,180229.69352066668,true
audio,180229654699041,1000000000,180229.69891220835,true
video,180229714472250,1000000000,180229.71116283335,true
audio,180229674699041,1000000000,180229.72028258335,true
video,180229731138875,1000000000,180229.72835083335,true
audio,180229694699041,1000000000,180229.73096991668,true
video,180229747805500,1000000000,180229.74547983333,true
audio,180229714699041,1000000000,180229.75224804168,true
video,180229764472083,1000000000,180229.762514,true
audio,180229734699041,1000000000,180229.77358720836,true
video,180229781138791,1000000000,180229.78081291667,true
audio,180229754699041,1000000000,180229.79494758334,true
video,180229797805250,1000000000,180229.79763616668,true
video,180229814471916,1000000000,180229.814491125,true
audio,180229774699041,1000000000,180229.81626154168,true
video,180229831138500,1000000000,180229.831411875,true
audio,180229794699041,1000000000,180229.83763470835,true
audio,180229814699041,1000000000,180229.837676125,true
video,180229856138375,1000000000,180229.85130695836,true
audio,180229834699041,1000000000,180229.85896383334,true
video,180229872805000,1000000000,180229.86815891668,true
audio,180229854699000,1000000000,180229.88025475002,true
video,180229889471583,1000000000,180229.88617291668,true
audio,180229874699041,1000000000,180229.901629125,true
video,180229906138166,1000000000,180229.90403204167,true
video,180229922804791,1000000000,180229.92133329168,true
audio,180229894699041,1000000000,180229.92284775001,true
video,180229939471500,1000000000,180229.93873854168,true
audio,180229914699000,1000000000,180229.94428541668,true
video,180229956138000,1000000000,180229.95624754168,true
audio,180229934699041,1000000000,180229.96563975,true
video,180229972804583,1000000000,180229.9729326667,true
audio,180229954699041,1000000000,180229.98692716667,true
video,180229989471291,1000000000,180229.98963625001,true
audio,180229974699041,1000000000,180230.00827433335,true
video,180230014471083,1000000000,180230.00949925,true
video,180230031137666,1000000000,180230.02731275,true
audio,180229994699041,1000000000,180230.02963629167,true
video,180230047804291,1000000000,180230.04441966666,true
audio,180230014699041,1000000000,180230.05097116667,true
video,180230064471000,1000000000,180230.06187475,true
audio,180230034699041,1000000000,180230.072331,true
video,180230081137500,1000000000,180230.07865158335,true
audio,180230054699041,1000000000,180230.0935874167,true
video,180230097804208,1000000000,180230.09560820836,true
video,180230114470666,1000000000,180230.11347191667,true
audio,180230074699000,1000000000,180230.11488675,true
video,180230131137250,1000000000,180230.1309681667,true
audio,180230094699041,1000000000,180230.13627575,true
video,180230147803833,1000000000,180230.1478085,true
audio,180230114699041,1000000000,180230.1576162917,true
audio,180230134699000,1000000000,180230.15765920834,true
video,180230164470541,1000000000,180230.16472829168,true
audio,180230154699041,1000000000,180230.17891166668,true
video,180230189470500,1000000000,180230.1866534167,true
audio,180230174699041,1000000000,180230.2002909167,true
video,180230206136958,1000000000,180230.20393750002,true
video,180230222803541,1000000000,180230.22099033336,true
audio,180230194699041,1000000000,180230.22159775,true
video,180230239470291,1000000000,180230.23877366667,true
audio,180230214699041,1000000000,180230.24304241667,true
video,180230256136833,1000000000,180230.25578962502,true
audio,180230234699041,1000000000,180230.26434091668,true
video,180230272803500,1000000000,180230.27268279166,true
audio,180230254699041,1000000000,180230.28561008335,true
video,180230289470000,1000000000,180230.28958112502,true
audio,180230274699041,1000000000,180230.3069632917,true
video,180230314470000,1000000000,180230.30950475,true
video,180230331136458,1000000000,180230.32619775002,true
audio,180230294699041,1000000000,180230.32824320835,true
video,180230347803166,1000000000,180230.34432858333,true
audio,180230314699041,1000000000,180230.34959891668,true
video,180230364469833,1000000000,180230.36128245835,true
audio,180230334699041,1000000000,180230.37091833336,true
video,180230381136291,1000000000,180230.37832166668,true
audio,180230354699000,1000000000,180230.39228712503,true
video,180230397802875,1000000000,180230.39568095835,true
video,180230414469583,1000000000,180230.41270558335,true
audio,180230374699041,1000000000,180230.41355170833,true
video,180230431136083,1000000000,180230.42930479167,true
audio,180230394699041,1000000000,180230.4349366667,true
video,180230447802708,1000000000,180230.44657358335,true
audio,180230414699000,1000000000,180230.45626025,true
video,180230456136000,1000000000,180230.463257625,true
audio,180230434699041,1000000000,180230.4776036667,true
audio,180230454699041,1000000000,180230.477642125,true
video,180230481135833,1000000000,180230.48016716668,true
video,180230497802500,1000000000,180230.49727258334,true
audio,180230474699041,1000000000,180230.49892170835,true
video,180230514469083,1000000000,180230.5146939167,true
audio,180230494699041,1000000000,180230.52026854167,true
video,180230531135666,1000000000,180230.53136620834,true
audio,180230514699041,1000000000,180230.541758,true
video,180230547802291,1000000000,180230.54908345835,true
audio,180230534699041,1000000000,180230.56291620835,true
video,180230564468916,1000000000,180230.56568366667,true
video,180230581135500,1000000000,180230.58311579167,true
audio,180230554699041,1000000000,180230.58430133335,true
video,180230606135333,1000000000,180230.60050520833,true
audio,180230574699000,1000000000,180230.6055985,true
video,180230622802000,1000000000,180230.61811283336,true
audio,180230594699041,1000000000,180230.62693795835,true
video,180230639468583,1000000000,180230.63564916668,true
audio,180230614699041,1000000000,180230.64827245835,true
video,180230656135125,1000000000,180230.6529415,true
audio,180230634699000,1000000000,180230.66959900002,true
video,180230672801750,1000000000,180230.67065291668,true
video,180230689468375,1000000000,180230.68764762502,true
audio,180230654699041,1000000000,180230.69090925,true
video,180230706134958,1000000000,180230.70493120834,true
audio,180230674699041,1000000000,180230.71228745836,true
video,180230722801541,1000000000,180230.72249675,true
audio,180230694699041,1000000000,180230.73360170834,true
video,180230739468250,1000000000,180230.7395786667,true
audio,180230714699041,1000000000,180230.75492370836,true
video,180230756134750,1000000000,180230.75635095834,true
video,180230781134666,1000000000,180230.77632508334,true
audio,180230734699041,1000000000,180230.77636208336,true
video,180230797801291,1000000000,180230.79426529168,true
audio,180230754699041,1000000000,180230.797589375,true
video,180230814467875,1000000000,180230.81119970835,true
audio,180230774699041,1000000000,180230.81894508333,true
video,180230831134583,1000000000,180230.827896,true
audio,180230794699041,1000000000,180230.84031329167,true
audio,180230814699041,1000000000,180230.84036220834,true
video,180230847801041,1000000000,180230.84587520835,true
audio,180230834699041,1000000000,180230.86159854167,true
video,180230864467791,1000000000,180230.86308533335,true
video,180230881134291,1000000000,180230.88008779168,true
audio,180230854699000,1000000000,180230.88289970835,true
video,180230897801000,1000000000,180230.89787308333,true
audio,180230874699041,1000000000,180230.90426420834,true
video,180230914467625,1000000000,180230.91486620833,true
audio,180230894699041,1000000000,180230.92558,true
video,180230931134083,1000000000,180230.93172645834,true
audio,180230914699000,1000000000,180230.94695979168,true
video,180230956134000,1000000000,180230.95190520835,true
audio,180230934699041,1000000000,180230.96834970833,true
video,180230972800583,1000000000,180230.96957645833,true
video,180230989467291,1000000000,180230.987521,true
audio,180230954699041,1000000000,180230.98960983334,true
video,180231006133916,1000000000,180231.00455183335,true
audio,180230974699041,1000000000,180231.01091308333,true
video,180231022800375,1000000000,180231.02185433335,true
audio,180230994699041,1000000000,180231.03228591668,true
video,180231039467083,1000000000,180231.038725875,true
audio,180231014699041,1000000000,180231.0536230417,true
video,180231056133583,1000000000,180231.0559814167,true
video,180231072800291,1000000000,180231.07309741667,true
audio,180231034699041,1000000000,180231.07497112502,true
video,180231089466791,1000000000,180231.08967925,true
audio,180231054699041,1000000000,180231.0962585417,true
video,180231106133375,1000000000,180231.106525125,true
audio,180231074699000,1000000000,180231.11763287502,true
video,180231131133291,1000000000,180231.12641370835,true
audio,180231094699041,1000000000,180231.13889075,true
video,180231147799875,1000000000,180231.14421383335,true
audio,180231114699041,1000000000,180231.16037712502,true
audio,180231134699000,1000000000,180231.16043054167,true
video,180231164466583,1000000000,180231.16119275,true
video,180231181133208,1000000000,180231.178137125,true
audio,180231154699041,1000000000,180231.18160270836,true
video,180231197799791,1000000000,180231.19581420833,true
audio,180231174699041,1000000000,180231.20295891666,true
video,180231214466250,1000000000,180231.21250908336,true
audio,180231194699041,1000000000,180231.22429100002,true
video,180231231132958,1000000000,180231.22953070834,true
audio,180231214699041,1000000000,180231.24564212502,true
video,180231247799458,1000000000,180231.24650087502,true
video,180231264466083,1000000000,180231.2634247917,true
audio,180231234699041,1000000000,180231.26699237502,true
video,180231281132666,1000000000,180231.28020845834,true
audio,180231254699041,1000000000,180231.2883337917,true
video,180231297799291,1000000000,180231.2977669167,true
audio,180231274699041,1000000000,180231.30970895835,true
video,180231314465875,1000000000,180231.31461375,true
audio,180231294699041,1000000000,180231.33095075,true
video,180231331132458,1000000000,180231.33126550002,true
video,180231356132375,1000000000,180231.35118483336,true
audio,180231314699041,1000000000,180231.352263625,true
video,180231372799000,1000000000,180231.36811875002,true
audio,180231334699041,1000000000,180231.37357675002,true
video,180231389465708,1000000000,180231.38505516667,true
audio,180231354699000,1000000000,180231.39498845834,true
video,180231406132166,1000000000,180231.40280708333,true
audio,180231374699041,1000000000,180231.41630275,true
video,180231422798791,1000000000,180231.41984800002,true
video,180231439465375,1000000000,180231.43743083335,true
audio,180231394699041,1000000000,180231.43756820835,true
video,180231456132000,1000000000,180231.454487,true
audio,180231414699000,1000000000,180231.45898320834,true
video,180231472798583,1000000000,180231.47114533334,true
audio,180231434699041,1000000000,180231.48026175002,true
audio,180231454699041,1000000000,180231.48031512502,true
video,180231489465291,1000000000,180231.48814066668,true
audio,180231474699041,1000000000,180231.50162045835,true
video,180231506131916,1000000000,180231.50569116668,true
audio,180231494699041,1000000000,180231.52295512502,true
video,180231522798375,1000000000,180231.5230720417,true
video,180231539465083,1000000000,180231.5398594167,true
audio,180231514699041,1000000000,180231.54422579167,true
video,180231564464833,1000000000,180231.5589205417,true
audio,180231534699041,1000000000,180231.565578625,true
video,180231581131500,1000000000,180231.57664854167,true
audio,180231554699041,1000000000,180231.586913875,true
video,180231597798083,1000000000,180231.59348104167,true
audio,180231574699000,1000000000,180231.60827275002,true
video,180231622797958,1000000000,180231.62778475002,true
audio,180231594699041,1000000000,180231.6295725417,true
video,180231639464541,1000000000,180231.64558854167,true
audio,180231614699041,1000000000,180231.65091045835,true
video,180231656131333,1000000000,180231.662296625,true
audio,180231634699000,1000000000,180231.67234450002,true
video,180231681131125,1000000000,180231.67945404167,true
audio,180231654699041,1000000000,180231.69363291666,true
video,180231697797708,1000000000,180231.69684991668,true
video,180231714464333,1000000000,180231.71369075,true
audio,180231674699041,1000000000,180231.71488154167,true
video,180231731130833,1000000000,180231.73067362502,true
audio,180231694699041,1000000000,180231.736331625,true
video,180231747797500,1000000000,180231.7481896667,true
audio,180231714699041,1000000000,180231.75757854167,true
video,180231772797375,1000000000,180231.77126550002,true
audio,180231734699041,1000000000,180231.77891183333,true
video,180231789464000,1000000000,180231.78845750002,true
audio,180231754699041,1000000000,180231.800265875,true
video,180231806130583,1000000000,180231.80500833335,true
audio,180231774699041,1000000000,180231.8216064167,true
video,180231822797166,1000000000,180231.82264345835,true
video,180231839463791,1000000000,180231.839637625,true
audio,180231794699041,1000000000,180231.842937375,true
audio,180231814699041,1000000000,180231.842970875,true
video,180231856130375,1000000000,180231.85642004167,true
audio,180231834699041,1000000000,180231.86430016666,true
video,180231881130291,1000000000,180231.87609775,true
audio,180231854699000,1000000000,180231.88561583334,true
video,180231897796875,1000000000,180231.89340379168,true
audio,180231874699041,1000000000,180231.90704745834,true
video,180231914463583,1000000000,180231.91011783335,true
video,180231931130208,1000000000,180231.92808733333,true
audio,180231894699041,1000000000,180231.92825495836,true
video,180231947796666,1000000000,180231.94472687502,true
audio,180231914699000,1000000000,180231.94964641667,true
video,180231964463291,1000000000,180231.96245516668,true
audio,180231934699041,1000000000,180231.97092879168,true
video,180231981129875,1000000000,180231.97958591668,true
audio,180231954699041,1000000000,180231.99228516666,true
video,180231997796500,1000000000,180231.99673325,true
audio,180231974699041,1000000000,180232.01363075,true
video,180232014463083,1000000000,180232.01394941667,true
video,180232031129666,1000000000,180232.03136070835,true
audio,180231994699041,1000000000,180232.03494775,true
video,180232056129625,1000000000,180232.05220587502,true
audio,180232014699041,1000000000,180232.05631916667,true
video,180232072796291,1000000000,180232.06912612502,true
audio,180232034699041,1000000000,180232.07768125,true
video,180232089462791,1000000000,180232.08604495836,true
audio,180232054699041,1000000000,180232.09901950002,true
video,180232106129375,1000000000,180232.10389333335,true
audio,180232074699000,1000000000,180232.12026558333,true
video,180232122796125,1000000000,180232.12078366667,true
video,180232139462625,1000000000,180232.137821125,true
audio,180232094699041,1000000000,180232.14159825002,true
video,180232156129208,1000000000,180232.15510175002,true
audio,180232114699041,1000000000,180232.16296070835,true
audio,180232134699000,1000000000,180232.16300775,true
video,180232172795833,1000000000,180232.17255225,true
audio,180232154699041,1000000000,180232.18428129167,true
video,180232189462416,1000000000,180232.18967195833,true
audio,180232174699041,1000000000,180232.205605375,true
video,180232214462333,1000000000,180232.20967908335,true
video,180232231128916,1000000000,180232.22647645834,true
audio,180232194699041,1000000000,180232.22688083333,true
video,180232247795541,1000000000,180232.24403945834,true
audio,180232214699041,1000000000,180232.24821408335,true
video,180232264462125,1000000000,180232.2612429167,true
audio,180232234699041,1000000000,180232.26962975002,true
video,180232281128666,1000000000,180232.27821408334,true
audio,180232254699041,1000000000,180232.29095754167,true
video,180232297795291,1000000000,180232.29492812502,true
audio,180232274699041,1000000000,180232.31235729167,true
video,180232314461875,1000000000,180232.31247475,true
video,180232331128583,1000000000,180232.33006641667,true
audio,180232294699041,1000000000,180232.33371912502,true
video,180232347795083,1000000000,180232.34683666666,true
audio,180232314699041,1000000000,180232.355002375,true
video,180232364461791,1000000000,180232.36352683333,true
audio,180232334699041,1000000000,180232.37628225,true
video,180232381128291,1000000000,180232.38094216667,true
audio,180232354699000,1000000000,180232.39764500002,true
video,180232397794875,1000000000,180232.3980190417,true
video,180232414461625,1000000000,180232.41474229167,true
audio,180232374699041,1000000000,180232.41897525,true
video,180232431128250,1000000000,180232.43129145834,true
audio,180232394699041,1000000000,180232.44028725,true
video,180232447794708,1000000000,180232.44821108333,true
audio,180232414699000,1000000000,180232.46159020835,true
video,180232472794583,1000000000,180232.46899595833,true
audio,180232434699041,1000000000,180232.48295041668,true
audio,180232454699041,1000000000,180232.48298825,true
video,180232489461208,1000000000,180232.48591029167,true
video,180232506127833,1000000000,180232.50317454166,true
audio,180232474699041,1000000000,180232.50425987502,true
video,180232522794416,1000000000,180232.52089666668,true
audio,180232494699041,1000000000,180232.52557145833,true
audio,180232514699041,1000000000,180232.54700800002,true
video,180232547794458,1000000000,180232.55566516667,true
audio,180232534699041,1000000000,180232.56827829167,true
video,180232564460916,1000000000,180232.57239504167,true
audio,180232554699041,1000000000,180232.58963575002,true
video,180232581127541,1000000000,180232.58976629167,true
video,180232606127375,1000000000,180232.60679779167,true
audio,180232574699000,1000000000,180232.61092354168,true
video,180232622794083,1000000000,180232.62452441666,true
audio,180232594699041,1000000000,180232.63231966668,true
video,180232639460625,1000000000,180232.64266316668,true
audio,180232614699041,1000000000,180232.65359008336,true
video,180232656127208,1000000000,180232.65997654168,true
audio,180232634699000,1000000000,180232.6749945,true
video,180232681127083,1000000000,180232.67662629168,true
video,180232697793708,1000000000,180232.69453529167,true
audio,180232654699041,1000000000,180232.696277,true
video,180232714460333,1000000000,180232.7114776667,true
audio,180232674699041,1000000000,180232.71756941668,true
video,180232731126916,1000000000,180232.72943945834,true
audio,180232694699041,1000000000,180232.738924125,true
video,180232747793541,1000000000,180232.74679883334,true
audio,180232714699041,1000000000,180232.76026479166,true
video,180232764460125,1000000000,180232.7642966667,true
video,180232781126708,1000000000,180232.78081258334,true
audio,180232734699041,1000000000,180232.78154570833,true
video,180232797793333,1000000000,180232.79827170834,true
audio,180232754699041,1000000000,180232.80310570836,true
video,180232814459916,1000000000,180232.8146135,true
audio,180232774699041,1000000000,180232.82431750002,true
video,180232831126625,1000000000,180232.83131295835,true
audio,180232794699041,1000000000,180232.845638625,true
audio,180232814699041,1000000000,180232.84567325,true
video,180232856126375,1000000000,180232.851055,true
audio,180232834699041,1000000000,180232.86699,true
video,180232872793000,1000000000,180232.8680265417,true
video,180232889459625,1000000000,180232.88501145833,true
audio,180232854699000,1000000000,180232.88825850002,true
video,180232906126208,1000000000,180232.90277275,true
audio,180232874699041,1000000000,180232.90963254168,true
video,180232922792833,1000000000,180232.919249,true
audio,180232894699041,1000000000,180232.9309502917,true
video,180232939459416,1000000000,180232.93681575,true
audio,180232914699000,1000000000,180232.95227954167,true
video,180232956126125,1000000000,180232.95372020834,true
video,180232972792625,1000000000,180232.97168070835,true
audio,180232934699041,1000000000,180232.97357495833,true
video,180232989459333,1000000000,180232.98943441667,true
audio,180232954699041,1000000000,180232.99495166668,true
video,180233006125833,1000000000,180233.00651766668,true
audio,180232974699041,1000000000,180233.01625775002,true
video,180233022792416,1000000000,180233.02321183335,true
audio,180232994699041,1000000000,180233.0376305,true
video,180233047792333,1000000000,180233.043308625,true
audio,180233014699041,1000000000,180233.05895758336,true
video,180233064458916,1000000000,180233.06137462502,true
video,180233081125625,1000000000,180233.07802175,true
audio,180233034699041,1000000000,180233.08025783335,true
video,180233097792250,1000000000,180233.095283,true
audio,180233054699041,1000000000,180233.10162675002,true
video,180233114458875,1000000000,180233.11215716667,true
audio,180233074699000,1000000000,180233.12291508334,true
video,180233131125458,1000000000,180233.129865375,true
audio,180233094699041,1000000000,180233.14431633335,true
video,180233147791916,1000000000,180233.1465434167,true
video,180233164458666,1000000000,180233.16349254167,true
audio,180233114699041,1000000000,180233.16562470834,true
audio,180233134699000,1000000000,180233.16568370836,true
video,180233181125166,1000000000,180233.1804879167,true
audio,180233154699041,1000000000,180233.18700754168,true
video,180233197791750,1000000000,180233.19785695834,true
audio,180233174699041,1000000000,180233.20827604167,true
video,180233214458375,1000000000,180233.21464170836,true
audio,180233194699041,1000000000,180233.22965295834,true
video,180233231125083,1000000000,180233.23134908333,true
video,180233247791583,1000000000,180233.24810983334,true
audio,180233214699041,1000000000,180233.2509915417,true
video,180233272791458,1000000000,180233.2681644167,true
audio,180233234699041,1000000000,180233.27228458333,true
video,180233289458166,1000000000,180233.2852075,true
audio,180233254699041,1000000000,180233.29362641668,true
video,180233306124666,1000000000,180233.30237395834,true
audio,180233274699041,1000000000,180233.31496170835,true
video,180233322791250,1000000000,180233.31910575,true
video,180233339457875,1000000000,180233.336119,true
audio,180233294699041,1000000000,180233.33618229168,true
video,180233356124458,1000000000,180233.35394833333,true
audio,180233314699041,1000000000,180233.35755395834,true
video,180233372791041,1000000000,180233.37168225,true
audio,180233334699041,1000000000,180233.37892437502,true
video,180233389457625,1000000000,180233.3884437917,true
audio,180233354699000,1000000000,180233.40027854167,true
video,180233406124208,1000000000,180233.40532916668,true
audio,180233374699041,1000000000,180233.42163170833,true
video,180233422790833,1000000000,180233.422468625,true
video,180233439457541,1000000000,180233.43963908334,true
audio,180233394699041,1000000000,180233.44293050002,true
video,180233464457458,1000000000,180233.45965916666,true
audio,180233414699000,1000000000,180233.464320625,true
video,180233481123916,1000000000,180233.47666120835,true
audio,180233434699041,1000000000,180233.485591125,true
audio,180233454699041,1000000000,180233.48562529168,true
video,180233497790541,1000000000,180233.49347395834,true
audio,180233474699041,1000000000,180233.50697412502,true
video,180233514457125,1000000000,180233.51116516668,true
audio,180233494699041,1000000000,180233.52828041668,true
video,180233522790416,1000000000,180233.52918075002,true
video,180233539457166,1000000000,180233.546937,true
audio,180233514699041,1000000000,180233.54958333334,true
video,180233564456916,1000000000,180233.56390383333,true
audio,180233534699041,1000000000,180233.57090258333,true
video,180233581123583,1000000000,180233.58071425,true
audio,180233554699041,1000000000,180233.59226237502,true
audio,180233574699000,1000000000,180233.61358720835,true
video,180233606123458,1000000000,180233.61465483333,true
video,180233622790083,1000000000,180233.631411375,true
audio,180233594699041,1000000000,180233.63490583334,true
video,180233647789916,1000000000,180233.64893479168,true
audio,180233614699041,1000000000,180233.65627929167,true
video,180233664456625,1000000000,180233.66576433333,true
audio,180233634699000,1000000000,180233.67766583335,true
video,180233689456416,1000000000,180233.68391016667,true
audio,180233654699041,1000000000,180233.698978,true
video,180233706123083,1000000000,180233.7018731667,true
video,180233722789666,1000000000,180233.71963458334,true
audio,180233674699041,1000000000,180233.72025900002,true
audio,180233694699041,1000000000,180233.7309212917,true
video,180233739456416,1000000000,180233.73704095834,true
audio,180233714699041,1000000000,180233.75230479168,true
video,180233756122875,1000000000,180233.75532633334,true
video,180233772789458,1000000000,180233.77289366667,true
audio,180233734699041,1000000000,180233.77352770834,true
video,180233789456166,1000000000,180233.78963570835,true
audio,180233754699041,1000000000,180233.79485520834,true
video,180233814456083,1000000000,180233.809886125,true
audio,180233774699041,1000000000,180233.8162704167,true
video,180233831122708,1000000000,180233.82687750002,true
audio,180233794699041,1000000000,180233.8375516667,true
audio,180233814699041,1000000000,180233.83758133336,true
video,180233847789208,1000000000,180233.84430420835,true
audio,180233834699041,1000000000,180233.85894212502,true
video,180233864455791,1000000000,180233.86163595834,true
video,180233881122500,1000000000,180233.8788126667,true
audio,180233854699000,1000000000,180233.88027795835,true
video,180233897788958,1000000000,180233.89644445834,true
audio,180233874699041,1000000000,180233.90158370836,true
video,180233914455583,1000000000,180233.913219125,true
audio,180233894699041,1000000000,180233.92291308334,true
video,180233931122166,1000000000,180233.93031445835,true
audio,180233914699000,1000000000,180233.94429816667,true
video,180233947788750,1000000000,180233.94740741668,true
video,180233964455375,1000000000,180233.964470125,true
audio,180233934699041,1000000000,180233.965574875,true
video,180233981121958,1000000000,180233.98141820834,true
audio,180233954699041,1000000000,180233.98691945834,true
video,180234006121875,1000000000,180234.00117637502,true
audio,180233974699041,1000000000,180234.00837016667,true
video,180234022788458,1000000000,180234.019145375,true
audio,180233994699041,1000000000,180234.0296755,true
video,180234039455166,1000000000,180234.035891875,true
audio,180234014699041,1000000000,180234.05105125002,true
video,180234056121666,1000000000,180234.05259004168,true
video,180234072788375,1000000000,180234.0699124167,true
audio,180234034699041,1000000000,180234.07227345835,true
video,180234089454875,1000000000,180234.08761054167,true
audio,180234054699041,1000000000,180234.09359583334,true
video,180234106121500,1000000000,180234.10433966666,true
audio,180234074699000,1000000000,180234.11497395835,true
video,180234122788083,1000000000,180234.121554125,true
audio,180234094699041,1000000000,180234.136311125,true
video,180234139454666,1000000000,180234.13823554167,true
video,180234156121375,1000000000,180234.15530162503,true
audio,180234114699041,1000000000,180234.157534625,true
audio,180234134699000,1000000000,180234.1575625417,true
video,180234172787916,1000000000,180234.17239354167,true
audio,180234154699041,1000000000,180234.17900833333,true
video,180234189454500,1000000000,180234.18973783334,true
audio,180234174699041,1000000000,180234.2002142917,true
video,180234214454416,1000000000,180234.20990770834,true
audio,180234194699041,1000000000,180234.22158708333,true
video,180234231121000,1000000000,180234.22714525,true
audio,180234214699041,1000000000,180234.24299433336,true
video,180234247787750,1000000000,180234.2450171667,true
video,180234264454208,1000000000,180234.26234645833,true
audio,180234234699041,1000000000,180234.26416591668,true
video,180234281120791,1000000000,180234.27924941666,true
audio,180234254699041,1000000000,180234.285611875,true
video,180234297787416,1000000000,180234.29685104167,true
audio,180234274699041,1000000000,180234.3069825,true
video,180234314454000,1000000000,180234.31440720835,true
audio,180234294699041,1000000000,180234.3282785,true
video,180234331120708,1000000000,180234.33126720836,true
audio,180234314699041,1000000000,180234.34959025,true
video,180234356120500,1000000000,180234.35087120836,true
video,180234372787208,1000000000,180234.36958295834,true
audio,180234334699041,1000000000,180234.370854125,true
video,180234389453708,1000000000,180234.38652004168,true
audio,180234354699000,1000000000,180234.39225729168,true
video,180234406120291,1000000000,180234.40315170833,true
audio,180234374699041,1000000000,180234.41361879167,true
video,180234422786916,1000000000,180234.41990025,true
audio,180234394699041,1000000000,180234.43502133334,true
video,180234439453500,1000000000,180234.43690583334,true
video,180234456120125,1000000000,180234.45492616668,true
audio,180234414699000,1000000000,180234.45624995834,true
video,180234472786708,1000000000,180234.47179208335,true
audio,180234434699041,1000000000,180234.47754725002,true
audio,180234454699041,1000000000,180234.477599375,true
video,180234489453291,1000000000,180234.48915254168,true
audio,180234474699041,1000000000,180234.49895495834,true
video,180234506120041,1000000000,180234.506336875,true
audio,180234494699041,1000000000,180234.52027570835,true
video,180234522786500,1000000000,180234.52305541668,true
audio,180234514699041,1000000000,180234.54155504168,true
video,180234547786541,1000000000,180234.55725966668,true
audio,180234534699041,1000000000,180234.56294729168,true
video,180234572786250,1000000000,180234.57491687502,true
audio,180234554699041,1000000000,180234.58429533333,true
video,180234589452916,1000000000,180234.59176025,true
audio,180234574699000,1000000000,180234.605656125,true
video,180234614452750,1000000000,180234.60899529167,true
video,180234631119416,1000000000,180234.6267749167,true
audio,180234594699041,1000000000,180234.62691991669,true
audio,180234614699041,1000000000,180234.648332375,true
video,180234656119250,1000000000,180234.66169575002,true
audio,180234634699000,1000000000,180234.6696370417,true
video,180234681119166,1000000000,180234.6789136667,true
audio,180234654699041,1000000000,180234.69091529166,true
video,180234697785791,1000000000,180234.69595183333,true
audio,180234674699041,1000000000,180234.71234608334,true
video,180234714452416,1000000000,180234.71330675003,true
video,180234731119041,1000000000,180234.73080808335,true
audio,180234694699041,1000000000,180234.73366383335,true
video,180234747785750,1000000000,180234.74775033334,true
audio,180234714699041,1000000000,180234.7549892917,true
video,180234764452208,1000000000,180234.76471445835,true
audio,180234734699041,1000000000,180234.77625345835,true
video,180234781118916,1000000000,180234.78144387502,true
audio,180234754699041,1000000000,180234.79758841667,true
video,180234797785458,1000000000,180234.798214625,true
audio,180234774699041,1000000000,180234.81897941668,true
video,180234822785333,1000000000,180234.81961404168,true
video,180234839451958,1000000000,180234.83698570833,true
audio,180234794699041,1000000000,180234.84028550002,true
audio,180234814699041,1000000000,180234.84033233335,true
video,180234856118541,1000000000,180234.85369479167,true
audio,180234834699041,1000000000,180234.86164566668,true
video,180234872785125,1000000000,180234.870857375,true
audio,180234854699000,1000000000,180234.88296395834,true
video,180234889451708,1000000000,180234.88804108335,true
audio,180234874699041,1000000000,180234.904308,true
video,180234906118333,1000000000,180234.9052235417,true
video,180234922784958,1000000000,180234.92262641666,true
audio,180234894699041,1000000000,180234.92561229167,true
video,180234939451541,1000000000,180234.93969266667,true
audio,180234914699000,1000000000,180234.94698879166,true
video,180234964451458,1000000000,180234.95974479167,true
audio,180234934699041,1000000000,180234.96831654166,true
video,180234981118000,1000000000,180234.97770025002,true
audio,180234954699041,1000000000,180234.98960175,true
video,180234997784708,1000000000,180234.9949490417,true
audio,180234974699041,1000000000,180235.01095495836,true
video,180235014451250,1000000000,180235.01160404168,true
video,180235031117791,1000000000,180235.02938712502,true
audio,180234994699041,1000000000,180235.0322375,true
video,180235047784416,1000000000,180235.04628870834,true
audio,180235014699041,1000000000,180235.05358716668,true
video,180235064451125,1000000000,180235.06324004167,true
audio,180235034699041,1000000000,180235.07493508334,true
video,180235081117750,1000000000,180235.0800992917,true
audio,180235054699041,1000000000,180235.0962627917,true
video,180235097784250,1000000000,180235.09696854168,true
video,180235114450958,1000000000,180235.11459070834,true
audio,180235074699000,1000000000,180235.11759183335,true
video,180235131117541,1000000000,180235.13158095835,true
audio,180235094699041,1000000000,180235.13895220833,true
video,180235156117333,1000000000,180235.15267858334,true
audio,180235114699041,1000000000,180235.16028887502,true
audio,180235134699000,1000000000,180235.1603376667,true
video,180235172783958,1000000000,180235.17005020834,true
audio,180235154699041,1000000000,180235.18166716667,true
video,180235189450541,1000000000,180235.18695041668,true
audio,180235174699041,1000000000,180235.20309354167,true
video,180235206117166,1000000000,180235.2044569167,true
video,180235214450458,1000000000,180235.22271783336,true
audio,180235194699041,1000000000,180235.22421825002,true
video,180235239450291,1000000000,180235.23916491668,true
audio,180235214699041,1000000000,180235.24569579167,true
video,180235256117041,1000000000,180235.25634429167,true
audio,180235234699041,1000000000,180235.26694187502,true
video,180235272783541,1000000000,180235.27295654168,true
audio,180235254699041,1000000000,180235.28826312502,true
video,180235289450250,1000000000,180235.2897021667,true
audio,180235274699041,1000000000,180235.3097077917,true
video,180235314450041,1000000000,180235.30989816668,true
video,180235331116666,1000000000,180235.32762145833,true
audio,180235294699041,1000000000,180235.330935625,true
video,180235347783291,1000000000,180235.345467875,true
audio,180235314699041,1000000000,180235.352350375,true
video,180235364449875,1000000000,180235.36268762502,true
audio,180235334699041,1000000000,180235.37360208333,true
video,180235381116583,1000000000,180235.380527375,true
audio,180235354699000,1000000000,180235.394952,true
video,180235397783041,1000000000,180235.39793341668,true
video,180235414449791,1000000000,180235.41456383336,true
audio,180235374699041,1000000000,180235.41626287502,true
video,180235439449583,1000000000,180235.4349215417,true
audio,180235394699041,1000000000,180235.43758033335,true
video,180235456116291,1000000000,180235.45197116668,true
audio,180235414699000,1000000000,180235.45899141667,true
video,180235472782791,1000000000,180235.46944191668,true
audio,180235434699041,1000000000,180235.4802865,true
audio,180235454699041,1000000000,180235.480342625,true
video,180235489449375,1000000000,180235.48725733336,true
audio,180235474699041,1000000000,180235.50168883335,true
video,180235506116125,1000000000,180235.5044812917,true
video,180235522782541,1000000000,180235.5216675,true
audio,180235494699041,1000000000,180235.52293258335,true
video,180235539449250,1000000000,180235.53903245836,true
audio,180235514699041,1000000000,180235.54428933334,true
video,180235556115750,1000000000,180235.55646908336,true
audio,180235534699041,1000000000,180235.56561308334,true
video,180235581115750,1000000000,180235.57586437502,true
audio,180235554699041,1000000000,180235.58696591668,true
video,180235597782250,1000000000,180235.59329008334,true
audio,180235574699000,1000000000,180235.60824629167,true
video,180235631115500,1000000000,180235.6272165,true
audio,180235594699041,1000000000,180235.62958245835,true
video,180235647782041,1000000000,180235.64463700002,true
audio,180235614699041,1000000000,180235.6509351667,true
video,180235664448791,1000000000,180235.66176429167,true
audio,180235634699000,1000000000,180235.67231466668,true
audio,180235654699041,1000000000,180235.69358045835,true
video,180235697781875,1000000000,180235.69533083335,true
video,180235714448625,1000000000,180235.71358683336,true
audio,180235674699041,1000000000,180235.71492329167,true
video,180235731115083,1000000000,180235.73115658335,true
audio,180235694699041,1000000000,180235.73629441668,true
video,180235747781791,1000000000,180235.74790204168,true
audio,180235714699041,1000000000,180235.75769058336,true
video,180235764448291,1000000000,180235.7646137917,true
audio,180235734699041,1000000000,180235.778968375,true
video,180235781114875,1000000000,180235.78147708334,true
audio,180235754699041,1000000000,180235.80038291667,true
video,180235806114791,1000000000,180235.80216633333,true
video,180235822781375,1000000000,180235.81939545835,true
audio,180235774699041,1000000000,180235.82157425,true
video,180235839448000,1000000000,180235.8363444167,true
audio,180235794699041,1000000000,180235.842966875,true
audio,180235814699041,1000000000,180235.843017875,true
video,180235856114583,1000000000,180235.85316716667,true
audio,180235834699041,1000000000,180235.86430466667,true
video,180235872781208,1000000000,180235.87037879167,true
audio,180235854699000,1000000000,180235.8855890417,true
video,180235889447833,1000000000,180235.88763141667,true
video,180235906114375,1000000000,180235.90500783335,true
audio,180235874699041,1000000000,180235.90696220833,true
video,180235922781000,1000000000,180235.92283983334,true
audio,180235894699041,1000000000,180235.92831258333,true
video,180235939447625,1000000000,180235.93959400002,true
audio,180235914699000,1000000000,180235.94956820834,true
video,180235956114333,1000000000,180235.95653883336,true
audio,180235934699041,1000000000,180235.97092758334,true
video,180235981114250,1000000000,180235.97667791668,true
audio,180235954699041,1000000000,180235.99226637502,true
video,180235997780833,1000000000,180235.9947764167,true
video,180236014447333,1000000000,180236.01261187502,true
audio,180235974699041,1000000000,180236.013553625,true
video,180236031113916,1000000000,180236.02980145835,true
audio,180235994699041,1000000000,180236.035016,true
video,180236047780541,1000000000,180236.04634791668,true
audio,180236014699041,1000000000,180236.0563442917,true
video,180236064447083,1000000000,180236.0642935,true
audio,180236034699041,1000000000,180236.077656,true
video,180236081113708,1000000000,180236.081527625,true
video,180236097780291,1000000000,180236.09802562502,true
audio,180236054699041,1000000000,180236.098945,true
video,180236122780291,1000000000,180236.11803758334,true
audio,180236074699000,1000000000,180236.12024979168,true
video,180236139446833,1000000000,180236.13505270836,true
audio,180236094699041,1000000000,180236.1415785417,true
video,180236156113375,1000000000,180236.152630375,true
audio,180236114699041,1000000000,180236.16291591668,true
audio,180236134699000,1000000000,180236.162959125,true
video,180236172780000,1000000000,180236.16913195833,true
audio,180236154699041,1000000000,180236.18428416667,true
video,180236189446625,1000000000,180236.18624425,true
video,180236206113333,1000000000,180236.20382154168,true
audio,180236174699041,1000000000,180236.20562287502,true
video,180236222779833,1000000000,180236.22032750002,true
audio,180236194699041,1000000000,180236.2269645,true
video,180236239446416,1000000000,180236.237666125,true
audio,180236214699041,1000000000,180236.24828320835,true
video,180236256113125,1000000000,180236.25458395833,true
audio,180236234699041,1000000000,180236.26959670836,true
video,180236272779625,1000000000,180236.27244675002,true
video,180236289446333,1000000000,180236.28942666668,true
audio,180236254699041,1000000000,180236.29092654167,true
video,180236306112833,1000000000,180236.306412875,true
audio,180236274699041,1000000000,180236.31224716667,true
video,180236322779541,1000000000,180236.32294983335,true
audio,180236294699041,1000000000,180236.33359670834,true
video,180236339446041,1000000000,180236.33962170835,true
audio,180236314699041,1000000000,180236.35499483335,true
video,180236347779333,1000000000,180236.3566287917,true
video,180236381112541,1000000000,180236.37634195836,true
audio,180236334699041,1000000000,180236.376441875,true
video,180236397779166,1000000000,180236.392813125,true
audio,180236354699000,1000000000,180236.39759645835,true
video,180236414445833,1000000000,180236.40993770835,true
audio,180236374699041,1000000000,180236.41894454169,true
video,180236431112333,1000000000,180236.42783183334,true
audio,180236394699041,1000000000,180236.44026075,true
video,180236447778916,1000000000,180236.44496283334,true
audio,180236414699000,1000000000,180236.46158187502,true
video,180236464445583,1000000000,180236.46201495835,true
video,180236481112166,1000000000,180236.47950479167,true
audio,180236434699041,1000000000,180236.48294108335,true
audio,180236454699041,1000000000,180236.48300566667,true
video,180236497778875,1000000000,180236.49663600003,true
audio,180236474699041,1000000000,180236.504304125,true
video,180236514445375,1000000000,180236.51370875002,true
audio,180236494699041,1000000000,180236.525578375,true
video,180236522778666,1000000000,180236.5307345,true
audio,180236514699041,1000000000,180236.54695087502,true
video,180236539445375,1000000000,180236.54793225002,true
video,180236564445125,1000000000,180236.56478025002,true
audio,180236534699041,1000000000,180236.56820541667,true
video,180236589445041,1000000000,180236.58396516668,true
audio,180236554699041,1000000000,180236.58957745833,true
audio,180236574699000,1000000000,180236.61096066667,true
video,180236614444916,1000000000,180236.61967875002,true
audio,180236594699041,1000000000,180236.63228333334,true
video,180236639444791,1000000000,180236.63654508334,true
audio,180236614699041,1000000000,180236.65357158333,true
video,180236664444666,1000000000,180236.670679625,true
audio,180236634699000,1000000000,180236.67491091668,true
video,180236689444583,1000000000,180236.68781304167,true
audio,180236654699041,1000000000,180236.69626316667,true
audio,180236674699041,1000000000,180236.71761375002,true
video,180236722777750,1000000000,180236.72234658335,true
audio,180236694699041,1000000000,180236.73900520834,true
video,180236739444500,1000000000,180236.73965595834,true
video,180236756111166,1000000000,180236.75635358333,true
audio,180236714699041,1000000000,180236.7602677917,true
video,180236781110958,1000000000,180236.778421625,true
audio,180236734699041,1000000000,180236.78151591666,true
video,180236797777708,1000000000,180236.796085125,true
audio,180236754699041,1000000000,180236.80293987502,true
video,180236814444166,1000000000,180236.812722625,true
audio,180236774699041,1000000000,180236.82426808335,true
video,180236831110875,1000000000,180236.82999895833,true
audio,180236794699041,1000000000,180236.84557154166,true
audio,180236814699041,1000000000,180236.84562879166,true
video,180236847777375,1000000000,180236.84720616668,true
video,180236864444083,1000000000,180236.864424875,true
audio,180236834699041,1000000000,180236.86694991667,true
video,180236881110708,1000000000,180236.88132045834,true
audio,180236854699000,1000000000,180236.88826991667,true
video,180236906110458,1000000000,180236.90166870833,true
audio,180236874699041,1000000000,180236.909613875,true
video,180236914443875,1000000000,180236.91852058333,true
audio,180236894699041,1000000000,180236.93099120836,true
video,180236939443833,1000000000,180236.936228875,true
audio,180236914699000,1000000000,180236.95228066668,true
video,180236956110291,1000000000,180236.953068625,true
video,180236972776875,1000000000,180236.97103566668,true
audio,180236934699041,1000000000,180236.97354133334,true
video,180236989443500,1000000000,180236.98858358336,true
audio,180236954699041,1000000000,180236.9949370417,true
video,180237006110208,1000000000,180237.00635654168,true
audio,180236974699041,1000000000,180237.01625454167,true
video,180237022776708,1000000000,180237.02300866667,true
audio,180236994699041,1000000000,180237.03765733333,true
video,180237039443416,1000000000,180237.03982658335,true
audio,180237014699041,1000000000,180237.05894875,true
video,180237064443333,1000000000,180237.05935454168,true
video,180237081109958,1000000000,180237.07649941667,true
audio,180237034699041,1000000000,180237.08024854166,true
video,180237097776541,1000000000,180237.0947412917,true
audio,180237054699041,1000000000,180237.10161045834,true
video,180237114443000,1000000000,180237.11213075,true
audio,180237074699000,1000000000,180237.12296708336,true
video,180237131109750,1000000000,180237.12923520835,true
audio,180237094699041,1000000000,180237.144253625,true
video,180237147776208,1000000000,180237.14588641666,true
video,180237164442791,1000000000,180237.16309225,true
audio,180237114699041,1000000000,180237.16555754168,true
audio,180237134699000,1000000000,180237.16559062502,true
video,180237181109375,1000000000,180237.17987570833,true
audio,180237154699041,1000000000,180237.18704245833,true
video,180237197775958,1000000000,180237.19767533336,true
audio,180237174699041,1000000000,180237.2083021667,true
video,180237214442625,1000000000,180237.2144979167,true
audio,180237194699041,1000000000,180237.229617625,true
video,180237231109166,1000000000,180237.23120870834,true
audio,180237214699041,1000000000,180237.25095745834,true
video,180237256109250,1000000000,180237.2516145,true
video,180237272775708,1000000000,180237.26932933336,true
audio,180237234699041,1000000000,180237.27225525002,true
video,180237289442291,1000000000,180237.286888125,true
audio,180237254699041,1000000000,180237.29359804167,true
video,180237306109000,1000000000,180237.3036499167,true
audio,180237274699041,1000000000,180237.3148636667,true
video,180237322775500,1000000000,180237.32130916667,true
audio,180237294699041,1000000000,180237.33624262502,true
video,180237339442125,1000000000,180237.33790025002,true
video,180237356108708,1000000000,180237.35561033335,true
audio,180237314699041,1000000000,180237.35753570835,true
video,180237372775291,1000000000,180237.37324020834,true
audio,180237334699041,1000000000,180237.37895770834,true
video,180237397775333,1000000000,180237.39368550002,true
audio,180237354699000,1000000000,180237.40035291668,true
video,180237414441791,1000000000,180237.41098220836,true
audio,180237374699041,1000000000,180237.42161416667,true
video,180237431108416,1000000000,180237.42831475002,true
audio,180237394699041,1000000000,180237.44298770835,true
video,180237447775000,1000000000,180237.44570562502,true
video,180237464441625,1000000000,180237.46269795834,true
audio,180237414699000,1000000000,180237.46429791668,true
video,180237481108208,1000000000,180237.480334875,true
audio,180237434699041,1000000000,180237.4855535417,true
audio,180237454699041,1000000000,180237.485605875,true
video,180237497774916,1000000000,180237.49756379167,true
audio,180237474699041,1000000000,180237.50692179168,true
video,180237514441583,1000000000,180237.51487554167,true
audio,180237494699041,1000000000,180237.52826391667,true
video,180237522774750,1000000000,180237.5326661667,true
video,180237547774583,1000000000,180237.54964983335,true
audio,180237514699041,1000000000,180237.549715,true
video,180237572774500,1000000000,180237.56741133335,true
audio,180237534699041,1000000000,180237.57094766668,true
audio,180237554699041,1000000000,180237.59228479167,true
video,180237597774416,1000000000,180237.60176483335,true
audio,180237574699000,1000000000,180237.613615375,true
video,180237622774333,1000000000,180237.61841841668,true
audio,180237594699041,1000000000,180237.63495766668,true
video,180237656107458,1000000000,180237.6526915,true
audio,180237614699041,1000000000,180237.65624079166,true
audio,180237634699000,1000000000,180237.67765833336,true
video,180237681107416,1000000000,180237.68832766666,true
audio,180237654699041,1000000000,180237.69900558333,true
video,180237706107250,1000000000,180237.70566575002,true
audio,180237674699041,1000000000,180237.72027345834,true
video,180237722773916,1000000000,180237.72314750002,true
audio,180237694699041,1000000000,180237.7309326667,true
video,180237747773791,1000000000,180237.74475575,true
audio,180237714699041,1000000000,180237.75227350002,true
video,180237764440583,1000000000,180237.761956,true
audio,180237734699041,1000000000,180237.7735805417,true
video,180237781107041,1000000000,180237.778795875,true
audio,180237754699041,1000000000,180237.79490541667,true
video,180237797773750,1000000000,180237.79605554166,true
video,180237814440208,1000000000,180237.8133945,true
audio,180237774699041,1000000000,180237.81623508333,true
video,180237831106958,1000000000,180237.8302520417,true
audio,180237794699041,1000000000,180237.83763658334,true
audio,180237814699041,1000000000,180237.83769462502,true
video,180237847773458,1000000000,180237.84700783333,true
audio,180237834699041,1000000000,180237.85899962502,true
video,180237864440041,1000000000,180237.86375837502,true
audio,180237854699000,1000000000,180237.88034291667,true
video,180237881106791,1000000000,180237.881293,true
video,180237897773250,1000000000,180237.897853625,true
audio,180237874699041,1000000000,180237.90163545834,true
video,180237914439833,1000000000,180237.914821,true
audio,180237894699041,1000000000,180237.92295729168,true
video,180237931106458,1000000000,180237.931439875,true
audio,180237914699000,1000000000,180237.94432500002,true
video,180237956106458,1000000000,180237.951153625,true
audio,180237934699041,1000000000,180237.96554458333,true
video,180237972772958,1000000000,180237.96952295833,true
audio,180237954699041,1000000000,180237.98695579168,true
video,180237989439541,1000000000,180237.98747091668,true
video,180238006106250,1000000000,180238.00450108334,true
audio,180237974699041,1000000000,180238.00827445835,true
video,180238022772875,1000000000,180238.02159570836,true
audio,180237994699041,1000000000,180238.02965162502,true
video,180238039439375,1000000000,180238.038442875,true
audio,180238014699041,1000000000,180238.05096029167,true
video,180238056105958,1000000000,180238.055262375,true
audio,180238034699041,1000000000,180238.07221808334,true
video,180238072772666,1000000000,180238.07232604167,true
video,180238089439208,1000000000,180238.08968525002,true
audio,180238054699041,1000000000,180238.0935645417,true
video,180238114439083,1000000000,180238.10975783336,true
audio,180238074699000,1000000000,180238.11494233334,true
video,180238131105791,1000000000,180238.12740720835,true
audio,180238094699041,1000000000,180238.13634858336,true
video,180238147772291,1000000000,180238.14426258334,true
audio,180238114699041,1000000000,180238.15761720834,true
audio,180238134699000,1000000000,180238.15767370834,true
video,180238164438875,1000000000,180238.1611284167,true
video,180238181105583,1000000000,180238.17846433335,true
audio,180238154699041,1000000000,180238.178835875,true
video,180238197772083,1000000000,180238.19536783334,true
audio,180238174699041,1000000000,180238.20029608335,true
video,180238214438708,1000000000,180238.21218220834,true
audio,180238194699041,1000000000,180238.2216522917,true
video,180238231105291,1000000000,180238.22921370834,true
audio,180238214699041,1000000000,180238.24294283334,true
video,180238247771833,1000000000,180238.24587258336,true
video,180238264438458,1000000000,180238.26362225,true
audio,180238234699041,1000000000,180238.26424395834,true
video,180238281105041,1000000000,180238.28127408333,true
audio,180238254699041,1000000000,180238.28558420835,true
video,180238306105083,1000000000,180238.30155629167,true
audio,180238274699041,1000000000,180238.30695408335,true
video,180238322771541,1000000000,180238.31844945834,true
audio,180238294699041,1000000000,180238.32827729167,true
video,180238339438291,1000000000,180238.33593008335,true
audio,180238314699041,1000000000,180238.34961566667,true
video,180238356104791,1000000000,180238.35369658333,true
video,180238372771375,1000000000,180238.37069270835,true
audio,180238334699041,1000000000,180238.37085316668,true
video,180238389438000,1000000000,180238.38731916668,true
audio,180238354699000,1000000000,180238.39234520835,true
video,180238406104583,1000000000,180238.40448775,true
audio,180238374699041,1000000000,180238.41359991668,true
video,180238422771166,1000000000,180238.42141995835,true
audio,180238394699041,1000000000,180238.43496154167,true
video,180238439437916,1000000000,180238.43823970834,true
video,180238456104500,1000000000,180238.45546470836,true
audio,180238414699000,1000000000,180238.45617416667,true
video,180238472771000,1000000000,180238.472752375,true
audio,180238434699041,1000000000,180238.477640375,true
audio,180238454699041,1000000000,180238.47770100003,true
video,180238489437583,1000000000,180238.48959216668,true
audio,180238474699041,1000000000,180238.49900087502,true
video,180238506104291,1000000000,180238.506356875,true
audio,180238494699041,1000000000,180238.52025908334,true
video,180238522770791,1000000000,180238.52420333333,true
audio,180238514699041,1000000000,180238.5416135,true
video,180238539437416,1000000000,180238.54231395834,true
video,180238564437291,1000000000,180238.56016633334,true
audio,180238534699041,1000000000,180238.56290066667,true
audio,180238554699041,1000000000,180238.58425720833,true
video,180238589437166,1000000000,180238.59598983335,true
audio,180238574699000,1000000000,180238.60556945833,true
video,180238614437083,1000000000,180238.61273470835,true
audio,180238594699041,1000000000,180238.62693945834,true
video,180238639437000,1000000000,180238.6477625417,true
audio,180238614699041,1000000000,180238.64820325002,true
video,180238664436875,1000000000,180238.66477979167,true
audio,180238634699000,1000000000,180238.66956370833,true
audio,180238654699041,1000000000,180238.69093975,true
video,180238689436791,1000000000,180238.69937675,true
audio,180238674699041,1000000000,180238.71228083334,true
video,180238722769958,1000000000,180238.71839083335,true
audio,180238694699041,1000000000,180238.73356470835,true
video,180238739436625,1000000000,180238.73757875,true
audio,180238714699041,1000000000,180238.75492954167,true
video,180238756103333,1000000000,180238.75525387502,true
video,180238772769875,1000000000,180238.77298741668,true
audio,180238734699041,1000000000,180238.77624154167,true
video,180238789436541,1000000000,180238.78974570835,true
audio,180238754699041,1000000000,180238.79764133334,true
video,180238806103125,1000000000,180238.80626725,true
audio,180238774699041,1000000000,180238.81899470833,true
video,180238831103000,1000000000,180238.82659666668,true
audio,180238794699041,1000000000,180238.84023304167,true
audio,180238814699041,1000000000,180238.84029033335,true
video,180238847769625,1000000000,180238.84430325002,true
video,180238864436208,1000000000,180238.86106458335,true
audio,180238834699041,1000000000,180238.86162420834,true
video,180238881102875,1000000000,180238.87897283334,true
audio,180238854699000,1000000000,180238.88294475002,true
video,180238897769333,1000000000,180238.895979375,true
audio,180238874699041,1000000000,180238.9042950417,true
video,180238914436041,1000000000,180238.91287125,true
audio,180238894699041,1000000000,180238.92559608334,true
video,180238931102541,1000000000,180238.92970666668,true
video,180238947769125,1000000000,180238.94653037502,true
audio,180238914699000,1000000000,180238.94689866668,true
video,180238964435875,1000000000,180238.96346120833,true
audio,180238934699041,1000000000,180238.96824466667,true
video,180238981102333,1000000000,180238.98028400002,true
audio,180238954699041,1000000000,180238.98957929166,true
video,180238997768916,1000000000,180238.99680312502,true
audio,180238974699041,1000000000,180239.01092366668,true
video,180239014435541,1000000000,180239.014017,true
video,180239031102125,1000000000,180239.0312321667,true
audio,180238994699041,1000000000,180239.03227195833,true
video,180239047768833,1000000000,180239.04793391668,true
audio,180239014699041,1000000000,180239.05368383334,true
video,180239064435375,1000000000,180239.06472366667,true
audio,180239034699041,1000000000,180239.07497229168,true
video,180239089435250,1000000000,180239.084851875,true
audio,180239054699041,1000000000,180239.09626958336,true
video,180239106101833,1000000000,180239.10239037502,true
audio,180239074699000,1000000000,180239.11768879168,true
video,180239122768458,1000000000,180239.11955941666,true
video,180239139435083,1000000000,180239.1370301667,true
audio,180239094699041,1000000000,180239.13894612502,true
video,180239156101666,1000000000,180239.1548981667,true
audio,180239114699041,1000000000,180239.16028116667,true
audio,180239134699000,1000000000,180239.160318125,true
video,180239172768250,1000000000,180239.17178729168,true
audio,180239154699041,1000000000,180239.18156820835,true
video,180239189434875,1000000000,180239.18829362502,true
audio,180239174699041,1000000000,180239.20299920836,true
video,180239206101583,1000000000,180239.20554329167,true
video,180239222768083,1000000000,180239.2230595417,true
audio,180239194699041,1000000000,180239.22429295833,true
video,180239247767958,1000000000,180239.242493375,true
audio,180239214699041,1000000000,180239.24558850002,true
video,180239264434583,1000000000,180239.259866125,true
audio,180239234699041,1000000000,180239.266982125,true
video,180239281101250,1000000000,180239.27774520835,true
audio,180239254699041,1000000000,180239.28830820834,true
video,180239297767875,1000000000,180239.29514125,true
audio,180239274699041,1000000000,180239.30962975,true
video,180239306101208,1000000000,180239.31247458333,true
video,180239331100958,1000000000,180239.32932275,true
audio,180239294699041,1000000000,180239.33087670835,true
video,180239347767541,1000000000,180239.34643679167,true
audio,180239314699041,1000000000,180239.35233575,true
video,180239364434250,1000000000,180239.36383583336,true
audio,180239334699041,1000000000,180239.37356929167,true
video,180239381100875,1000000000,180239.380673375,true
audio,180239354699000,1000000000,180239.39495204168,true
video,180239397767375,1000000000,180239.397380625,true
video,180239414433958,1000000000,180239.4148742917,true
audio,180239374699041,1000000000,180239.41619120835,true
video,180239439433875,1000000000,180239.43485741667,true
audio,180239394699041,1000000000,180239.43767812502,true
video,180239456100583,1000000000,180239.452472875,true
audio,180239414699000,1000000000,180239.45898091668,true
video,180239472767083,1000000000,180239.46961470833,true
audio,180239434699041,1000000000,180239.48031433334,true
audio,180239454699041,1000000000,180239.480365125,true
video,180239489433666,1000000000,180239.48681475,true
audio,180239474699041,1000000000,180239.50160787502,true
video,180239506100375,1000000000,180239.50362695835,true
video,180239522766875,1000000000,180239.52092254168,true
audio,180239494699041,1000000000,180239.52292879167,true
audio,180239514699041,1000000000,180239.5442549167,true
video,180239556099958,1000000000,180239.55526520836,true
audio,180239534699041,1000000000,180239.56558958333,true
audio,180239554699041,1000000000,180239.58694708336,true
video,180239581100000,1000000000,180239.58866275,true
video,180239606099833,1000000000,180239.60554208336,true
audio,180239574699000,1000000000,180239.60822958333,true
audio,180239594699041,1000000000,180239.62961816668,true
video,180239631099750,1000000000,180239.63976429167,true
audio,180239614699041,1000000000,180239.65097012502,true
video,180239664432916,1000000000,180239.65906820833,true
audio,180239634699000,1000000000,180239.67226716666,true
audio,180239654699041,1000000000,180239.69362758336,true
video,180239689432916,1000000000,180239.69376366667,true
video,180239714432791,1000000000,180239.71077033333,true
audio,180239674699041,1000000000,180239.71495908336,true
video,180239731099416,1000000000,180239.72798120836,true
audio,180239694699041,1000000000,180239.73628716668,true
video,180239747766000,1000000000,180239.74511025002,true
audio,180239714699041,1000000000,180239.75756416668,true
video,180239764432625,1000000000,180239.76194575,true
audio,180239734699041,1000000000,180239.77899525,true
video,180239781099208,1000000000,180239.779544875,true
video,180239797765791,1000000000,180239.79735570835,true
audio,180239754699041,1000000000,180239.80028270834,true
video,180239814432541,1000000000,180239.814407625,true
audio,180239774699041,1000000000,180239.82156658336,true
video,180239831099041,1000000000,180239.83133095835,true
audio,180239794699041,1000000000,180239.84291383333,true
audio,180239814699041,1000000000,180239.84293883335,true
video,180239856099041,1000000000,180239.85297783333,true
audio,180239834699041,1000000000,180239.86424637501,true
video,180239872765500,1000000000,180239.86996450002,true
audio,180239854699000,1000000000,180239.88558025,true
video,180239889432125,1000000000,180239.88740766668,true
video,180239906098708,1000000000,180239.9052006667,true
audio,180239874699041,1000000000,180239.906866625,true
video,180239914432000,1000000000,180239.92270508336,true
audio,180239894699041,1000000000,180239.92828916668,true
video,180239939432083,1000000000,180239.93947025,true
audio,180239914699000,1000000000,180239.949589625,true
video,180239956098500,1000000000,180239.95617045835,true
audio,180239934699041,1000000000,180239.97095000002,true
video,180239972765125,1000000000,180239.97319116667,true
audio,180239954699041,1000000000,180239.99233850001,true
video,180239997765000,1000000000,180239.99340754168,true
video,180240014431625,1000000000,180240.01208191668,true
audio,180239974699041,1000000000,180240.01362075002,true
video,180240031098208,1000000000,180240.02933970836,true
audio,180239994699041,1000000000,180240.03495608334,true
video,180240047764791,1000000000,180240.046688125,true
audio,180240014699041,1000000000,180240.05630716667,true
video,180240064431541,1000000000,180240.06360191669,true
audio,180240034699041,1000000000,180240.07763258336,true
video,180240081098000,1000000000,180240.08149133335,true
audio,180240054699041,1000000000,180240.098941375,true
video,180240106097916,1000000000,180240.10183054168,true
video,180240122764500,1000000000,180240.11863645836,true
audio,180240074699000,1000000000,180240.12024225,true
video,180240139431166,1000000000,180240.13565320833,true
audio,180240094699041,1000000000,180240.14165641667,true
video,180240156097750,1000000000,180240.15293091667,true
audio,180240114699041,1000000000,180240.16297354168,true
audio,180240134699000,1000000000,180240.163011125,true
video,180240172764333,1000000000,180240.17037141667,true
audio,180240154699041,1000000000,180240.18426516667,true
video,180240189430958,1000000000,180240.18746483335,true
video,180240206097541,1000000000,180240.20425200003,true
audio,180240174699041,1000000000,180240.20558045834,true
video,180240222764166,1000000000,180240.221743375,true
audio,180240194699041,1000000000,180240.22695070834,true
video,180240239430750,1000000000,180240.239618625,true
audio,180240214699041,1000000000,180240.24830333336,true
video,180240256097458,1000000000,180240.25646266667,true
audio,180240234699041,1000000000,180240.26962633335,true
video,180240272763958,1000000000,180240.27292029167,true
video,180240289430541,1000000000,180240.289639875,true
audio,180240254699041,1000000000,180240.29089541666,true
video,180240314430458,1000000000,180240.30982308334,true
audio,180240274699041,1000000000,180240.3123449167,true
video,180240331097083,1000000000,180240.3276489167,true
audio,180240294699041,1000000000,180240.3336571667,true
video,180240347763791,1000000000,180240.344615625,true
audio,180240314699041,1000000000,180240.35492845834,true
video,180240364430291,1000000000,180240.36205158333,true
audio,180240334699041,1000000000,180240.37623091668,true
video,180240381096875,1000000000,180240.37910608333,true
video,180240389430333,1000000000,180240.39597495834,true
audio,180240354699000,1000000000,180240.39751245835,true
video,180240414430041,1000000000,180240.41386895833,true
audio,180240374699041,1000000000,180240.41900170833,true
video,180240422763333,1000000000,180240.43150025,true
audio,180240394699041,1000000000,180240.44026483333,true
video,180240456096541,1000000000,180240.451295,true
audio,180240414699000,1000000000,180240.461705875,true
video,180240472763250,1000000000,180240.46828933334,true
audio,180240434699041,1000000000,180240.48297558335,true
audio,180240454699041,1000000000,180240.48306683335,true
video,180240489429750,1000000000,180240.4850365,true
video,180240506096458,1000000000,180240.50219879168,true
audio,180240474699041,1000000000,180240.504243375,true
video,180240522763083,1000000000,180240.519597875,true
audio,180240494699041,1000000000,180240.52559708335,true
video,180240539429541,1000000000,180240.53635970835,true
audio,180240514699041,1000000000,180240.54692583333,true
audio,180240534699041,1000000000,180240.5682655417,true
video,180240564429416,1000000000,180240.572749125,true
video,180240589429291,1000000000,180240.58967116667,true
audio,180240554699041,1000000000,180240.58972720834,true
video,180240614429208,1000000000,180240.60859833335,true
audio,180240574699000,1000000000,180240.6109285,true
video,180240631095875,1000000000,180240.62631929168,true
audio,180240594699041,1000000000,180240.63228954168,true
audio,180240614699041,1000000000,180240.65362633334,true
video,180240656095708,1000000000,180240.662407375,true
audio,180240634699000,1000000000,180240.6750870417,true
video,180240681095625,1000000000,180240.67971129168,true
audio,180240654699041,1000000000,180240.69627375,true
video,180240714428791,1000000000,180240.71465058334,true
audio,180240674699041,1000000000,180240.71757858334,true
video,180240739428791,1000000000,180240.73709550002,true
audio,180240694699041,1000000000,180240.7388981667,true
video,180240756095500,1000000000,180240.75424825,true
audio,180240714699041,1000000000,180240.760236625,true
video,180240772762041,1000000000,180240.77133741666,true
audio,180240734699041,1000000000,180240.78154975,true
video,180240789428583,1000000000,180240.787962125,true
audio,180240754699041,1000000000,180240.80295775,true
video,180240806095208,1000000000,180240.80516812502,true
video,180240822761791,1000000000,180240.82247333333,true
audio,180240774699041,1000000000,180240.82426750002,true
video,180240839428375,1000000000,180240.83986320836,true
audio,180240794699041,1000000000,180240.8456241667,true
audio,180240814699041,1000000000,180240.84568308335,true
video,180240856095000,1000000000,180240.856662375,true
audio,180240834699041,1000000000,180240.86695158333,true
video,180240881094833,1000000000,180240.87626129168,true
audio,180240854699000,1000000000,180240.888283875,true
video,180240897761500,1000000000,180240.89328000002,true
audio,180240874699041,1000000000,180240.9096227917,true
video,180240914428125,1000000000,180240.90983400002,true
video,180240931094833,1000000000,180240.927762875,true
audio,180240894699041,1000000000,180240.93094104168,true
video,180240947761333,1000000000,180240.9452717917,true
audio,180240914699000,1000000000,180240.95233441668,true
video,180240964427916,1000000000,180240.962233625,true
audio,180240934699041,1000000000,180240.97365208334,true
video,180240981094583,1000000000,180240.979245625,true
audio,180240954699041,1000000000,180240.99498029167,true
video,180240997761083,1000000000,180240.996284875,true
video,180241014427708,1000000000,180241.01406270833,true
audio,180240974699041,1000000000,180241.01628629168,true
video,180241031094291,1000000000,180241.0311830417,true
audio,180240994699041,1000000000,180241.037617875,true
video,180241047761000,1000000000,180241.04792808334,true
audio,180241014699041,1000000000,180241.05904341667,true
video,180241064427500,1000000000,180241.0647032917,true
audio,180241034699041,1000000000,180241.080297375,true
video,180241089427375,1000000000,180241.08525275002,true
audio,180241054699041,1000000000,180241.1016211667,true
video,180241106094083,1000000000,180241.10264958334,true
video,180241122760583,1000000000,180241.120196875,true
audio,180241074699000,1000000000,180241.12285291668,true
video,180241139427250,1000000000,180241.13717908334,true
audio,180241094699041,1000000000,180241.1443337917,true
video,180241156093833,1000000000,180241.15493175,true
audio,180241114699041,1000000000,180241.165611375,true
audio,180241134699000,1000000000,180241.1656579167,true
video,180241172760416,1000000000,180241.17239091668,true
audio,180241154699041,1000000000,180241.18700895834,true
video,180241189427041,1000000000,180241.18967312502,true
audio,180241174699041,1000000000,180241.20824862501,true
video,180241214426916,1000000000,180241.21064650003,true
video,180241231093625,1000000000,180241.22803704167,true
audio,180241194699041,1000000000,180241.22958416666,true
video,180241247760125,1000000000,180241.24570716667,true
audio,180241214699041,1000000000,180241.25094795835,true
video,180241264426750,1000000000,180241.26302075002,true
audio,180241234699041,1000000000,180241.27224941668,true
video,180241281093333,1000000000,180241.28099779168,true
audio,180241254699041,1000000000,180241.29358233334,true
video,180241297759916,1000000000,180241.29790266667,true
audio,180241274699041,1000000000,180241.31497645835,true
video,180241322759958,1000000000,180241.3178262917,true
video,180241339426416,1000000000,180241.33557758335,true
audio,180241294699041,1000000000,180241.33618266668,true
video,180241356093125,1000000000,180241.35263833334,true
audio,180241314699041,1000000000,180241.35760929168,true
video,180241372759625,1000000000,180241.36953433335,true
audio,180241334699041,1000000000,180241.378967375,true
video,180241389426250,1000000000,180241.38646875002,true
audio,180241354699000,1000000000,180241.40026737502,true
video,180241406092833,1000000000,180241.40332625,true
video,180241422759458,1000000000,180241.42056133333,true
audio,180241374699041,1000000000,180241.42160870833,true
video,180241439426083,1000000000,180241.43726004168,true
audio,180241394699041,1000000000,180241.44298037502,true
video,180241456092666,1000000000,180241.4543417917,true
audio,180241414699000,1000000000,180241.46427783335,true
video,180241472759250,1000000000,180241.47136750002,true
audio,180241434699041,1000000000,180241.4856189167,true
audio,180241454699041,1000000000,180241.48567845835,true
video,180241489425875,1000000000,180241.48839100002,true
video,180241506092458,1000000000,180241.50558300002,true
audio,180241474699041,1000000000,180241.50693600002,true
video,180241522759041,1000000000,180241.5226935,true
audio,180241494699041,1000000000,180241.52823141668,true
video,180241539425750,1000000000,180241.54035758335,true
audio,180241514699041,1000000000,180241.54967645835,true
video,180241556092250,1000000000,180241.55807325002,true
audio,180241534699041,1000000000,180241.57099075,true
video,180241572758833,1000000000,180241.57574991666,true
audio,180241554699041,1000000000,180241.59223695836,true
video,180241597758666,1000000000,180241.59345520835,true
video,180241614425333,1000000000,180241.61123045834,true
audio,180241574699000,1000000000,180241.61355895834,true
video,180241631092083,1000000000,180241.62889670834,true
audio,180241594699041,1000000000,180241.63490320835,true
video,180241647758541,1000000000,180241.64575075,true
audio,180241614699041,1000000000,180241.65630566666,true
video,180241664425125,1000000000,180241.662664125,true
audio,180241634699000,1000000000,180241.677587125,true
video,180241681091875,1000000000,180241.67961975,true
video,180241697758375,1000000000,180241.696413375,true
audio,180241654699041,1000000000,180241.69890041667,true
video,180241714424958,1000000000,180241.71343579167,true
audio,180241674699041,1000000000,180241.720260875,true
video,180241731091583,1000000000,180241.73058695835,true
audio,180241694699041,1000000000,180241.73084162502,true
video,180241747758166,1000000000,180241.74812929166,true
audio,180241714699041,1000000000,180241.7522532917,true
video,180241772758083,1000000000,180241.76991233334,true
audio,180241734699041,1000000000,180241.77356258334,true
video,180241789424791,1000000000,180241.78731479167,true
audio,180241754699041,1000000000,180241.7949811667,true
video,180241806091375,1000000000,180241.8042301667,true
audio,180241774699041,1000000000,180241.816318125,true
video,180241822758000,1000000000,180241.82096166667,true
audio,180241794699041,1000000000,180241.83758008335,true
audio,180241814699041,1000000000,180241.83763495836,true
video,180241839424458,1000000000,180241.83854004167,true
video,180241856091166,1000000000,180241.855462375,true
audio,180241834699041,1000000000,180241.85897391668,true
video,180241872757666,1000000000,180241.87285437502,true
audio,180241854699000,1000000000,180241.88027920833,true
video,180241889424291,1000000000,180241.88966166668,true
audio,180241874699041,1000000000,180241.90163775,true
video,180241906091000,1000000000,180241.90632433334,true
audio,180241894699041,1000000000,180241.92300929167,true
video,180241931090958,1000000000,180241.9265685,true
audio,180241914699000,1000000000,180241.94431175,true
video,180241947757416,1000000000,180241.94442870835,true
video,180241964424000,1000000000,180241.96147187502,true
audio,180241934699041,1000000000,180241.96555475,true
video,180241981090708,1000000000,180241.97806429167,true
audio,180241954699041,1000000000,180241.986912875,true
video,180241997757208,1000000000,180241.99560179168,true
audio,180241974699041,1000000000,180242.0082884167,true
video,180242014423833,1000000000,180242.01231729166,true
video,180242031090541,1000000000,180242.02936129167,true
audio,180241994699041,1000000000,180242.02959933336,true
video,180242047756958,1000000000,180242.04682633333,true
audio,180242014699041,1000000000,180242.0509436667,true
video,180242064423583,1000000000,180242.06469616666,true
audio,180242034699041,1000000000,180242.07222245834,true
video,180242081090166,1000000000,180242.08129854169,true
audio,180242054699041,1000000000,180242.093625375,true
video,180242106090166,1000000000,180242.10178312502,true
audio,180242074699000,1000000000,180242.11491758336,true
video,180242122756666,1000000000,180242.11938879167,true
video,180242139423291,1000000000,180242.13612316668,true
audio,180242094699041,1000000000,180242.1362466667,true
video,180242156090000,1000000000,180242.15372445833,true
audio,180242114699041,1000000000,180242.15764195836,true
audio,180242134699000,1000000000,180242.15770329168,true
video,180242172756583,1000000000,180242.17144766668,true
audio,180242154699041,1000000000,180242.17891958336,true
video,180242189423083,1000000000,180242.18842437502,true
audio,180242174699041,1000000000,180242.20025754167,true
video,180242206089708,1000000000,180242.205483125,true
audio,180242194699041,1000000000,180242.22160770834,true
video,180242222756291,1000000000,180242.22294116666,true
video,180242247756166,1000000000,180242.242895,true
audio,180242214699041,1000000000,180242.24296208334,true
video,180242264422958,1000000000,180242.25995562502,true
audio,180242234699041,1000000000,180242.2643076667,true
video,180242281089416,1000000000,180242.2781020417,true
audio,180242254699041,1000000000,180242.28568570834,true
video,180242297756000,1000000000,180242.294810875,true
audio,180242274699041,1000000000,180242.30696025002,true
video,180242314422625,1000000000,180242.31189825002,true
audio,180242294699041,1000000000,180242.32833908335,true
video,180242331089208,1000000000,180242.32862129167,true
video,180242347755916,1000000000,180242.34548129168,true
audio,180242314699041,1000000000,180242.34960762502,true
video,180242364422416,1000000000,180242.36338058335,true
audio,180242334699041,1000000000,180242.37095729169,true
video,180242381089250,1000000000,180242.38048312502,true
audio,180242354699000,1000000000,180242.39227679168,true
video,180242397755625,1000000000,180242.39725666668,true
audio,180242374699041,1000000000,180242.413601875,true
video,180242414422208,1000000000,180242.41433429168,true
video,180242431088916,1000000000,180242.43125545833,true
audio,180242394699041,1000000000,180242.43494875001,true
video,180242447755416,1000000000,180242.44796591668,true
audio,180242414699000,1000000000,180242.45626945834,true
video,180242472755458,1000000000,180242.46795154168,true
audio,180242434699041,1000000000,180242.47760770834,true
audio,180242454699041,1000000000,180242.47765000002,true
video,180242489421958,1000000000,180242.48462233334,true
audio,180242474699041,1000000000,180242.49894541668,true
video,180242506088541,1000000000,180242.50142891667,true
video,180242522755166,1000000000,180242.51930516667,true
audio,180242494699041,1000000000,180242.5202517917,true
video,180242539421875,1000000000,180242.53628170834,true
audio,180242514699041,1000000000,180242.54153400002,true
video,180242556088375,1000000000,180242.553144125,true
audio,180242534699041,1000000000,180242.56294600002,true
video,180242572754958,1000000000,180242.5708755,true
audio,180242554699041,1000000000,180242.58426550002,true
video,180242589421500,1000000000,180242.58754941667,true
video,180242606088250,1000000000,180242.60535320835,true
audio,180242574699000,1000000000,180242.60556350002,true
audio,180242594699041,1000000000,180242.62690991667,true
video,180242631087958,1000000000,180242.639575375,true
audio,180242614699041,1000000000,180242.64825379167,true
video,180242647754666,1000000000,180242.65637208335,true
audio,180242634699000,1000000000,180242.669597125,true
video,180242681087958,1000000000,180242.6753436667,true
audio,180242654699041,1000000000,180242.69095641669,true
video,180242697754458,1000000000,180242.69209258334,true
video,180242714421041,1000000000,180242.70968970834,true
audio,180242674699041,1000000000,180242.71228191667,true
video,180242731087666,1000000000,180242.72667741668,true
audio,180242694699041,1000000000,180242.73356945833,true
video,180242747754250,1000000000,180242.745988625,true
audio,180242714699041,1000000000,180242.75493658334,true
video,180242764420958,1000000000,180242.76335783335,true
audio,180242734699041,1000000000,180242.77628433335,true
video,180242781087541,1000000000,180242.78022333334,true
video,180242797754041,1000000000,180242.79740583335,true
audio,180242754699041,1000000000,180242.7976102917,true
video,180242814420791,1000000000,180242.81459595833,true
audio,180242774699041,1000000000,180242.81894475,true
video,180242831087291,1000000000,180242.83156595833,true
audio,180242794699041,1000000000,180242.840326,true
audio,180242814699041,1000000000,180242.8403730417,true
video,180242856087250,1000000000,180242.85143666668,true
audio,180242834699041,1000000000,180242.861681625,true
video,180242872753750,1000000000,180242.86809954167,true
audio,180242854699000,1000000000,180242.88293445835,true
video,180242889420375,1000000000,180242.88563095834,true
video,180242906086958,1000000000,180242.90287683334,true
audio,180242874699041,1000000000,180242.90429166667,true
video,180242922753541,1000000000,180242.920629875,true
audio,180242894699041,1000000000,180242.9255382917,true
video,180242939420166,1000000000,180242.938468,true
audio,180242914699000,1000000000,180242.94686483336,true
video,180242956086750,1000000000,180242.95546341667,true
audio,180242934699041,1000000000,180242.96845879167,true
video,180242972753333,1000000000,180242.97293425002,true
audio,180242954699041,1000000000,180242.98959291668,true
video,180242989420000,1000000000,180242.98982183335,true
video,180243006086583,1000000000,180243.00635512502,true
audio,180242974699041,1000000000,180243.010944,true
video,180243031086583,1000000000,180243.02661783335,true
audio,180242994699041,1000000000,180243.03228837502,true
video,180243047753083,1000000000,180243.04441225002,true
audio,180243014699041,1000000000,180243.05359225,true
video,180243064419708,1000000000,180243.06202695833,true
audio,180243034699041,1000000000,180243.07495275,true
video,180243081086291,1000000000,180243.07892525,true
audio,180243054699041,1000000000,180243.096311625,true
video,180243097752875,1000000000,180243.09654612502,true
video,180243114419500,1000000000,180243.11437320834,true
audio,180243074699000,1000000000,180243.117713,true
video,180243131086041,1000000000,180243.13117379168,true
audio,180243094699041,1000000000,180243.13898979168,true
video,180243147752666,1000000000,180243.14790941667,true
audio,180243114699041,1000000000,180243.1602800417,true
audio,180243134699000,1000000000,180243.160325625,true
video,180243164419250,1000000000,180243.16466458334,true
video,180243181085958,1000000000,180243.181450125,true
audio,180243154699041,1000000000,180243.1815160417,true
video,180243206085750,1000000000,180243.20141133334,true
audio,180243174699041,1000000000,180243.20291400002,true
video,180243222752458,1000000000,180243.21916145834,true
audio,180243194699041,1000000000,180243.22427375,true
video,180243239419125,1000000000,180243.23614579168,true
audio,180243214699041,1000000000,180243.24562125,true
video,180243256085583,1000000000,180243.25370108333,true
audio,180243234699041,1000000000,180243.26699520834,true
video,180243272752166,1000000000,180243.27057158336,true
video,180243289418875,1000000000,180243.28740829168,true
audio,180243254699041,1000000000,180243.28821475,true
video,180243306085500,1000000000,180243.30509258335,true
audio,180243274699041,1000000000,180243.30960970835,true
video,180243322752000,1000000000,180243.32234604168,true
audio,180243294699041,1000000000,180243.33095825,true
video,180243339418583,1000000000,180243.33955833333,true
audio,180243314699041,1000000000,180243.35230158333,true
video,180243356085291,1000000000,180243.35659520834,true
video,180243372751791,1000000000,180243.37290654168,true
audio,180243334699041,1000000000,180243.37350087502,true
video,180243397751708,1000000000,180243.39285858333,true
audio,180243354699000,1000000000,180243.39493316668,true
video,180243414418291,1000000000,180243.410574375,true
audio,180243374699041,1000000000,180243.41628875,true
video,180243431085000,1000000000,180243.42799995834,true
audio,180243394699041,1000000000,180243.43762,true
video,180243447751500,1000000000,180243.445562375,true
audio,180243414699000,1000000000,180243.45889529167,true
video,180243464418083,1000000000,180243.46331658334,true
video,180243481084708,1000000000,180243.48013745833,true
audio,180243434699041,1000000000,180243.48023783334,true
audio,180243454699041,1000000000,180243.480297875,true
video,180243497751333,1000000000,180243.49750175,true
audio,180243474699041,1000000000,180243.50166645835,true
video,180243514417916,1000000000,180243.51465362502,true
audio,180243494699041,1000000000,180243.52292929168,true
video,180243531084500,1000000000,180243.531414,true
audio,180243514699041,1000000000,180243.54434154168,true
video,180243547751208,1000000000,180243.5489940417,true
audio,180243534699041,1000000000,180243.565616,true
video,180243564417875,1000000000,180243.56625208334,true
video,180243589417583,1000000000,180243.58377533333,true
audio,180243554699041,1000000000,180243.58687258334,true
video,180243606084291,1000000000,180243.60068629167,true
audio,180243574699000,1000000000,180243.60829520834,true
video,180243622750833,1000000000,180243.61846729167,true
audio,180243594699041,1000000000,180243.62956925,true
audio,180243614699041,1000000000,180243.65094858335,true
video,180243647750708,1000000000,180243.65348358333,true
video,180243664417333,1000000000,180243.67010191668,true
audio,180243634699000,1000000000,180243.67226854168,true
video,180243681083916,1000000000,180243.68798179168,true
audio,180243654699041,1000000000,180243.69363545833,true
video,180243697750500,1000000000,180243.70466166668,true
audio,180243674699041,1000000000,180243.714965625,true
video,180243722750333,1000000000,180243.72190191667,true
audio,180243694699041,1000000000,180243.73627020835,true
video,180243739417125,1000000000,180243.73954487502,true
video,180243756083625,1000000000,180243.75640241668,true
audio,180243714699041,1000000000,180243.75754391667,true
video,180243772750208,1000000000,180243.77309358335,true
audio,180243734699041,1000000000,180243.77889295833,true
video,180243789416916,1000000000,180243.78980683335,true
audio,180243754699041,1000000000,180243.80027562502,true
video,180243814416833,1000000000,180243.810215125,true
audio,180243774699041,1000000000,180243.821579375,true
video,180243831083458,1000000000,180243.82781575,true
audio,180243794699041,1000000000,180243.84298725,true
audio,180243814699041,1000000000,180243.84302620834,true
video,180243847749916,1000000000,180243.84559933335,true
video,180243864416666,1000000000,180243.86247420835,true
audio,180243834699041,1000000000,180243.86425604168,true
video,180243881083125,1000000000,180243.879939875,true
audio,180243854699000,1000000000,180243.88560562502,true
video,180243897749750,1000000000,180243.897624625,true
audio,180243874699041,1000000000,180243.9069125417,true
video,180243914416458,1000000000,180243.91439216668,true
audio,180243894699041,1000000000,180243.92831491667,true
video,180243931083083,1000000000,180243.93109441668,true
video,180243939416416,1000000000,180243.9481765,true
audio,180243914699000,1000000000,180243.94958133335,true
video,180243964416083,1000000000,180243.96473675,true
audio,180243934699041,1000000000,180243.97089320834,true
video,180243989416041,1000000000,180243.98628583335,true
audio,180243954699041,1000000000,180243.992258125,true
video,180244006082750,1000000000,180244.00396262502,true
audio,180243974699041,1000000000,180244.01362504167,true
video,180244022749250,1000000000,180244.021981125,true
audio,180243994699041,1000000000,180244.03496025002,true
video,180244039415833,1000000000,180244.03896108334,true
video,180244056082458,1000000000,180244.05633491668,true
audio,180244014699041,1000000000,180244.05639408334,true
video,180244081082375,1000000000,180244.07725333335,true
audio,180244034699041,1000000000,180244.07761375,true
video,180244097748958,1000000000,180244.094079125,true
audio,180244054699041,1000000000,180244.09894066668,true
video,180244114415583,1000000000,180244.111234,true
audio,180244074699000,1000000000,180244.12025291668,true
video,180244131082166,1000000000,180244.12809966668,true
audio,180244094699041,1000000000,180244.14157654168,true
video,180244147748750,1000000000,180244.14537795834,true
video,180244164415375,1000000000,180244.162649125,true
audio,180244114699041,1000000000,180244.16290245834,true
audio,180244134699000,1000000000,180244.1629516667,true
video,180244181082083,1000000000,180244.17944825,true
audio,180244154699041,1000000000,180244.18425870835,true
video,180244197748708,1000000000,180244.19663054167,true
audio,180244174699041,1000000000,180244.20564425,true
video,180244214415125,1000000000,180244.213849875,true
audio,180244194699041,1000000000,180244.22695866667,true
video,180244231081833,1000000000,180244.23095183333,true
video,180244247748333,1000000000,180244.248062625,true
audio,180244214699041,1000000000,180244.248204125,true
video,180244264415041,1000000000,180244.2646139167,true
audio,180244234699041,1000000000,180244.26959170835,true
video,180244281081541,1000000000,180244.28123208333,true
audio,180244254699041,1000000000,180244.29093433334,true
video,180244306081541,1000000000,180244.30139516667,true
audio,180244274699041,1000000000,180244.3122935,true
video,180244322748166,1000000000,180244.31927237503,true
audio,180244294699041,1000000000,180244.33362787502,true
video,180244339414666,1000000000,180244.33689937502,true
video,180244356081375,1000000000,180244.35390066667,true
audio,180244314699041,1000000000,180244.354942875,true
video,180244372748000,1000000000,180244.37091704167,true
audio,180244334699041,1000000000,180244.376364375,true
video,180244389414458,1000000000,180244.38763279168,true
audio,180244354699000,1000000000,180244.39758362502,true
video,180244406081083,1000000000,180244.40550337502,true
audio,180244374699041,1000000000,180244.41896112502,true
video,180244422747666,1000000000,180244.42276966668,true
video,180244439414291,1000000000,180244.43960620835,true
audio,180244394699041,1000000000,180244.44020075002,true
video,180244456081000,1000000000,180244.45646862502,true
audio,180244414699000,1000000000,180244.46160537502,true
video,180244481080875,1000000000,180244.47670879168,true
audio,180244434699041,1000000000,180244.482954875,true
audio,180244454699041,1000000000,180244.48299658333,true
video,180244497747375,1000000000,180244.49430045835,true
audio,180244474699041,1000000000,180244.50425004167,true
video,180244514413958,1000000000,180244.5115292917,true
audio,180244494699041,1000000000,180244.52561204167,true
video,180244522747375,1000000000,180244.52929795833,true
video,180244539413916,1000000000,180244.54639375,true
audio,180244514699041,1000000000,180244.54691650002,true
video,180244556080500,1000000000,180244.5639421667,true
audio,180244534699041,1000000000,180244.568305875,true
video,180244572747083,1000000000,180244.5813625,true
audio,180244554699041,1000000000,180244.58955620835,true
video,180244589413708,1000000000,180244.59799095834,true
audio,180244574699000,1000000000,180244.61097645835,true
video,180244606080458,1000000000,180244.61572133334,true
audio,180244594699041,1000000000,180244.63223800002,true
video,180244631080166,1000000000,180244.6334296667,true
video,180244647746791,1000000000,180244.65124691668,true
audio,180244614699041,1000000000,180244.65359420836,true
video,180244664413416,1000000000,180244.66884258334,true
audio,180244634699000,1000000000,180244.67498854166,true
video,180244681080041,1000000000,180244.6865651667,true
audio,180244654699041,1000000000,180244.69628583334,true
video,180244697746625,1000000000,180244.70408700002,true
audio,180244674699041,1000000000,180244.71762904167,true
video,180244722746458,1000000000,180244.720887125,true
video,180244739413125,1000000000,180244.73816537502,true
audio,180244694699041,1000000000,180244.73887004168,true
video,180244756079708,1000000000,180244.755159875,true
audio,180244714699041,1000000000,180244.76029383336,true
video,180244772746250,1000000000,180244.7723081667,true
audio,180244734699041,1000000000,180244.781571375,true
video,180244789413000,1000000000,180244.78992283336,true
audio,180244754699041,1000000000,180244.80289591668,true
video,180244814412916,1000000000,180244.81097216668,true
audio,180244774699041,1000000000,180244.82429791667,true
video,180244831079500,1000000000,180244.82799050002,true
video,180244847746125,1000000000,180244.84477733335,true
audio,180244794699041,1000000000,180244.84555079168,true
audio,180244814699041,1000000000,180244.84558220833,true
video,180244864412625,1000000000,180244.86269100002,true
audio,180244834699041,1000000000,180244.86700666667,true
video,180244881079208,1000000000,180244.87972333335,true
audio,180244854699000,1000000000,180244.88828333333,true
video,180244897745916,1000000000,180244.89713654167,true
audio,180244874699041,1000000000,180244.90960691668,true
video,180244914412416,1000000000,180244.91377829167,true
video,180244931079125,1000000000,180244.930609375,true
audio,180244894699041,1000000000,180244.930927125,true
video,180244947745625,1000000000,180244.94786508335,true
audio,180244914699000,1000000000,180244.95228058335,true
video,180244972745500,1000000000,180244.96820070833,true
audio,180244934699041,1000000000,180244.9736022917,true
video,180244989412125,1000000000,180244.98619233334,true
audio,180244954699041,1000000000,180244.99491679168,true
video,180245006078833,1000000000,180245.00398154167,true
audio,180244974699041,1000000000,180245.01632166668,true
video,180245022745291,1000000000,180245.0215345,true
audio,180244994699041,1000000000,180245.03763204167,true
video,180245039412041,1000000000,180245.03829608334,true
video,180245056078625,1000000000,180245.055092875,true
audio,180245014699041,1000000000,180245.05899050002,true
video,180245072745125,1000000000,180245.07299412502,true
audio,180245034699041,1000000000,180245.08025995834,true
video,180245089411708,1000000000,180245.089698125,true
audio,180245054699041,1000000000,180245.1015645417,true
video,180245106078458,1000000000,180245.1062825,true
video,180245122744958,1000000000,180245.12296395833,true
audio,180245074699000,1000000000,180245.123018125,true
video,180245147744958,1000000000,180245.14307079167,true
audio,180245094699041,1000000000,180245.144286625,true
video,180245164411458,1000000000,180245.15977125,true
audio,180245114699041,1000000000,180245.16562091667,true
audio,180245134699000,1000000000,180245.16567191668,true
video,180245181078166,1000000000,180245.17747016667,true
audio,180245154699041,1000000000,180245.18696908336,true
video,180245197744666,1000000000,180245.19463133335,true
audio,180245174699041,1000000000,180245.20828041667,true
video,180245214411375,1000000000,180245.21238870834,true
video,180245231077958,1000000000,180245.22912250002,true
audio,180245194699041,1000000000,180245.22959937502,true
video,180245247744458,1000000000,180245.24619354168,true
audio,180245214699041,1000000000,180245.2510185417,true
video,180245264411041,1000000000,180245.26330466667,true
audio,180245234699041,1000000000,180245.272261,true
video,180245281077750,1000000000,180245.28012045834,true
audio,180245254699041,1000000000,180245.29357154167,true
video,180245297744208,1000000000,180245.297800375,true
video,180245314410833,1000000000,180245.31461758335,true
audio,180245274699041,1000000000,180245.31492545834,true
video,180245339410708,1000000000,180245.33434287502,true
audio,180245294699041,1000000000,180245.33626008334,true
video,180245356077416,1000000000,180245.35097820836,true
audio,180245314699041,1000000000,180245.35761383333,true
video,180245372744041,1000000000,180245.368832125,true
audio,180245334699041,1000000000,180245.37894625,true
video,180245389410541,1000000000,180245.386479,true
audio,180245354699000,1000000000,180245.400277375,true
video,180245406077250,1000000000,180245.40336337502,true
video,180245422743708,1000000000,180245.42088658334,true
audio,180245374699041,1000000000,180245.42162904167,true
video,180245439410375,1000000000,180245.43834037503,true
audio,180245394699041,1000000000,180245.44293108335,true
video,180245456076958,1000000000,180245.4550761667,true
audio,180245414699000,1000000000,180245.46421470834,true
video,180245472743541,1000000000,180245.473131625,true
audio,180245434699041,1000000000,180245.485576625,true
audio,180245454699041,1000000000,180245.4856107917,true
video,180245497743458,1000000000,180245.49276470835,true
audio,180245474699041,1000000000,180245.50699337502,true
video,180245514410041,1000000000,180245.51061845836,true
video,180245522743333,1000000000,180245.52754562502,true
audio,180245494699041,1000000000,180245.52821466667,true
video,180245539410083,1000000000,180245.54497804167,true
audio,180245514699041,1000000000,180245.54961795834,true
video,180245556076583,1000000000,180245.56217908335,true
audio,180245534699041,1000000000,180245.57087745835,true
video,180245572743166,1000000000,180245.57902958334,true
audio,180245554699041,1000000000,180245.59220066667,true
video,180245589409750,1000000000,180245.59574812502,true
video,180245606076375,1000000000,180245.6125562917,true
audio,180245574699000,1000000000,180245.61352708333,true
video,180245622742958,1000000000,180245.62926591668,true
audio,180245594699041,1000000000,180245.63491362502,true
video,180245639409708,1000000000,180245.64688725,true
audio,180245614699041,1000000000,180245.6562252917,true
video,180245656076208,1000000000,180245.66355208334,true
audio,180245634699000,1000000000,180245.67757645834,true
video,180245672742833,1000000000,180245.6804725,true
video,180245689409375,1000000000,180245.69791320834,true
audio,180245654699041,1000000000,180245.69886275003,true
video,180245714409250,1000000000,180245.71489316667,true
audio,180245674699041,1000000000,180245.72021337503,true
audio,180245694699041,1000000000,180245.730931875,true
video,180245731076000,1000000000,180245.73139958334,true
audio,180245714699041,1000000000,180245.75231858334,true
video,180245756075791,1000000000,180245.75388058333,true
video,180245772742375,1000000000,180245.7712912917,true
audio,180245734699041,1000000000,180245.77353162502,true
video,180245789409000,1000000000,180245.7882881667,true
audio,180245754699041,1000000000,180245.79494695834,true
video,180245806075750,1000000000,180245.806025625,true
audio,180245774699041,1000000000,180245.81630975002,true
video,180245822742208,1000000000,180245.822968875,true
audio,180245794699041,1000000000,180245.83758633333,true
audio,180245814699041,1000000000,180245.83762095834,true
video,180245847742041,1000000000,180245.84249862502,true
audio,180245834699041,1000000000,180245.85897625002,true
video,180245864408791,1000000000,180245.86010058335,true
video,180245881075250,1000000000,180245.876993,true
audio,180245854699000,1000000000,180245.88030066667,true
video,180245897741875,1000000000,180245.89370841667,true
audio,180245874699041,1000000000,180245.9016525,true
video,180245914408500,1000000000,180245.91043104167,true
audio,180245894699041,1000000000,180245.9228725,true
video,180245931075083,1000000000,180245.92832741668,true
audio,180245914699000,1000000000,180245.94427354168,true
video,180245947741833,1000000000,180245.9450239167,true
video,180245964408291,1000000000,180245.96258216669,true
audio,180245934699041,1000000000,180245.96566225,true
video,180245981075000,1000000000,180245.97961954167,true
audio,180245954699041,1000000000,180245.98703345834,true
video,180245997741500,1000000000,180245.99651395835,true
audio,180245974699041,1000000000,180246.00824145833,true
video,180246014408083,1000000000,180246.013638875,true
audio,180245994699041,1000000000,180246.02962575,true
video,180246031074791,1000000000,180246.03136783335,true
video,180246047741291,1000000000,180246.04790741668,true
audio,180246014699041,1000000000,180246.05095133334,true
video,180246064408041,1000000000,180246.06459379167,true
audio,180246034699041,1000000000,180246.07232445834,true
video,180246089407791,1000000000,180246.08455020835,true
audio,180246054699041,1000000000,180246.09359683335,true
video,180246106074500,1000000000,180246.101654125,true
audio,180246074699000,1000000000,180246.11487354166,true
video,180246122741000,1000000000,180246.119113625,true
video,180246139407583,1000000000,180246.13624775002,true
audio,180246094699041,1000000000,180246.13630025001,true
video,180246156074333,1000000000,180246.15369366668,true
audio,180246114699041,1000000000,180246.1576075,true
audio,180246134699000,1000000000,180246.15765654168,true
video,180246172740833,1000000000,180246.17077091668,true
audio,180246154699041,1000000000,180246.17892333335,true
video,180246189407416,1000000000,180246.18766133333,true
audio,180246174699041,1000000000,180246.20031137503,true
video,180246206074166,1000000000,180246.20485375,true
audio,180246194699041,1000000000,180246.221639125,true
video,180246222740625,1000000000,180246.221981125,true
video,180246239407250,1000000000,180246.23977320833,true
audio,180246214699041,1000000000,180246.24305387502,true
video,180246256073958,1000000000,180246.25623458336,true
audio,180246234699041,1000000000,180246.26427683333,true
video,180246281073833,1000000000,180246.27606670835,true
audio,180246254699041,1000000000,180246.285607875,true
video,180246297740333,1000000000,180246.29423316667,true
audio,180246274699041,1000000000,180246.30692612502,true
video,180246314407041,1000000000,180246.31124775,true
audio,180246294699041,1000000000,180246.3282681667,true
video,180246331073541,1000000000,180246.32908145833,true
video,180246347740125,1000000000,180246.34603504167,true
audio,180246314699041,1000000000,180246.34955825002,true
video,180246364406750,1000000000,180246.36309304167,true
audio,180246334699041,1000000000,180246.37092625,true
video,180246381073291,1000000000,180246.38062437502,true
audio,180246354699000,1000000000,180246.392273,true
video,180246397740000,1000000000,180246.39747008335,true
audio,180246374699041,1000000000,180246.41359166667,true
video,180246414406541,1000000000,180246.414385125,true
video,180246431073125,1000000000,180246.43131266668,true
audio,180246394699041,1000000000,180246.43493625,true
video,180246447739833,1000000000,180246.44819637501,true
audio,180246414699000,1000000000,180246.45624091668,true
video,180246464406416,1000000000,180246.464650625,true
audio,180246434699041,1000000000,180246.47758704168,true
audio,180246454699041,1000000000,180246.477632625,true
video,180246489406250,1000000000,180246.484784,true
audio,180246474699041,1000000000,180246.49892829166,true
video,180246506072833,1000000000,180246.5026309167,true
video,180246522739416,1000000000,180246.51943170835,true
audio,180246494699041,1000000000,180246.52020829168,true
video,180246539406041,1000000000,180246.53618183333,true
audio,180246514699041,1000000000,180246.54159425,true
video,180246556072625,1000000000,180246.553109875,true
audio,180246534699041,1000000000,180246.56290529168,true
video,180246572739250,1000000000,180246.57095895836,true
audio,180246554699041,1000000000,180246.58422075002,true
video,180246589405833,1000000000,180246.58761266668,true
video,180246606072458,1000000000,180246.60534904167,true
audio,180246574699000,1000000000,180246.60549325,true
video,180246622739041,1000000000,180246.62209883335,true
audio,180246594699041,1000000000,180246.62686516668,true
video,180246639405625,1000000000,180246.63985741668,true
audio,180246614699041,1000000000,180246.64823075,true
video,180246656072250,1000000000,180246.6565997917,true
audio,180246634699000,1000000000,180246.66955595833,true
video,180246672738833,1000000000,180246.673986125,true
audio,180246654699041,1000000000,180246.69088595835,true
video,180246689405458,1000000000,180246.692473,true
video,180246714405291,1000000000,180246.70938058334,true
audio,180246674699041,1000000000,180246.71220741668,true
video,180246731072041,1000000000,180246.72828758333,true
audio,180246694699041,1000000000,180246.73353483336,true
video,180246747738583,1000000000,180246.74571979168,true
audio,180246714699041,1000000000,180246.75493341667,true
video,180246764405166,1000000000,180246.76362079167,true
audio,180246734699041,1000000000,180246.77629129167,true
video,180246781071916,1000000000,180246.78119345836,true
audio,180246754699041,1000000000,180246.79766525002,true
video,180246797738500,1000000000,180246.79786812502,true
video,180246822738375,1000000000,180246.81838104167,true
audio,180246774699041,1000000000,180246.81885483334,true
video,180246839404875,1000000000,180246.836293125,true
audio,180246794699041,1000000000,180246.840239125,true
audio,180246814699041,1000000000,180246.8402770417,true
video,180246856071583,1000000000,180246.85367254168,true
audio,180246834699041,1000000000,180246.86167191667,true
video,180246872738083,1000000000,180246.87075408336,true
audio,180246854699000,1000000000,180246.88299916667,true
video,180246889404708,1000000000,180246.888538125,true
audio,180246874699041,1000000000,180246.90426729168,true
video,180246906071375,1000000000,180246.90521766667,true
video,180246922737875,1000000000,180246.92286483335,true
audio,180246894699041,1000000000,180246.925564,true
video,180246939404458,1000000000,180246.93964091668,true
audio,180246914699000,1000000000,180246.94686170833,true
video,180246964404458,1000000000,180246.95923008333,true
audio,180246934699041,1000000000,180246.96832500002,true
video,180246981071041,1000000000,180246.97687054166,true
audio,180246954699041,1000000000,180246.98960808336,true
video,180246997737583,1000000000,180246.99378645833,true
audio,180246974699041,1000000000,180247.010886125,true
video,180247014404166,1000000000,180247.01102754168,true
video,180247031070791,1000000000,180247.02843566667,true
audio,180246994699041,1000000000,180247.03224608334,true
video,180247047737375,1000000000,180247.04511216667,true
audio,180247014699041,1000000000,180247.05366175002,true
video,180247064403958,1000000000,180247.06184383333,true
audio,180247034699041,1000000000,180247.07499625,true
video,180247081070583,1000000000,180247.079563,true
audio,180247054699041,1000000000,180247.0963771667,true
video,180247097737166,1000000000,180247.0976345,true
video,180247114403791,1000000000,180247.11447250002,true
audio,180247074699000,1000000000,180247.11762408333,true
video,180247131070375,1000000000,180247.13124516667,true
audio,180247094699041,1000000000,180247.13890670834,true
video,180247147736958,1000000000,180247.148051375,true
audio,180247114699041,1000000000,180247.16030983336,true
audio,180247134699000,1000000000,180247.16035583333,true
video,180247164403583,1000000000,180247.16477158334,true
audio,180247154699041,1000000000,180247.18166950002,true
video,180247189403458,1000000000,180247.18470275,true
video,180247206070083,1000000000,180247.20236558333,true
audio,180247174699041,1000000000,180247.202980875,true
video,180247222736791,1000000000,180247.219312,true
audio,180247194699041,1000000000,180247.22425604166,true
video,180247239403291,1000000000,180247.2358937917,true
audio,180247214699041,1000000000,180247.24567754168,true
video,180247256070000,1000000000,180247.252691375,true
audio,180247234699041,1000000000,180247.266967125,true
video,180247272736500,1000000000,180247.2695025,true
video,180247289403125,1000000000,180247.287389,true
audio,180247254699041,1000000000,180247.2881962917,true
video,180247306069708,1000000000,180247.30394758334,true
audio,180247274699041,1000000000,180247.3095544167,true
video,180247322736416,1000000000,180247.321471125,true
audio,180247294699041,1000000000,180247.33092612503,true
video,180247339402916,1000000000,180247.33831504168,true
audio,180247314699041,1000000000,180247.35226575,true
video,180247356069625,1000000000,180247.35581325,true
video,180247372736250,1000000000,180247.37265279167,true
audio,180247334699041,1000000000,180247.37353908335,true
video,180247389402833,1000000000,180247.38958787502,true
audio,180247354699000,1000000000,180247.39493295836,true
video,180247414402625,1000000000,180247.40909870833,true
audio,180247374699041,1000000000,180247.416237625,true
video,180247431069208,1000000000,180247.42601645834,true
audio,180247394699041,1000000000,180247.43761433335,true
video,180247447735916,1000000000,180247.44387837502,true
audio,180247414699000,1000000000,180247.45893133336,true
video,180247464402375,1000000000,180247.46179433336,true
video,180247481069083,1000000000,180247.47849329168,true
audio,180247434699041,1000000000,180247.48029058333,true
audio,180247454699041,1000000000,180247.48033179168,true
video,180247497735583,1000000000,180247.49625291667,true
audio,180247474699041,1000000000,180247.50169045833,true
video,180247514402291,1000000000,180247.5136350417,true
audio,180247494699041,1000000000,180247.52291829168,true
video,180247522735500,1000000000,180247.530922625,true
audio,180247514699041,1000000000,180247.54428508334,true
video,180247539402250,1000000000,180247.54773233333,true
video,180247564402000,1000000000,180247.564763375,true
audio,180247534699041,1000000000,180247.56555520833,true
video,180247581068625,1000000000,180247.58190120835,true
audio,180247554699041,1000000000,180247.58697375,true
video,180247597735208,1000000000,180247.59921870835,true
audio,180247574699000,1000000000,180247.60831850002,true
video,180247614401833,1000000000,180247.61695270834,true
audio,180247594699041,1000000000,180247.62953020833,true
video,180247631068416,1000000000,180247.6343391667,true
audio,180247614699041,1000000000,180247.65085262503,true
video,180247647735000,1000000000,180247.65191820834,true
video,180247664401625,1000000000,180247.669964,true
audio,180247634699000,1000000000,180247.67222504166,true
video,180247681068208,1000000000,180247.68667687502,true
audio,180247654699041,1000000000,180247.69356441667,true
video,180247697734791,1000000000,180247.704873,true
audio,180247674699041,1000000000,180247.714891375,true
video,180247722734666,1000000000,180247.72157445835,true
audio,180247694699041,1000000000,180247.73621595834,true
video,180247739401333,1000000000,180247.73873812502,true
video,180247756068041,1000000000,180247.75578208335,true
audio,180247714699041,1000000000,180247.75758179167,true
video,180247772734625,1000000000,180247.77311620835,true
audio,180247734699041,1000000000,180247.778930375,true
video,180247797734458,1000000000,180247.79471800002,true
audio,180247754699041,1000000000,180247.80038783335,true
video,180247814401041,1000000000,180247.81166820833,true
audio,180247774699041,1000000000,180247.82157295835,true
video,180247831067750,1000000000,180247.8284857917,true
audio,180247794699041,1000000000,180247.84292904168,true
audio,180247814699041,1000000000,180247.84297608334,true
video,180247847734250,1000000000,180247.84591629167,true
video,180247864400875,1000000000,180247.86310941668,true
audio,180247834699041,1000000000,180247.86424750002,true
video,180247881067583,1000000000,180247.8799135417,true
audio,180247854699000,1000000000,180247.88560545834,true
video,180247897734041,1000000000,180247.89771645833,true
audio,180247874699041,1000000000,180247.90696570833,true
video,180247914400666,1000000000,180247.91455016666,true
audio,180247894699041,1000000000,180247.928273,true
video,180247939400541,1000000000,180247.93394275,true
audio,180247914699000,1000000000,180247.94955729166,true
video,180247956067250,1000000000,180247.95078283333,true
video,180247972733750,1000000000,180247.96780316668,true
audio,180247934699041,1000000000,180247.97096195834,true
video,180247989400375,1000000000,180247.98564987502,true
audio,180247954699041,1000000000,180247.9922844167,true
video,180248006066916,1000000000,180248.00257975,true
audio,180247974699041,1000000000,180248.01362970835,true
video,180248022733500,1000000000,180248.02056283335,true
audio,180247994699041,1000000000,180248.03493754167,true
video,180248039400250,1000000000,180248.0376081667,true
video,180248056066750,1000000000,180248.054788375,true
audio,180248014699041,1000000000,180248.05623533335,true
video,180248072733333,1000000000,180248.07257604168,true
audio,180248034699041,1000000000,180248.07764220834,true
video,180248089399916,1000000000,180248.08975579168,true
audio,180248054699041,1000000000,180248.09896679167,true
video,180248114399875,1000000000,180248.10904820834,true
audio,180248074699000,1000000000,180248.12022608335,true
video,180248131066458,1000000000,180248.12585887502,true
audio,180248094699041,1000000000,180248.14161958333,true
video,180248147733041,1000000000,180248.14395704167,true
video,180248164399666,1000000000,180248.16165870836,true
audio,180248114699041,1000000000,180248.16292316667,true
audio,180248134699000,1000000000,180248.16297995835,true
video,180248181066250,1000000000,180248.17844375002,true
audio,180248154699041,1000000000,180248.18433154168,true
video,180248197732958,1000000000,180248.19645045834,true
audio,180248174699041,1000000000,180248.20553929167,true
video,180248214399458,1000000000,180248.21346408335,true
audio,180248194699041,1000000000,180248.2269384167,true
video,180248231066083,1000000000,180248.23040054168,true
video,180248247732791,1000000000,180248.24753108335,true
audio,180248214699041,1000000000,180248.24824125002,true
video,180248264399250,1000000000,180248.26455791667,true
audio,180248234699041,1000000000,180248.26976970833,true
video,180248281065958,1000000000,180248.28129154167,true
audio,180248254699041,1000000000,180248.29092216666,true
video,180248306065750,1000000000,180248.30250220833,true
audio,180248274699041,1000000000,180248.31226970835,true
video,180248322732375,1000000000,180248.31927783333,true
audio,180248294699041,1000000000,180248.33357100002,true
video,180248339399000,1000000000,180248.3362986667,true
video,180248356065666,1000000000,180248.35366841668,true
audio,180248314699041,1000000000,180248.35495887502,true
video,180248372732291,1000000000,180248.37056083334,true
audio,180248334699041,1000000000,180248.3763015417,true
video,180248389398791,1000000000,180248.38806675002,true
audio,180248354699000,1000000000,180248.39759154167,true
video,180248406065500,1000000000,180248.405563375,true
audio,180248374699041,1000000000,180248.41899195834,true
video,180248422732000,1000000000,180248.42278058335,true
video,180248439398583,1000000000,180248.43970775002,true
audio,180248394699041,1000000000,180248.44016958334,true
video,180248464398500,1000000000,180248.46035225,true
audio,180248414699000,1000000000,180248.46151833335,true
video,180248481065208,1000000000,180248.478108,true
audio,180248434699041,1000000000,180248.48297179167,true
audio,180248454699041,1000000000,180248.48300958335,true
video,180248497731708,1000000000,180248.49561816666,true
audio,180248474699041,1000000000,180248.50433029167,true
video,180248514398416,1000000000,180248.51258208335,true
audio,180248494699041,1000000000,180248.52557516668,true
video,180248531065000,1000000000,180248.52938350002,true
video,180248547731500,1000000000,180248.54626566666,true
audio,180248514699041,1000000000,180248.54686175002,true
video,180248564398083,1000000000,180248.56387433334,true
audio,180248534699041,1000000000,180248.56829379167,true
video,180248581064791,1000000000,180248.58063625,true
audio,180248554699041,1000000000,180248.58967908335,true
video,180248597731250,1000000000,180248.59788933335,true
audio,180248574699000,1000000000,180248.61101158336,true
video,180248614397875,1000000000,180248.61466329166,true
audio,180248594699041,1000000000,180248.632243625,true
video,180248639397875,1000000000,180248.63456566667,true
video,180248656064500,1000000000,180248.65342420834,true
audio,180248614699041,1000000000,180248.65351808333,true
video,180248672731000,1000000000,180248.67052800002,true
audio,180248634699000,1000000000,180248.67492750002,true
video,180248689397583,1000000000,180248.68720112502,true
audio,180248654699041,1000000000,180248.69628716668,true
video,180248706064333,1000000000,180248.70468670834,true
audio,180248674699041,1000000000,180248.71756575,true
video,180248722730791,1000000000,180248.7220155,true
video,180248739397416,1000000000,180248.73876170834,true
audio,180248694699041,1000000000,180248.73891208335,true
video,180248756064000,1000000000,180248.75645154167,true
audio,180248714699041,1000000000,180248.76025520836,true
video,180248772730583,1000000000,180248.7730682917,true
audio,180248734699041,1000000000,180248.781536875,true
video,180248797730500,1000000000,180248.79343420835,true
audio,180248754699041,1000000000,180248.80298200002,true
video,180248814397083,1000000000,180248.811319375,true
audio,180248774699041,1000000000,180248.82425658335,true
video,180248831063833,1000000000,180248.82831958335,true
video,180248847730291,1000000000,180248.84565833333,true
audio,180248794699041,1000000000,180248.84571666666,true
audio,180248814699041,1000000000,180248.84572941667,true
video,180248864396916,1000000000,180248.863653875,true
audio,180248834699041,1000000000,180248.86685895835,true
video,180248881063541,1000000000,180248.8805195,true
audio,180248854699000,1000000000,180248.88828416666,true
video,180248897730208,1000000000,180248.89799300002,true
audio,180248874699041,1000000000,180248.90958516666,true
video,180248922730041,1000000000,180248.91807487502,true
audio,180248894699041,1000000000,180248.93108116667,true
video,180248939396625,1000000000,180248.93483445834,true
audio,180248914699000,1000000000,180248.95222925002,true
video,180248956063333,1000000000,180248.95312508335,true
video,180248972729833,1000000000,180248.97018370836,true
audio,180248934699041,1000000000,180248.97358875,true
video,180248989396458,1000000000,180248.98702679167,true
audio,180248954699041,1000000000,180248.99492720835,true
video,180249006063041,1000000000,180249.00438425,true
audio,180248974699041,1000000000,180249.01626016668,true
video,180249022729625,1000000000,180249.02167579168,true
audio,180248994699041,1000000000,180249.03768600003,true
video,180249039396250,1000000000,180249.03862587502,true
video,180249056062833,1000000000,180249.05584887502,true
audio,180249014699041,1000000000,180249.05897695833,true
video,180249072729416,1000000000,180249.07270525,true
audio,180249034699041,1000000000,180249.08026437502,true
video,180249089396041,1000000000,180249.08981420833,true
audio,180249054699041,1000000000,180249.10159375,true
video,180249114395916,1000000000,180249.10996145834,true
audio,180249074699000,1000000000,180249.12298670833,true
video,180249131062500,1000000000,180249.12780233336,true
audio,180249094699041,1000000000,180249.14427275,true
video,180249147729083,1000000000,180249.14532520834,true
video,180249164395708,1000000000,180249.16255125002,true
audio,180249114699041,1000000000,180249.16563179166,true
audio,180249134699000,1000000000,180249.16568308335,true
video,180249181062291,1000000000,180249.180506875,true
audio,180249154699041,1000000000,180249.18692366668,true
video,180249197728875,1000000000,180249.19801345834,true
audio,180249174699041,1000000000,180249.20823866667,true
video,180249222728833,1000000000,180249.21785208335,true
audio,180249194699041,1000000000,180249.22959345835,true
video,180249239395416,1000000000,180249.23612566668,true
audio,180249214699041,1000000000,180249.25096020833,true
video,180249256062000,1000000000,180249.25369691668,true
video,180249272728583,1000000000,180249.27123941667,true
audio,180249234699041,1000000000,180249.2722545,true
video,180249289395250,1000000000,180249.28826483333,true
audio,180249254699041,1000000000,180249.29362595835,true
video,180249306061833,1000000000,180249.30473370836,true
audio,180249274699041,1000000000,180249.31488779167,true
video,180249322728416,1000000000,180249.32197833335,true
audio,180249294699041,1000000000,180249.33624970834,true
video,180249339395041,1000000000,180249.33947558334,true
video,180249356061625,1000000000,180249.356813875,true
audio,180249314699041,1000000000,180249.35754366667,true
video,180249381061541,1000000000,180249.37587308334,true
audio,180249334699041,1000000000,180249.37896016668,true
video,180249397728125,1000000000,180249.393618,true
audio,180249354699000,1000000000,180249.4003275417,true
video,180249414394750,1000000000,180249.41069095835,true
audio,180249374699041,1000000000,180249.42159233335,true
video,180249431061333,1000000000,180249.42710779168,true
audio,180249394699041,1000000000,180249.44295779167,true
video,180249447727916,1000000000,180249.44395675,true
video,180249464394541,1000000000,180249.461042,true
audio,180249414699000,1000000000,180249.46419725002,true
video,180249481061125,1000000000,180249.47861400002,true
audio,180249434699041,1000000000,180249.48565491667,true
audio,180249454699041,1000000000,180249.48570295834,true
video,180249497727750,1000000000,180249.495556125,true
audio,180249474699041,1000000000,180249.506961625,true
video,180249514394333,1000000000,180249.51245266668,true
audio,180249494699041,1000000000,180249.528303875,true
video,180249539394375,1000000000,180249.546780375,true
audio,180249514699041,1000000000,180249.54964116667,true
video,180249556060833,1000000000,180249.56395420834,true
audio,180249534699041,1000000000,180249.57091125002,true
video,180249572727458,1000000000,180249.580843,true
audio,180249554699041,1000000000,180249.59225195835,true
video,180249589394083,1000000000,180249.59807950002,true
audio,180249574699000,1000000000,180249.61369345835,true
video,180249622727291,1000000000,180249.61699375,true
audio,180249594699041,1000000000,180249.634939,true
video,180249647727083,1000000000,180249.65148004168,true
audio,180249614699041,1000000000,180249.65627237502,true
video,180249664393750,1000000000,180249.668392875,true
audio,180249634699000,1000000000,180249.67764579167,true
video,180249681060333,1000000000,180249.68655854167,true
audio,180249654699041,1000000000,180249.69897504168,true
video,180249697726916,1000000000,180249.703252875,true
video,180249722726791,1000000000,180249.72032854168,true
audio,180249674699041,1000000000,180249.7204031667,true
audio,180249694699041,1000000000,180249.73086850002,true
video,180249739393416,1000000000,180249.73766483334,true
audio,180249714699041,1000000000,180249.75227366667,true
video,180249756060041,1000000000,180249.75554604168,true
video,180249772726625,1000000000,180249.77322995834,true
audio,180249734699041,1000000000,180249.77355045834,true
