type,pts_value,pts_timescale,host_seconds,appended
video,180761828750875,1000000000,180761.84070270834,true
video,180761837084166,1000000000,180761.84473933335,true
audio,180761831158083,1000000000,180761.8550036667,true
video,180761862084083,1000000000,180761.86088395835,true
audio,180761851158083,1000000000,180761.87411766668,true
video,180761878750666,1000000000,180761.87788420834,true
video,180761895417250,1000000000,180761.89542129167,true
audio,180761871158083,1000000000,180761.89554129168,true
video,180761912083875,1000000000,180761.91226008334,true
audio,180761891158083,1000000000,180761.91670020836,true
video,180761937083750,1000000000,180761.93221304167,true
audio,180761911158083,1000000000,180761.93796775,true
video,180761953750375,1000000000,180761.95025454168,true
audio,180761931158083,1000000000,180761.95939825,true
video,180761970416958,1000000000,180761.96808445835,true
audio,180761951158083,1000000000,180761.98075033334,true
video,180761987083541,1000000000,180761.98574858333,true
audio,180761971158083,1000000000,180762.00209454168,true
video,180762003750125,1000000000,180762.00261516668,true
video,180762020416666,1000000000,180762.01979545836,true
audio,180761991158083,1000000000,180762.023388125,true
video,180762037083291,1000000000,180762.03715045835,true
audio,180762011158041,1000000000,180762.04471258333,true
video,180762053749875,1000000000,180762.05383904168,true
audio,180762031158083,1000000000,180762.06605208333,true
video,180762078749791,1000000000,180762.07314508336,true
audio,180762051158083,1000000000,180762.087356375,true
video,180762095416375,1000000000,180762.09179675,true
audio,180762071158041,1000000000,180762.10873308335,true
video,180762112083000,1000000000,180762.1097045,true
video,180762128749583,1000000000,180762.12705708336,true
audio,180762091158083,1000000000,180762.13006816668,true
video,180762145416166,1000000000,180762.14421458336,true
audio,180762111158083,1000000000,180762.1513937917,true
audio,180762131158083,1000000000,180762.15143933333,true
video,180762162082791,1000000000,180762.16143933334,true
audio,180762151158083,1000000000,180762.172765875,true
video,180762178749375,1000000000,180762.17869662502,true
audio,180762171158083,1000000000,180762.19403175,true
video,180762195415916,1000000000,180762.19553870836,true
video,180762220415875,1000000000,180762.21493945835,true
audio,180762191158083,1000000000,180762.21528200002,true
video,180762237082458,1000000000,180762.23344641668,true
audio,180762211158083,1000000000,180762.23670200002,true
video,180762253749041,1000000000,180762.2501925417,true
audio,180762231158083,1000000000,180762.25804925,true
video,180762270415625,1000000000,180762.268040625,true
audio,180762251158083,1000000000,180762.27939220835,true
video,180762287082250,1000000000,180762.28608445835,true
audio,180762271158083,1000000000,180762.30074791668,true
video,180762303748833,1000000000,180762.30274420834,true
video,180762320415458,1000000000,180762.3199702917,true
audio,180762291158041,1000000000,180762.32199729167,true
video,180762337082000,1000000000,180762.3371315,true
audio,180762311158083,1000000000,180762.3433315417,true
video,180762353748625,1000000000,180762.35415779168,true
audio,180762331158083,1000000000,180762.3647050417,true
video,180762378748500,1000000000,180762.37476370836,true
audio,180762351158083,1000000000,180762.38610250002,true
video,180762395415083,1000000000,180762.391712375,true
audio,180762371158083,1000000000,180762.40740445835,true
video,180762412081708,1000000000,180762.40856462502,true
video,180762428748291,1000000000,180762.42521175,true
audio,180762391158083,1000000000,180762.4286994167,true
video,180762445414875,1000000000,180762.4428985,true
audio,180762411158083,1000000000,180762.45008283335,true
video,180762462081458,1000000000,180762.460644625,true
audio,180762431158083,1000000000,180762.47141891668,true
audio,180762451158083,1000000000,180762.471452375,true
video,180762478748083,1000000000,180762.47821391668,true
audio,180762471158083,1000000000,180762.49272995835,true
video,180762495414708,1000000000,180762.49502125,true
video,180762512081250,1000000000,180762.51259441668,true
audio,180762491158083,1000000000,180762.51399562502,true
video,180762537081166,1000000000,180762.53084050003,true
audio,180762511158041,1000000000,180762.53539279167,true
audio,180762531158083,1000000000,180762.55669275002,true
video,180762570414250,1000000000,180762.56466912501,true
audio,180762551158083,1000000000,180762.578040625,true
audio,180762571158041,1000000000,180762.59934775002,true
audio,180762591158083,1000000000,180762.62067583334,true
audio,180762611158083,1000000000,180762.6420465,true
audio,180762631158083,1000000000,180762.663368625,true
audio,180762651158083,1000000000,180762.68469362502,true
audio,180762671158083,1000000000,180762.70610116667,true
video,180762712080166,1000000000,180762.70723083333,true
video,180762728747000,1000000000,180762.72584733335,true
audio,180762691158083,1000000000,180762.72730016668,true
video,180762737080291,1000000000,180762.74330287502,true
audio,180762711158083,1000000000,180762.748706125,true
video,180762762080125,1000000000,180762.76039533335,true
audio,180762731158083,1000000000,180762.77009225002,true
video,180762778746791,1000000000,180762.77765587502,true
audio,180762751158083,1000000000,180762.79140783334,true
audio,180762771158083,1000000000,180762.79145566668,true
video,180762795413375,1000000000,180762.7945565,true
video,180762812079958,1000000000,180762.81185650002,true
audio,180762791158041,1000000000,180762.81266116668,true
video,180762828746583,1000000000,180762.82906591668,true
video,180762845413125,1000000000,180762.84580604167,true
audio,180762811158083,1000000000,180762.85542166667,true
video,180762870413083,1000000000,180762.86563604168,true
audio,180762831158083,1000000000,180762.87681270833,true
video,180762887079625,1000000000,180762.88270041667,true
audio,180762851158083,1000000000,180762.89804533334,true
video,180762903746250,1000000000,180762.9005335417,true
video,180762920412833,1000000000,180762.91811041668,true
audio,180762871158083,1000000000,180762.9193155417,true
video,180762937079416,1000000000,180762.93502941667,true
audio,180762891158083,1000000000,180762.9407424167,true
video,180762953746041,1000000000,180762.95237191668,true
audio,180762911158083,1000000000,180762.96205687503,true
audio,180762931158083,1000000000,180762.96209504167,true
video,180762970412583,1000000000,180762.96914583334,true
audio,180762951158083,1000000000,180762.98341895835,true
video,180762987079208,1000000000,180762.98653245834,true
video,180763003745791,1000000000,180763.00357120833,true
audio,180762971158083,1000000000,180763.00470908335,true
video,180763020412375,1000000000,180763.02046279167,true
audio,180762991158083,1000000000,180763.02605670833,true
video,180763037079000,1000000000,180763.03730841668,true
audio,180763011158041,1000000000,180763.04740841666,true
video,180763053745583,1000000000,180763.054133625,true
audio,180763031158083,1000000000,180763.06881316667,true
video,180763078745500,1000000000,180763.07423066668,true
audio,180763051158083,1000000000,180763.09007020833,true
video,180763095412083,1000000000,180763.09096687502,true
video,180763112078666,1000000000,180763.10873266667,true
audio,180763071158041,1000000000,180763.11135245833,true
video,180763128745250,1000000000,180763.1266109167,true
audio,180763091158083,1000000000,180763.13274329167,true
video,180763145411791,1000000000,180763.14322395835,true
audio,180763111158083,1000000000,180763.15403083334,true
video,180763162078416,1000000000,180763.160951375,true
audio,180763131158083,1000000000,180763.17539195836,true
video,180763178745000,1000000000,180763.1777385,true
video,180763195411583,1000000000,180763.194858125,true
audio,180763151158083,1000000000,180763.19667583334,true
video,180763212078208,1000000000,180763.2123185417,true
audio,180763171158083,1000000000,180763.21809683336,true
video,180763228744833,1000000000,180763.22919433334,true
audio,180763191158083,1000000000,180763.23939070833,true
video,180763253744708,1000000000,180763.24881166668,true
audio,180763211158083,1000000000,180763.2607150417,true
video,180763270411291,1000000000,180763.265710375,true
audio,180763231158083,1000000000,180763.28205162502,true
audio,180763251158083,1000000000,180763.28214687502,true
video,180763287077958,1000000000,180763.28238812502,true
video,180763303744500,1000000000,180763.3003016667,true
audio,180763271158083,1000000000,180763.303388625,true
video,180763320411083,1000000000,180763.31817345833,true
audio,180763291158041,1000000000,180763.32476320834,true
video,180763337077708,1000000000,180763.33520308335,true
audio,180763311158083,1000000000,180763.346074875,true
video,180763353744291,1000000000,180763.35180720835,true
audio,180763331158083,1000000000,180763.367410625,true
video,180763370410875,1000000000,180763.36907504167,true
video,180763387077458,1000000000,180763.3859775,true
audio,180763351158083,1000000000,180763.38868225002,true
video,180763403744083,1000000000,180763.40367662502,true
audio,180763371158083,1000000000,180763.41010120834,true
video,180763420410666,1000000000,180763.42062795834,true
audio,180763391158083,1000000000,180763.43140633334,true
video,180763437077250,1000000000,180763.43729525,true
audio,180763411158083,1000000000,180763.45275287502,true
video,180763462077166,1000000000,180763.45726195833,true
audio,180763431158083,1000000000,180763.4741754167,true
video,180763478743750,1000000000,180763.47434445834,true
video,180763495410333,1000000000,180763.49189562502,true
audio,180763451158083,1000000000,180763.49535033334,true
video,180763512076916,1000000000,180763.5085289167,true
audio,180763471158083,1000000000,180763.5166816667,true
video,180763528743541,1000000000,180763.5253767917,true
audio,180763491158083,1000000000,180763.5380167917,true
video,180763545410125,1000000000,180763.542197625,true
audio,180763511158041,1000000000,180763.5594320417,true
video,180763562076708,1000000000,180763.56009704169,true
video,180763578743333,1000000000,180763.57733383335,true
audio,180763531158083,1000000000,180763.58075975,true
video,180763595409916,1000000000,180763.59476583335,true
audio,180763551158083,1000000000,180763.60206650003,true
audio,180763571158041,1000000000,180763.60209104168,true
video,180763603743250,1000000000,180763.61224566668,true
audio,180763591158083,1000000000,180763.62338345835,true
video,180763628743083,1000000000,180763.62902491668,true
audio,180763611158083,1000000000,180763.64469645833,true
video,180763645409625,1000000000,180763.6466156667,true
video,180763670409500,1000000000,180763.66460062502,true
audio,180763631158083,1000000000,180763.66596575,true
video,180763687076125,1000000000,180763.68260570834,true
audio,180763651158083,1000000000,180763.68734225002,true
video,180763703742750,1000000000,180763.69984866667,true
audio,180763671158083,1000000000,180763.70877870836,true
video,180763720409375,1000000000,180763.716901625,true
audio,180763691158083,1000000000,180763.73003583335,true
video,180763737075958,1000000000,180763.734486625,true
audio,180763711158083,1000000000,180763.75141366667,true
video,180763753742541,1000000000,180763.75156575002,true
video,180763770409125,1000000000,180763.76919058335,true
audio,180763731158083,1000000000,180763.772908125,true
video,180763787075750,1000000000,180763.78629350002,true
audio,180763751158083,1000000000,180763.79405791668,true
video,180763803742375,1000000000,180763.803919625,true
audio,180763771158083,1000000000,180763.81538458334,true
video,180763820408958,1000000000,180763.82058987502,true
audio,180763791158041,1000000000,180763.83675858335,true
video,180763845408833,1000000000,180763.8407320417,true
audio,180763811158083,1000000000,180763.8474915,true
video,180763862075458,1000000000,180763.85864000002,true
audio,180763831158083,1000000000,180763.86877195834,true
video,180763878742000,1000000000,180763.8757472917,true
audio,180763851158083,1000000000,180763.89013633336,true
video,180763895408583,1000000000,180763.89283916669,true
video,180763912075208,1000000000,180763.9108155,true
audio,180763871158083,1000000000,180763.9113375,true
video,180763928741791,1000000000,180763.92791083336,true
audio,180763891158083,1000000000,180763.932748875,true
video,180763945408375,1000000000,180763.94561625,true
audio,180763911158083,1000000000,180763.9540052917,true
audio,180763931158083,1000000000,180763.95404487502,true
video,180763970408291,1000000000,180763.96562179166,true
audio,180763951158083,1000000000,180763.9753794167,true
video,180763987074875,1000000000,180763.98342920834,true
audio,180763971158083,1000000000,180763.99671508334,true
video,180764003741458,1000000000,180764.00026045836,true
video,180764020408041,1000000000,180764.01773816667,true
audio,180763991158083,1000000000,180764.01800137502,true
video,180764037074666,1000000000,180764.0351200417,true
audio,180764011158041,1000000000,180764.03938708335,true
video,180764053741250,1000000000,180764.05215729168,true
audio,180764031158083,1000000000,180764.06068183333,true
video,180764070407833,1000000000,180764.06948983335,true
audio,180764051158083,1000000000,180764.08203870835,true
video,180764087074458,1000000000,180764.08637354168,true
video,180764103741041,1000000000,180764.10316416668,true
audio,180764071158041,1000000000,180764.10330762502,true
video,180764120407708,1000000000,180764.12032616668,true
audio,180764091158083,1000000000,180764.12472933336,true
video,180764137074250,1000000000,180764.136864,true
audio,180764111158083,1000000000,180764.146041125,true
video,180764153740833,1000000000,180764.153847125,true
audio,180764131158083,1000000000,180764.16737170835,true
video,180764170407416,1000000000,180764.17065037502,true
audio,180764151158083,1000000000,180764.18868295834,true
video,180764195407291,1000000000,180764.19049845834,true
video,180764212073875,1000000000,180764.20737525,true
audio,180764171158083,1000000000,180764.21003054167,true
video,180764228740458,1000000000,180764.224154375,true
audio,180764191158083,1000000000,180764.231406125,true
video,180764245407083,1000000000,180764.24077616667,true
audio,180764211158083,1000000000,180764.2527647917,true
video,180764262073666,1000000000,180764.25876066668,true
audio,180764231158083,1000000000,180764.27405033333,true
audio,180764251158083,1000000000,180764.27410625,true
video,180764278740333,1000000000,180764.27639358334,true
video,180764295406875,1000000000,180764.29329266667,true
audio,180764271158083,1000000000,180764.2954,true
video,180764312073458,1000000000,180764.31112295834,true
audio,180764291158041,1000000000,180764.31674520834,true
video,180764328740041,1000000000,180764.32844291668,true
audio,180764311158083,1000000000,180764.33804545834,true
video,180764345406625,1000000000,180764.34521645834,true
audio,180764331158083,1000000000,180764.35941029168,true
video,180764362073208,1000000000,180764.36229079167,true
audio,180764351158083,1000000000,180764.38073204167,true
video,180764387073166,1000000000,180764.38247533335,true
video,180764403739750,1000000000,180764.40018358335,true
audio,180764371158083,1000000000,180764.40200366668,true
video,180764420406333,1000000000,180764.41694395835,true
audio,180764391158083,1000000000,180764.4234055,true
video,180764437072916,1000000000,180764.433971875,true
audio,180764411158083,1000000000,180764.44472870833,true
video,180764453739583,1000000000,180764.45100279167,true
audio,180764431158083,1000000000,180764.46603845834,true
video,180764470406125,1000000000,180764.46824395834,true
video,180764487072708,1000000000,180764.485489,true
audio,180764451158083,1000000000,180764.48734870835,true
video,180764503739291,1000000000,180764.50249495835,true
audio,180764471158083,1000000000,180764.508764375,true
video,180764520405875,1000000000,180764.52014258335,true
audio,180764491158083,1000000000,180764.53004100002,true
video,180764537072500,1000000000,180764.53714020835,true
audio,180764511158041,1000000000,180764.55136058334,true
video,180764553739083,1000000000,180764.55412075002,true
audio,180764531158083,1000000000,180764.57279591667,true
video,180764578739000,1000000000,180764.57429050002,true
video,180764595405583,1000000000,180764.59142154167,true
audio,180764551158083,1000000000,180764.59402175,true
audio,180764571158041,1000000000,180764.59406,true
video,180764603738875,1000000000,180764.6091281667,true
audio,180764591158083,1000000000,180764.6153694167,true
video,180764628738708,1000000000,180764.62588583335,true
audio,180764611158083,1000000000,180764.63668095836,true
video,180764645405333,1000000000,180764.64369520833,true
audio,180764631158083,1000000000,180764.65803233333,true
video,180764662071958,1000000000,180764.66055495833,true
video,180764678738541,1000000000,180764.67773029167,true
audio,180764651158083,1000000000,180764.67936875002,true
video,180764687071833,1000000000,180764.69575358334,true
audio,180764671158083,1000000000,180764.70075750002,true
video,180764712071708,1000000000,180764.71241191667,true
audio,180764691158083,1000000000,180764.72204341667,true
video,180764728738333,1000000000,180764.72911866667,true
audio,180764711158083,1000000000,180764.74335675,true
video,180764753738208,1000000000,180764.75056179168,true
audio,180764731158083,1000000000,180764.76471191668,true
video,180764770404791,1000000000,180764.76746191666,true
video,180764787071416,1000000000,180764.784848125,true
audio,180764751158083,1000000000,180764.7860099167,true
video,180764803737958,1000000000,180764.80252066668,true
audio,180764771158083,1000000000,180764.80741004169,true
video,180764820404541,1000000000,180764.81929429166,true
audio,180764791158041,1000000000,180764.8287445,true
video,180764837071166,1000000000,180764.83649558335,true
audio,180764811158083,1000000000,180764.85004725002,true
video,180764853737750,1000000000,180764.85354558335,true
video,180764870404333,1000000000,180764.870701625,true
audio,180764831158083,1000000000,180764.87131625,true
video,180764887070958,1000000000,180764.88723904168,true
audio,180764851158083,1000000000,180764.89267058336,true
video,180764912070916,1000000000,180764.90730541668,true
audio,180764871158083,1000000000,180764.914008625,true
video,180764928737458,1000000000,180764.92397533334,true
audio,180764891158083,1000000000,180764.93536287503,true
video,180764945404083,1000000000,180764.94084645834,true
audio,180764911158083,1000000000,180764.95671004168,true
audio,180764931158083,1000000000,180764.95675220835,true
video,180764962070666,1000000000,180764.9583515,true
video,180764978737250,1000000000,180764.97535516668,true
audio,180764951158083,1000000000,180764.978005,true
video,180764995403833,1000000000,180764.99301004168,true
audio,180764971158083,1000000000,180764.99940533334,true
video,180765012070416,1000000000,180765.00988854168,true
audio,180764991158083,1000000000,180765.02075854168,true
video,180765028737041,1000000000,180765.02782216668,true
audio,180765011158041,1000000000,180765.0420405,true
video,180765045403625,1000000000,180765.04555091666,true
video,180765062070208,1000000000,180765.06224404168,true
audio,180765031158083,1000000000,180765.06338633335,true
video,180765078736833,1000000000,180765.079001375,true
audio,180765051158083,1000000000,180765.08472025002,true
video,180765103736750,1000000000,180765.09894458335,true
audio,180765071158041,1000000000,180765.1060465,true
video,180765120403291,1000000000,180765.11560108335,true
audio,180765091158083,1000000000,180765.12738333334,true
video,180765137069875,1000000000,180765.13253662502,true
audio,180765111158083,1000000000,180765.14871958335,true
video,180765153736500,1000000000,180765.15017291668,true
video,180765170403083,1000000000,180765.16699470836,true
audio,180765131158083,1000000000,180765.16998845834,true
video,180765187069708,1000000000,180765.18485437502,true
audio,180765151158083,1000000000,180765.19146733335,true
video,180765203736291,1000000000,180765.20143845835,true
audio,180765171158083,1000000000,180765.2128161667,true
video,180765220402875,1000000000,180765.21921091666,true
audio,180765191158083,1000000000,180765.23406075002,true
video,180765237069458,1000000000,180765.23609075,true
video,180765253736083,1000000000,180765.25356308333,true
audio,180765211158083,1000000000,180765.255371,true
video,180765270402666,1000000000,180765.270173375,true
audio,180765231158083,1000000000,180765.27673970835,true
audio,180765251158083,1000000000,180765.276768,true
video,180765287069250,1000000000,180765.28755375,true
audio,180765271158083,1000000000,180765.298091875,true
video,180765312069125,1000000000,180765.307524625,true
audio,180765291158041,1000000000,180765.31944195833,true
video,180765328735791,1000000000,180765.3251296667,true
audio,180765311158083,1000000000,180765.34077529167,true
video,180765345402333,1000000000,180765.34209983333,true
video,180765362068916,1000000000,180765.35910683335,true
audio,180765331158083,1000000000,180765.36207404168,true
video,180765378735541,1000000000,180765.37664233334,true
audio,180765351158083,1000000000,180765.38334729167,true
video,180765395402083,1000000000,180765.3945670417,true
audio,180765371158083,1000000000,180765.40473333336,true
video,180765412068750,1000000000,180765.41121804167,true
audio,180765391158083,1000000000,180765.42608429168,true
video,180765428735291,1000000000,180765.42800208335,true
video,180765445401875,1000000000,180765.44504120835,true
audio,180765411158083,1000000000,180765.44740933334,true
video,180765462068500,1000000000,180765.46175825002,true
audio,180765431158083,1000000000,180765.46868204168,true
video,180765478735083,1000000000,180765.47895041667,true
audio,180765451158083,1000000000,180765.49007145833,true
video,180765503735000,1000000000,180765.49917879168,true
audio,180765471158083,1000000000,180765.51139883333,true
video,180765520401541,1000000000,180765.51588425002,true
audio,180765491158083,1000000000,180765.532779,true
video,180765537068166,1000000000,180765.5337399167,true
video,180765553734750,1000000000,180765.55089054166,true
audio,180765511158041,1000000000,180765.554031625,true
video,180765570401375,1000000000,180765.56848850002,true
audio,180765531158083,1000000000,180765.57539141667,true
video,180765587067958,1000000000,180765.58542545835,true
audio,180765551158083,1000000000,180765.59675679167,true
audio,180765571158041,1000000000,180765.59679629168,true
video,180765603734583,1000000000,180765.60306412503,true
audio,180765591158083,1000000000,180765.61806962502,true
video,180765620401166,1000000000,180765.62084054167,true
video,180765637067750,1000000000,180765.63725108333,true
audio,180765611158083,1000000000,180765.63934454168,true
video,180765653734375,1000000000,180765.654098625,true
audio,180765631158083,1000000000,180765.66074812502,true
video,180765670400958,1000000000,180765.6708521667,true
audio,180765651158083,1000000000,180765.6820245,true
video,180765695400833,1000000000,180765.69084054168,true
audio,180765671158083,1000000000,180765.70346762502,true
video,180765712067458,1000000000,180765.7086882917,true
audio,180765691158083,1000000000,180765.72484666668,true
video,180765728734041,1000000000,180765.72547708335,true
video,180765745400625,1000000000,180765.74314645835,true
audio,180765711158083,1000000000,180765.74611695835,true
video,180765762067208,1000000000,180765.76099933335,true
audio,180765731158083,1000000000,180765.76745033334,true
video,180765778733833,1000000000,180765.77875637502,true
audio,180765751158083,1000000000,180765.7887275417,true
video,180765795400416,1000000000,180765.79553641667,true
audio,180765771158083,1000000000,180765.81008275002,true
video,180765812067000,1000000000,180765.81225487503,true
audio,180765791158041,1000000000,180765.83137470833,true
video,180765837066875,1000000000,180765.8326249167,true
video,180765853733458,1000000000,180765.85029704167,true
audio,180765811158083,1000000000,180765.85273504167,true
video,180765870400041,1000000000,180765.8680915417,true
audio,180765831158083,1000000000,180765.874014625,true
video,180765887066666,1000000000,180765.88553275002,true
audio,180765851158083,1000000000,180765.89534175,true
video,180765903733250,1000000000,180765.902600875,true
audio,180765871158083,1000000000,180765.916735125,true
video,180765920399833,1000000000,180765.920136625,true
video,180765937066458,1000000000,180765.93728445834,true
audio,180765891158083,1000000000,180765.93801058334,true
video,180765962066333,1000000000,180765.957283125,true
audio,180765911158083,1000000000,180765.9593685417,true
audio,180765931158083,1000000000,180765.95940762502,true
video,180765978732916,1000000000,180765.9758607917,true
audio,180765951158083,1000000000,180765.98075091667,true
video,180765995399500,1000000000,180765.992895625,true
audio,180765971158083,1000000000,180766.00211195834,true
video,180766012066166,1000000000,180766.0099205417,true
audio,180765991158083,1000000000,180766.0233775,true
video,180766028732750,1000000000,180766.026679375,true
video,180766045399333,1000000000,180766.04462354167,true
audio,180766011158041,1000000000,180766.04468145836,true
video,180766062065916,1000000000,180766.06236025,true
audio,180766031158083,1000000000,180766.0660559167,true
video,180766087065875,1000000000,180766.08256595835,true
audio,180766051158083,1000000000,180766.08740508335,true
video,180766103732416,1000000000,180766.10055741668,true
audio,180766071158041,1000000000,180766.10869925,true
video,180766120398958,1000000000,180766.11773866668,true
audio,180766091158083,1000000000,180766.13004800002,true
video,180766137065583,1000000000,180766.13471787501,true
audio,180766111158083,1000000000,180766.151380625,true
video,180766153732208,1000000000,180766.15171016668,true
video,180766170398833,1000000000,180766.16882829167,true
audio,180766131158083,1000000000,180766.17272583334,true
video,180766187065375,1000000000,180766.1860989167,true
audio,180766151158083,1000000000,180766.1941026667,true
video,180766203732000,1000000000,180766.20326579167,true
audio,180766171158083,1000000000,180766.2153879167,true
video,180766220398583,1000000000,180766.22038520835,true
audio,180766191158083,1000000000,180766.2366962917,true
video,180766237065166,1000000000,180766.23723304167,true
video,180766253731833,1000000000,180766.25390316668,true
audio,180766211158083,1000000000,180766.25809483335,true
video,180766270398375,1000000000,180766.27068391666,true
audio,180766231158083,1000000000,180766.27941833335,true
audio,180766251158083,1000000000,180766.27946495835,true
video,180766287064958,1000000000,180766.28726858334,true
audio,180766271158083,1000000000,180766.30072054168,true
video,180766312064833,1000000000,180766.30706620833,true
audio,180766291158041,1000000000,180766.32203583335,true
video,180766328731458,1000000000,180766.32422720833,true
video,180766345398083,1000000000,180766.340888375,true
audio,180766311158083,1000000000,180766.34337525,true
video,180766362064625,1000000000,180766.35873579167,true
audio,180766331158083,1000000000,180766.36473158334,true
video,180766378731208,1000000000,180766.37648008333,true
audio,180766351158083,1000000000,180766.38606275,true
video,180766395397791,1000000000,180766.39416637502,true
audio,180766371158083,1000000000,180766.407364125,true
video,180766412064416,1000000000,180766.41148920835,true
video,180766428731000,1000000000,180766.4286804167,true
audio,180766391158083,1000000000,180766.42873491667,true
video,180766445397583,1000000000,180766.44549520835,true
audio,180766411158083,1000000000,180766.45005516667,true
video,180766462064208,1000000000,180766.462231,true
audio,180766431158083,1000000000,180766.47139070835,true
video,180766478730791,1000000000,180766.47915279167,true
audio,180766451158083,1000000000,180766.49271591668,true
video,180766495397416,1000000000,180766.49553108335,true
audio,180766471158083,1000000000,180766.51404708336,true
video,180766520397291,1000000000,180766.51566587502,true
video,180766528730583,1000000000,180766.53307016668,true
audio,180766491158083,1000000000,180766.5353449167,true
video,180766553730416,1000000000,180766.5497587917,true
audio,180766511158041,1000000000,180766.55667979168,true
video,180766570397041,1000000000,180766.56718854167,true
audio,180766531158083,1000000000,180766.57809929168,true
video,180766587063666,1000000000,180766.58402983335,true
audio,180766551158083,1000000000,180766.59939220836,true
audio,180766571158041,1000000000,180766.59943591667,true
video,180766603730250,1000000000,180766.60192812502,true
video,180766612063541,1000000000,180766.6198916667,true
audio,180766591158083,1000000000,180766.620651875,true
video,180766637063416,1000000000,180766.6368924167,true
audio,180766611158083,1000000000,180766.64207075,true
video,180766653730041,1000000000,180766.65402845835,true
audio,180766631158083,1000000000,180766.66338841667,true
video,180766678729916,1000000000,180766.6728475417,true
audio,180766651158083,1000000000,180766.68473587502,true
video,180766695396541,1000000000,180766.69123195834,true
audio,180766671158083,1000000000,180766.706095875,true
video,180766712063166,1000000000,180766.71033854168,true
audio,180766691158083,1000000000,180766.72740745835,true
video,180766728729750,1000000000,180766.72854120834,true
video,180766745396333,1000000000,180766.74578354167,true
audio,180766711158083,1000000000,180766.74867795836,true
video,180766762062916,1000000000,180766.76238495833,true
audio,180766731158083,1000000000,180766.77001279168,true
video,180766778729500,1000000000,180766.77912958333,true
audio,180766751158083,1000000000,180766.79142833335,true
video,180766803729416,1000000000,180766.79976941668,true
audio,180766771158083,1000000000,180766.81277158335,true
video,180766820396000,1000000000,180766.81697533335,true
audio,180766791158041,1000000000,180766.83408700002,true
video,180766837062625,1000000000,180766.83498808334,true
video,180766853729208,1000000000,180766.85242583335,true
audio,180766811158083,1000000000,180766.85540633334,true
video,180766870395833,1000000000,180766.870409875,true
audio,180766831158083,1000000000,180766.87682620835,true
video,180766887062416,1000000000,180766.88730858333,true
audio,180766851158083,1000000000,180766.89806962502,true
video,180766912062291,1000000000,180766.90734858334,true
audio,180766871158083,1000000000,180766.91942762502,true
video,180766928728875,1000000000,180766.925146625,true
audio,180766891158083,1000000000,180766.94078441669,true
video,180766945395416,1000000000,180766.94212870835,true
video,180766962062041,1000000000,180766.95960316667,true
audio,180766911158083,1000000000,180766.9620085,true
audio,180766931158083,1000000000,180766.962054375,true
video,180766978728625,1000000000,180766.97648995835,true
audio,180766951158083,1000000000,180766.98338454167,true
video,180766995395208,1000000000,180766.99432108333,true
audio,180766971158083,1000000000,180767.00474545834,true
video,180767012061833,1000000000,180767.01188725,true
audio,180766991158083,1000000000,180767.02609075,true
video,180767028728416,1000000000,180767.02882870834,true
video,180767045395083,1000000000,180767.04560050002,true
audio,180767011158041,1000000000,180767.04736920833,true
video,180767070394916,1000000000,180767.06546854167,true
audio,180767031158083,1000000000,180767.06872258335,true
video,180767087061583,1000000000,180767.08405416668,true
audio,180767051158083,1000000000,180767.09006191668,true
video,180767103728125,1000000000,180767.10097091668,true
audio,180767071158041,1000000000,180767.1113835,true
video,180767120394708,1000000000,180767.11829887502,true
audio,180767091158083,1000000000,180767.13271591667,true
video,180767137061333,1000000000,180767.13591841666,true
video,180767153727916,1000000000,180767.15359304167,true
audio,180767111158083,1000000000,180767.15395945834,true
video,180767170394500,1000000000,180767.17042941667,true
audio,180767131158083,1000000000,180767.175384125,true
video,180767187061083,1000000000,180767.18724458336,true
audio,180767151158083,1000000000,180767.19669695833,true
video,180767212061000,1000000000,180767.20708579168,true
audio,180767171158083,1000000000,180767.21807841668,true
video,180767228727583,1000000000,180767.22421400002,true
audio,180767191158083,1000000000,180767.23944508334,true
video,180767245394166,1000000000,180767.241814625,true
video,180767262060791,1000000000,180767.25864908335,true
audio,180767211158083,1000000000,180767.26072554168,true
video,180767278727375,1000000000,180767.27547808335,true
audio,180767231158083,1000000000,180767.28205583335,true
audio,180767251158083,1000000000,180767.28208,true
video,180767295394000,1000000000,180767.29258845834,true
audio,180767271158083,1000000000,180767.30342295836,true
video,180767312060583,1000000000,180767.31014783334,true
audio,180767291158041,1000000000,180767.32481416667,true
video,180767328727208,1000000000,180767.32718825,true
video,180767345393791,1000000000,180767.34383120833,true
audio,180767311158083,1000000000,180767.34605425003,true
video,180767362060375,1000000000,180767.3612039167,true
audio,180767331158083,1000000000,180767.36743466667,true
video,180767378727000,1000000000,180767.3781625,true
audio,180767351158083,1000000000,180767.38883170835,true
video,180767395393583,1000000000,180767.395372875,true
audio,180767371158083,1000000000,180767.41008683335,true
video,180767412060166,1000000000,180767.41223183335,true
audio,180767391158083,1000000000,180767.431378125,true
video,180767437060041,1000000000,180767.4323567917,true
video,180767453726625,1000000000,180767.45007033335,true
audio,180767411158083,1000000000,180767.45268429167,true
video,180767470393166,1000000000,180767.46728450002,true
audio,180767431158083,1000000000,180767.47405787502,true
video,180767487059791,1000000000,180767.48493308335,true
audio,180767451158083,1000000000,180767.49536670835,true
video,180767503726375,1000000000,180767.50197775,true
audio,180767471158083,1000000000,180767.51673054168,true
video,180767520393000,1000000000,180767.51985045834,true
video,180767537059583,1000000000,180767.537296875,true
audio,180767491158083,1000000000,180767.53798425,true
video,180767562059541,1000000000,180767.55834875,true
audio,180767511158041,1000000000,180767.55934325,true
video,180767578726125,1000000000,180767.57521550002,true
audio,180767531158083,1000000000,180767.58075670834,true
video,180767595392708,1000000000,180767.5927806667,true
audio,180767551158083,1000000000,180767.60209250002,true
audio,180767571158041,1000000000,180767.60213120835,true
video,180767603726000,1000000000,180767.60981141668,true
audio,180767591158083,1000000000,180767.623426,true
video,180767628725833,1000000000,180767.62684125002,true
video,180767645392500,1000000000,180767.64401470835,true
audio,180767611158083,1000000000,180767.644712125,true
video,180767662059083,1000000000,180767.66167495833,true
audio,180767631158083,1000000000,180767.66606966668,true
video,180767678725708,1000000000,180767.67917400002,true
audio,180767651158083,1000000000,180767.68737829168,true
video,180767687058958,1000000000,180767.69594162502,true
audio,180767671158083,1000000000,180767.70874408336,true
video,180767720392166,1000000000,180767.71778820833,true
audio,180767691158083,1000000000,180767.73003433333,true
video,180767737058791,1000000000,180767.734575125,true
audio,180767711158083,1000000000,180767.75134620833,true
video,180767753725375,1000000000,180767.75240758335,true
video,180767770391958,1000000000,180767.76911287502,true
audio,180767731158083,1000000000,180767.77275595834,true
video,180767787058541,1000000000,180767.78591895834,true
audio,180767751158083,1000000000,180767.794048375,true
video,180767803725166,1000000000,180767.80322920834,true
audio,180767771158083,1000000000,180767.81541833334,true
video,180767820391750,1000000000,180767.82055237502,true
audio,180767791158041,1000000000,180767.836721875,true
video,180767837058416,1000000000,180767.83729491668,true
audio,180767811158083,1000000000,180767.84739625,true
video,180767862058250,1000000000,180767.85699770835,true
audio,180767831158083,1000000000,180767.86873758334,true
video,180767878724875,1000000000,180767.87377058333,true
audio,180767851158083,1000000000,180767.89002120835,true
video,180767895391500,1000000000,180767.89248666668,true
video,180767912058041,1000000000,180767.90923766667,true
audio,180767871158083,1000000000,180767.91142025002,true
video,180767928724666,1000000000,180767.92682425,true
audio,180767891158083,1000000000,180767.93271720834,true
video,180767945391250,1000000000,180767.944322625,true
audio,180767911158083,1000000000,180767.95405029168,true
audio,180767931158083,1000000000,180767.9540932917,true
video,180767962057875,1000000000,180767.96223283335,true
audio,180767951158083,1000000000,180767.975463375,true
video,180767978724458,1000000000,180767.97887433335,true
video,180767995391000,1000000000,180767.99563158336,true
audio,180767971158083,1000000000,180767.99665512503,true
video,180768012057625,1000000000,180768.01233183334,true
audio,180767991158083,1000000000,180768.01804554168,true
video,180768037057500,1000000000,180768.03223291668,true
audio,180768011158041,1000000000,180768.03939058335,true
video,180768053724125,1000000000,180768.04907275,true
audio,180768031158083,1000000000,180768.06070358335,true
video,180768070390666,1000000000,180768.06579983333,true
audio,180768051158083,1000000000,180768.08208233333,true
video,180768087057291,1000000000,180768.08409595836,true
video,180768103723875,1000000000,180768.10151170834,true
audio,180768071158041,1000000000,180768.10333479167,true
video,180768120390458,1000000000,180768.119241125,true
audio,180768091158083,1000000000,180768.12474116668,true
video,180768137057125,1000000000,180768.13608779167,true
audio,180768111158083,1000000000,180768.14613225003,true
video,180768153723666,1000000000,180768.15393329167,true
audio,180768131158083,1000000000,180768.16742833334,true
video,180768178723583,1000000000,180768.17392883333,true
audio,180768151158083,1000000000,180768.18875120833,true
video,180768195390166,1000000000,180768.19243395835,true
video,180768212056791,1000000000,180768.209895,true
audio,180768171158083,1000000000,180768.20999258335,true
video,180768228723416,1000000000,180768.22700066667,true
audio,180768191158083,1000000000,180768.23142841668,true
video,180768245389958,1000000000,180768.24441791666,true
audio,180768211158083,1000000000,180768.25268345836,true
video,180768262056583,1000000000,180768.26199808336,true
audio,180768231158083,1000000000,180768.27411595834,true
audio,180768251158083,1000000000,180768.27416600002,true
video,180768278723166,1000000000,180768.27892879167,true
audio,180768271158083,1000000000,180768.29538258334,true
video,180768295389750,1000000000,180768.29571225002,true
video,180768312056375,1000000000,180768.31226954167,true
audio,180768291158041,1000000000,180768.31669316668,true
video,180768328722958,1000000000,180768.32895754167,true
audio,180768311158083,1000000000,180768.33807241666,true
video,180768353722833,1000000000,180768.34880204167,true
audio,180768331158083,1000000000,180768.35943087502,true
video,180768370389416,1000000000,180768.36559229167,true
audio,180768351158083,1000000000,180768.38071220834,true
video,180768387056041,1000000000,180768.38242808334,true
video,180768403722625,1000000000,180768.40107541668,true
audio,180768371158083,1000000000,180768.40203508333,true
video,180768420389208,1000000000,180768.4177555,true
audio,180768391158083,1000000000,180768.42340300002,true
video,180768437055833,1000000000,180768.43459766667,true
audio,180768411158083,1000000000,180768.44474195834,true
video,180768453722458,1000000000,180768.45148762502,true
audio,180768431158083,1000000000,180768.46605758334,true
video,180768470389041,1000000000,180768.46826533336,true
video,180768487055666,1000000000,180768.48547195835,true
audio,180768451158083,1000000000,180768.48735395834,true
video,180768503722250,1000000000,180768.50324616669,true
audio,180768471158083,1000000000,180768.50875045834,true
video,180768512055541,1000000000,180768.52060908335,true
audio,180768491158083,1000000000,180768.53003395835,true
video,180768545388666,1000000000,180768.53977858333,true
audio,180768511158041,1000000000,180768.5513871667,true
video,180768562055291,1000000000,180768.55748158335,true
audio,180768531158083,1000000000,180768.57278208336,true
video,180768578721916,1000000000,180768.57410466668,true
video,180768587055208,1000000000,180768.59126979168,true
audio,180768551158083,1000000000,180768.5940576667,true
audio,180768571158041,1000000000,180768.59410479167,true
video,180768612055041,1000000000,180768.60779308336,true
audio,180768591158083,1000000000,180768.61534333334,true
video,180768628721708,1000000000,180768.62530029166,true
audio,180768611158083,1000000000,180768.63673145833,true
video,180768645388291,1000000000,180768.642116875,true
audio,180768631158083,1000000000,180768.65801512502,true
video,180768662054875,1000000000,180768.65928091668,true
video,180768678721500,1000000000,180768.67614975,true
audio,180768651158083,1000000000,180768.6793415,true
video,180768695388083,1000000000,180768.693915375,true
audio,180768671158083,1000000000,180768.70069825,true
video,180768712054666,1000000000,180768.71110183335,true
audio,180768691158083,1000000000,180768.72205283336,true
video,180768728721250,1000000000,180768.72823925002,true
audio,180768711158083,1000000000,180768.74339012502,true
video,180768745387833,1000000000,180768.74529429167,true
video,180768762054500,1000000000,180768.76237758333,true
audio,180768731158083,1000000000,180768.76469129167,true
video,180768778721041,1000000000,180768.77913704168,true
audio,180768751158083,1000000000,180768.78605383335,true
video,180768803720958,1000000000,180768.79907850001,true
audio,180768771158083,1000000000,180768.80742779167,true
video,180768820387541,1000000000,180768.81572679168,true
audio,180768791158041,1000000000,180768.82868941667,true
video,180768837054166,1000000000,180768.83246158334,true
audio,180768811158083,1000000000,180768.85010158335,true
video,180768853720750,1000000000,180768.85052141667,true
video,180768870387333,1000000000,180768.868097125,true
audio,180768831158083,1000000000,180768.87139545835,true
video,180768887053958,1000000000,180768.88606695834,true
audio,180768851158083,1000000000,180768.89273412502,true
video,180768903720541,1000000000,180768.90310758335,true
audio,180768871158083,1000000000,180768.91406845834,true
video,180768920387125,1000000000,180768.92047008334,true
audio,180768891158083,1000000000,180768.93537700002,true
video,180768937053750,1000000000,180768.93721212502,true
video,180768953720333,1000000000,180768.95394741668,true
audio,180768911158083,1000000000,180768.95679416668,true
audio,180768931158083,1000000000,180768.95688104167,true
video,180768970386916,1000000000,180768.97057008336,true
audio,180768951158083,1000000000,180768.97800920834,true
video,180768987053500,1000000000,180768.9873614167,true
audio,180768971158083,1000000000,180768.99937695835,true
video,180769012053416,1000000000,180769.00737900002,true
audio,180768991158083,1000000000,180769.02067679167,true
video,180769028720083,1000000000,180769.02569975,true
audio,180769011158041,1000000000,180769.042055125,true
video,180769045386666,1000000000,180769.04290820836,true
video,180769062053208,1000000000,180769.06043062502,true
audio,180769031158083,1000000000,180769.06337675,true
video,180769078719791,1000000000,180769.07705720834,true
audio,180769051158083,1000000000,180769.084694875,true
video,180769095386375,1000000000,180769.09438645834,true
audio,180769071158041,1000000000,180769.10607625,true
video,180769112052958,1000000000,180769.11147,true
audio,180769091158083,1000000000,180769.12737687503,true
video,180769128719583,1000000000,180769.12858875,true
video,180769145386166,1000000000,180769.14565658334,true
audio,180769111158083,1000000000,180769.14872620834,true
video,180769162052750,1000000000,180769.16241804167,true
audio,180769131158083,1000000000,180769.170067125,true
video,180769187052666,1000000000,180769.18219029167,true
audio,180769151158083,1000000000,180769.19132858334,true
video,180769203719291,1000000000,180769.19909133334,true
audio,180769171158083,1000000000,180769.21274475002,true
video,180769220385875,1000000000,180769.21600779166,true
video,180769237052458,1000000000,180769.23381820833,true
audio,180769191158083,1000000000,180769.23395058335,true
video,180769253719125,1000000000,180769.25133283334,true
audio,180769211158083,1000000000,180769.25533787502,true
video,180769270385666,1000000000,180769.26853220834,true
audio,180769231158083,1000000000,180769.27677295834,true
audio,180769251158083,1000000000,180769.27680370834,true
video,180769287052250,1000000000,180769.28605345835,true
audio,180769271158083,1000000000,180769.29808508334,true
video,180769303718875,1000000000,180769.30323958336,true
audio,180769291158041,1000000000,180769.31938995834,true
video,180769320385458,1000000000,180769.31989991668,true
video,180769337052041,1000000000,180769.33726662502,true
audio,180769311158083,1000000000,180769.34069170835,true
video,180769353718625,1000000000,180769.35406954167,true
audio,180769331158083,1000000000,180769.3620025,true
video,180769370385208,1000000000,180769.37054979167,true
audio,180769351158083,1000000000,180769.38339020836,true
video,180769395385125,1000000000,180769.39042108334,true
audio,180769371158083,1000000000,180769.40472929168,true
video,180769412051708,1000000000,180769.4072985417,true
video,180769428718333,1000000000,180769.42399120834,true
audio,180769391158083,1000000000,180769.42602904167,true
video,180769445384958,1000000000,180769.440865,true
audio,180769411158083,1000000000,180769.44739620836,true
video,180769462051583,1000000000,180769.45831445834,true
audio,180769431158083,1000000000,180769.4687707917,true
video,180769478718125,1000000000,180769.476288,true
audio,180769451158083,1000000000,180769.49011125002,true
video,180769495384708,1000000000,180769.49329850002,true
video,180769512051375,1000000000,180769.51046366667,true
audio,180769471158083,1000000000,180769.51139029168,true
video,180769528717916,1000000000,180769.52745829168,true
audio,180769491158083,1000000000,180769.53270491667,true
video,180769537051250,1000000000,180769.5456882917,true
audio,180769511158041,1000000000,180769.55406904168,true
video,180769562051083,1000000000,180769.56243891668,true
audio,180769531158083,1000000000,180769.57536641668,true
video,180769578717708,1000000000,180769.57908891668,true
audio,180769551158083,1000000000,180769.596758375,true
audio,180769571158041,1000000000,180769.59681125,true
video,180769603717583,1000000000,180769.59785412502,true
video,180769620384166,1000000000,180769.616049625,true
audio,180769591158083,1000000000,180769.61802795835,true
video,180769637050833,1000000000,180769.633884,true
audio,180769611158083,1000000000,180769.639418,true
video,180769653717416,1000000000,180769.650763,true
audio,180769631158083,1000000000,180769.66073695835,true
video,180769662050666,1000000000,180769.66876633334,true
audio,180769651158083,1000000000,180769.68209229168,true
video,180769687050541,1000000000,180769.68575541666,true
audio,180769671158083,1000000000,180769.70338312502,true
video,180769703717166,1000000000,180769.70349691669,true
video,180769720383833,1000000000,180769.720665125,true
audio,180769691158083,1000000000,180769.72475533336,true
video,180769737050375,1000000000,180769.73725729168,true
audio,180769711158083,1000000000,180769.74601441668,true
video,180769753717041,1000000000,180769.7540032917,true
audio,180769731158083,1000000000,180769.767399875,true
video,180769770383583,1000000000,180769.77088520833,true
audio,180769751158083,1000000000,180769.78870204167,true
video,180769795383500,1000000000,180769.7904075,true
video,180769812050083,1000000000,180769.80708075,true
audio,180769771158083,1000000000,180769.81009050002,true
video,180769828716666,1000000000,180769.82406720833,true
audio,180769791158041,1000000000,180769.83142670835,true
video,180769845383250,1000000000,180769.8423950417,true
audio,180769811158083,1000000000,180769.85269958334,true
video,180769862049833,1000000000,180769.85998304168,true
audio,180769831158083,1000000000,180769.87405570835,true
video,180769878716458,1000000000,180769.8771190417,true
video,180769895383041,1000000000,180769.89439270835,true
audio,180769851158083,1000000000,180769.89537845834,true
video,180769912049625,1000000000,180769.912079875,true
audio,180769871158083,1000000000,180769.916692125,true
video,180769928716250,1000000000,180769.92898345835,true
audio,180769891158083,1000000000,180769.93815091669,true
video,180769945382833,1000000000,180769.94570658336,true
audio,180769911158083,1000000000,180769.95946554167,true
audio,180769931158083,1000000000,180769.959517,true
video,180769970382750,1000000000,180769.96537875,true
audio,180769951158083,1000000000,180769.98070091667,true
video,180769987049333,1000000000,180769.982395375,true
video,180770003715958,1000000000,180770.000332875,true
audio,180769971158083,1000000000,180770.00204000002,true
video,180770020382583,1000000000,180770.017249125,true
audio,180769991158083,1000000000,180770.02338262502,true
video,180770037049125,1000000000,180770.03478975,true
audio,180770011158041,1000000000,180770.04471795834,true
video,180770053715750,1000000000,180770.051813375,true
audio,180770031158083,1000000000,180770.06605508336,true
video,180770070382333,1000000000,180770.06941408335,true
audio,180770051158083,1000000000,180770.08737341667,true
video,180770087048916,1000000000,180770.08747783335,true
video,180770112048833,1000000000,180770.10766129167,true
audio,180770071158041,1000000000,180770.10862862502,true
video,180770128715458,1000000000,180770.125272625,true
audio,180770091158083,1000000000,180770.13008587502,true
video,180770145382041,1000000000,180770.142073375,true
audio,180770111158083,1000000000,180770.15136366666,true
video,180770162048583,1000000000,180770.15966512501,true
audio,180770131158083,1000000000,180770.1727215,true
video,180770178715208,1000000000,180770.17630825,true
video,180770195381791,1000000000,180770.19316470835,true
audio,180770151158083,1000000000,180770.19399033336,true
video,180770212048375,1000000000,180770.21050775002,true
audio,180770171158083,1000000000,180770.21543470834,true
video,180770228714958,1000000000,180770.22779945834,true
audio,180770191158083,1000000000,180770.236696875,true
video,180770245381541,1000000000,180770.24538966667,true
audio,180770211158083,1000000000,180770.25801458335,true
video,180770262048166,1000000000,180770.2623966667,true
audio,180770231158083,1000000000,180770.27934583335,true
audio,180770251158083,1000000000,180770.27939325,true
video,180770287048041,1000000000,180770.28208791668,true
video,180770303714708,1000000000,180770.29882370835,true
audio,180770271158083,1000000000,180770.30069270835,true
video,180770320381291,1000000000,180770.31676050002,true
audio,180770291158041,1000000000,180770.322048625,true
video,180770337047875,1000000000,180770.3344219167,true
audio,180770311158083,1000000000,180770.3434231667,true
video,180770353714500,1000000000,180770.35162925,true
audio,180770331158083,1000000000,180770.36471954169,true
video,180770370381041,1000000000,180770.368551875,true
video,180770387047666,1000000000,180770.38577362502,true
audio,180770351158083,1000000000,180770.38596108335,true
video,180770403714250,1000000000,180770.40316125,true
audio,180770371158083,1000000000,180770.40736441666,true
video,180770420380833,1000000000,180770.42003025,true
audio,180770391158083,1000000000,180770.428685625,true
video,180770437047458,1000000000,180770.43721237502,true
audio,180770411158083,1000000000,180770.45009254167,true
video,180770462047333,1000000000,180770.45723658334,true
audio,180770431158083,1000000000,180770.47141470836,true
video,180770478713958,1000000000,180770.47426433334,true
video,180770495380583,1000000000,180770.49169841668,true
audio,180770451158083,1000000000,180770.49267720836,true
video,180770512047166,1000000000,180770.50949233334,true
audio,180770471158083,1000000000,180770.51413170833,true
video,180770520380458,1000000000,180770.52660845834,true
audio,180770491158083,1000000000,180770.535406125,true
video,180770545380291,1000000000,180770.5435592917,true
audio,180770511158041,1000000000,180770.55679262502,true
video,180770562046958,1000000000,180770.5613435,true
audio,180770531158083,1000000000,180770.5780956667,true
video,180770578713541,1000000000,180770.578209625,true
video,180770595380166,1000000000,180770.59574104167,true
audio,180770551158083,1000000000,180770.59938404168,true
audio,180770571158041,1000000000,180770.59943195834,true
video,180770603713458,1000000000,180770.61245845834,true
audio,180770591158083,1000000000,180770.62070758335,true
video,180770637046666,1000000000,180770.63145925,true
audio,180770611158083,1000000000,180770.642032875,true
video,180770645379958,1000000000,180770.64865429167,true
audio,180770631158083,1000000000,180770.6633527917,true
video,180770670379791,1000000000,180770.66580166668,true
video,180770687046458,1000000000,180770.68278979167,true
audio,180770651158083,1000000000,180770.68471441668,true
video,180770703713000,1000000000,180770.69983783335,true
audio,180770671158083,1000000000,180770.70614379167,true
video,180770720379625,1000000000,180770.717684375,true
audio,180770691158083,1000000000,180770.72737383333,true
video,180770737046250,1000000000,180770.73468341667,true
audio,180770711158083,1000000000,180770.74877566667,true
video,180770753712833,1000000000,180770.75169045833,true
video,180770770379416,1000000000,180770.769364125,true
audio,180770731158083,1000000000,180770.76997745835,true
video,180770787046000,1000000000,180770.78608004167,true
audio,180770751158083,1000000000,180770.79141304168,true
video,180770803712625,1000000000,180770.80283466668,true
audio,180770771158083,1000000000,180770.81268641667,true
video,180770820379208,1000000000,180770.819698875,true
audio,180770791158041,1000000000,180770.83406983333,true
video,180770837045791,1000000000,180770.83740712501,true
video,180770853712416,1000000000,180770.85413391667,true
audio,180770811158083,1000000000,180770.85532525,true
video,180770878712375,1000000000,180770.87409475,true
audio,180770831158083,1000000000,180770.87676416666,true
video,180770895378875,1000000000,180770.890756,true
audio,180770851158083,1000000000,180770.898078875,true
video,180770912045458,1000000000,180770.90749954167,true
audio,180770871158083,1000000000,180770.91941395836,true
video,180770928712166,1000000000,180770.92524512502,true
audio,180770891158083,1000000000,180770.94071275002,true
video,180770945378791,1000000000,180770.94311133336,true
video,180770962045291,1000000000,180770.95984770835,true
audio,180770911158083,1000000000,180770.96204458334,true
audio,180770931158083,1000000000,180770.96208866668,true
video,180770978711875,1000000000,180770.97681345834,true
audio,180770951158083,1000000000,180770.98334983335,true
video,180770995378458,1000000000,180770.99410458334,true
audio,180770971158083,1000000000,180771.00477770835,true
video,180771012045083,1000000000,180771.011238875,true
audio,180770991158083,1000000000,180771.02610141668,true
video,180771028711666,1000000000,180771.02884916667,true
video,180771045378250,1000000000,180771.04564925,true
audio,180771011158041,1000000000,180771.04736750002,true
video,180771070378166,1000000000,180771.06599120834,true
audio,180771031158083,1000000000,180771.06865200002,true
video,180771087044750,1000000000,180771.08344325,true
audio,180771051158083,1000000000,180771.09004708336,true
video,180771103711375,1000000000,180771.1004057917,true
audio,180771071158041,1000000000,180771.11136325,true
video,180771120377958,1000000000,180771.11746495834,true
audio,180771091158083,1000000000,180771.13276370833,true
video,180771137044583,1000000000,180771.13526033334,true
video,180771153711166,1000000000,180771.15250325002,true
audio,180771111158083,1000000000,180771.1540196667,true
video,180771170377750,1000000000,180771.16985533334,true
audio,180771131158083,1000000000,180771.17534783334,true
video,180771187044375,1000000000,180771.18722470835,true
audio,180771151158083,1000000000,180771.19665754167,true
video,180771203710958,1000000000,180771.20396025002,true
audio,180771171158083,1000000000,180771.21803541668,true
video,180771220377666,1000000000,180771.22058020835,true
audio,180771191158083,1000000000,180771.23945287502,true
video,180771245377416,1000000000,180771.24047804167,true
video,180771262044041,1000000000,180771.257641375,true
audio,180771211158083,1000000000,180771.26070991668,true
video,180771278710625,1000000000,180771.2752394167,true
audio,180771231158083,1000000000,180771.28200341668,true
audio,180771251158083,1000000000,180771.28205512502,true
video,180771295377250,1000000000,180771.291936625,true
audio,180771271158083,1000000000,180771.303357,true
video,180771312043833,1000000000,180771.30872845833,true
audio,180771291158041,1000000000,180771.32471095835,true
video,180771328710541,1000000000,180771.32602820834,true
video,180771345377125,1000000000,180771.3434072917,true
audio,180771311158083,1000000000,180771.34603033334,true
video,180771362043750,1000000000,180771.36122516668,true
audio,180771331158083,1000000000,180771.36739612502,true
video,180771378710250,1000000000,180771.37820666668,true
audio,180771351158083,1000000000,180771.38875295833,true
video,180771395376833,1000000000,180771.39512704167,true
audio,180771371158083,1000000000,180771.41002162502,true
video,180771412043416,1000000000,180771.41231925,true
audio,180771391158083,1000000000,180771.4314280417,true
video,180771437043333,1000000000,180771.43251537503,true
video,180771453709916,1000000000,180771.45011691668,true
audio,180771411158083,1000000000,180771.452721375,true
video,180771470376666,1000000000,180771.46694050002,true
audio,180771431158083,1000000000,180771.47405908335,true
video,180771487043125,1000000000,180771.48377983333,true
audio,180771451158083,1000000000,180771.49536770835,true
video,180771503709708,1000000000,180771.50087045835,true
audio,180771471158083,1000000000,180771.51674958333,true
video,180771520376291,1000000000,180771.51838058335,true
video,180771537042875,1000000000,180771.53610770835,true
audio,180771491158083,1000000000,180771.5380125,true
video,180771545376166,1000000000,180771.55391754166,true
audio,180771511158041,1000000000,180771.55933966668,true
video,180771578709416,1000000000,180771.57294966668,true
audio,180771531158083,1000000000,180771.580664625,true
video,180771595376041,1000000000,180771.59163141667,true
audio,180771551158083,1000000000,180771.602089875,true
audio,180771571158041,1000000000,180771.60214325,true
video,180771612042625,1000000000,180771.60911412502,true
audio,180771591158083,1000000000,180771.62340570835,true
video,180771628709208,1000000000,180771.62699429167,true
video,180771637042500,1000000000,180771.64430904167,true
audio,180771611158083,1000000000,180771.64462120834,true
video,180771662042333,1000000000,180771.66188708335,true
audio,180771631158083,1000000000,180771.66612625,true
video,180771678709083,1000000000,180771.679168625,true
audio,180771651158083,1000000000,180771.68733583335,true
video,180771703708833,1000000000,180771.69791350001,true
audio,180771671158083,1000000000,180771.708783375,true
video,180771720375625,1000000000,180771.71763129169,true
audio,180771691158083,1000000000,180771.73003379168,true
video,180771737042083,1000000000,180771.73502358334,true
audio,180771711158083,1000000000,180771.75143179166,true
video,180771753708708,1000000000,180771.751541625,true
video,180771770375291,1000000000,180771.768701875,true
audio,180771731158083,1000000000,180771.77271387502,true
video,180771787041875,1000000000,180771.78604295835,true
audio,180771751158083,1000000000,180771.79402187502,true
video,180771803708541,1000000000,180771.8033265,true
audio,180771771158083,1000000000,180771.81543641668,true
video,180771820375041,1000000000,180771.82061012503,true
audio,180771791158041,1000000000,180771.8366959167,true
video,180771845375041,1000000000,180771.840883625,true
audio,180771811158083,1000000000,180771.84736895835,true
video,180771862041541,1000000000,180771.85936325,true
audio,180771831158083,1000000000,180771.86871200002,true
video,180771878708250,1000000000,180771.876471375,true
audio,180771851158083,1000000000,180771.8901184167,true
video,180771895374750,1000000000,180771.89383641668,true
video,180771912041333,1000000000,180771.91093570835,true
audio,180771871158083,1000000000,180771.91138150002,true
video,180771928708041,1000000000,180771.92851358335,true
audio,180771891158083,1000000000,180771.932722125,true
video,180771945374541,1000000000,180771.94562908335,true
audio,180771911158083,1000000000,180771.95407587502,true
audio,180771931158083,1000000000,180771.95412245835,true
video,180771970374541,1000000000,180771.96586083336,true
audio,180771951158083,1000000000,180771.9754211667,true
video,180771987041041,1000000000,180771.98410004168,true
audio,180771971158083,1000000000,180771.99669587502,true
video,180772003707750,1000000000,180772.00176520835,true
audio,180771991158083,1000000000,180772.01803129166,true
video,180772020374250,1000000000,180772.01930733334,true
video,180772037040958,1000000000,180772.03630316668,true
audio,180772011158041,1000000000,180772.03940525002,true
video,180772053707541,1000000000,180772.05312270834,true
audio,180772031158083,1000000000,180772.06072379168,true
video,180772070374041,1000000000,180772.07061895836,true
audio,180772051158083,1000000000,180772.082039,true
video,180772087040625,1000000000,180772.08730450002,true
audio,180772071158041,1000000000,180772.10340820835,true
video,180772112040541,1000000000,180772.10727225002,true
video,180772128707250,1000000000,180772.12423858335,true
audio,180772091158083,1000000000,180772.12459166668,true
video,180772145373750,1000000000,180772.142027375,true
audio,180772111158083,1000000000,180772.14601583334,true
video,180772162040333,1000000000,180772.15884779167,true
audio,180772131158083,1000000000,180772.16739541668,true
video,180772178707041,1000000000,180772.17665620835,true
audio,180772151158083,1000000000,180772.18875175,true
video,180772195373541,1000000000,180772.19347441668,true
audio,180772171158083,1000000000,180772.21001937502,true
video,180772212040125,1000000000,180772.21099808335,true
video,180772228706750,1000000000,180772.22828025,true
audio,180772191158083,1000000000,180772.23134854168,true
video,180772245373416,1000000000,180772.24553462502,true
audio,180772211158083,1000000000,180772.25266054168,true
video,180772262039875,1000000000,180772.26220233334,true
audio,180772231158083,1000000000,180772.27402845834,true
audio,180772251158083,1000000000,180772.27407579168,true
video,180772278706500,1000000000,180772.27895950002,true
audio,180772271158083,1000000000,180772.2953555417,true
video,180772303706500,1000000000,180772.29897954167,true
audio,180772291158041,1000000000,180772.31680458333,true
video,180772320373041,1000000000,180772.31691308334,true
video,180772337039583,1000000000,180772.33442075,true
audio,180772311158083,1000000000,180772.33801691668,true
video,180772353706208,1000000000,180772.35150670834,true
audio,180772331158083,1000000000,180772.35940091667,true
video,180772370372791,1000000000,180772.3692645417,true
audio,180772351158083,1000000000,180772.38073816668,true
video,180772387039375,1000000000,180772.38617462502,true
audio,180772371158083,1000000000,180772.4021195,true
video,180772403705958,1000000000,180772.40369704168,true
video,180772420372666,1000000000,180772.4203514167,true
audio,180772391158083,1000000000,180772.42335858336,true
video,180772437039166,1000000000,180772.437275375,true
audio,180772411158083,1000000000,180772.44473308334,true
video,180772453705750,1000000000,180772.45411466667,true
audio,180772431158083,1000000000,180772.46608258336,true
video,180772478705708,1000000000,180772.47383608334,true
audio,180772451158083,1000000000,180772.48738745836,true
video,180772495372291,1000000000,180772.49079675,true
video,180772512039000,1000000000,180772.508349,true
audio,180772471158083,1000000000,180772.508701,true
video,180772528705458,1000000000,180772.525461,true
audio,180772491158083,1000000000,180772.5300629167,true
video,180772537038750,1000000000,180772.54287808333,true
audio,180772511158041,1000000000,180772.55139058334,true
video,180772562038791,1000000000,180772.5595565,true
audio,180772531158083,1000000000,180772.57272570833,true
video,180772578705250,1000000000,180772.57659450002,true
video,180772595372000,1000000000,180772.59344637502,true
audio,180772551158083,1000000000,180772.59401670835,true
audio,180772571158041,1000000000,180772.59405070834,true
video,180772612038458,1000000000,180772.61060441667,true
audio,180772591158083,1000000000,180772.61539520836,true
video,180772620371750,1000000000,180772.62728270833,true
audio,180772611158083,1000000000,180772.63667150002,true
video,180772645371791,1000000000,180772.643992375,true
audio,180772631158083,1000000000,180772.6580287917,true
video,180772662038250,1000000000,180772.66130512502,true
audio,180772651158083,1000000000,180772.67938179168,true
video,180772678704958,1000000000,180772.682769375,true
video,180772703704708,1000000000,180772.6994605,true
audio,180772671158083,1000000000,180772.70067075,true
video,180772720371458,1000000000,180772.71710533334,true
audio,180772691158083,1000000000,180772.72204445835,true
video,180772737037958,1000000000,180772.73485204167,true
audio,180772711158083,1000000000,180772.74335162502,true
video,180772753704541,1000000000,180772.75261879168,true
audio,180772731158083,1000000000,180772.76472283335,true
video,180772770371166,1000000000,180772.76932804167,true
audio,180772751158083,1000000000,180772.7860831667,true
video,180772787037750,1000000000,180772.786189,true
video,180772803704458,1000000000,180772.80289025002,true
audio,180772771158083,1000000000,180772.80737179169,true
video,180772820370958,1000000000,180772.81965570836,true
audio,180772791158041,1000000000,180772.82867254168,true
video,180772837037541,1000000000,180772.83720154167,true
audio,180772811158083,1000000000,180772.85004216668,true
video,180772853704166,1000000000,180772.8540214167,true
audio,180772831158083,1000000000,180772.8714166667,true
video,180772878704000,1000000000,180772.8741456667,true
video,180772895370708,1000000000,180772.891428125,true
audio,180772851158083,1000000000,180772.89265275002,true
video,180772912037208,1000000000,180772.90852033335,true
audio,180772871158083,1000000000,180772.91404558334,true
video,180772928703916,1000000000,180772.92550975,true
audio,180772891158083,1000000000,180772.93539504168,true
video,180772945370416,1000000000,180772.94339683335,true
audio,180772911158083,1000000000,180772.95671775,true
audio,180772931158083,1000000000,180772.95676545834,true
video,180772962037000,1000000000,180772.96121145834,true
audio,180772951158083,1000000000,180772.97803229166,true
video,180772978703625,1000000000,180772.978912875,true
video,180772995370208,1000000000,180772.99554566666,true
audio,180772971158083,1000000000,180772.99931416666,true
video,180773012036791,1000000000,180773.0123047917,true
audio,180772991158083,1000000000,180773.0206607917,true
video,180773037036750,1000000000,180773.03224187501,true
audio,180773011158041,1000000000,180773.04207883336,true
video,180773053703416,1000000000,180773.0489712917,true
audio,180773031158083,1000000000,180773.06342658334,true
video,180773070369916,1000000000,180773.06589287502,true
video,180773087036500,1000000000,180773.08345779168,true
audio,180773051158083,1000000000,180773.08471029167,true
video,180773103703125,1000000000,180773.10030133335,true
audio,180773071158041,1000000000,180773.10606350002,true
video,180773120369833,1000000000,180773.11711875,true
audio,180773091158083,1000000000,180773.12736833334,true
video,180773137036291,1000000000,180773.134704625,true
audio,180773111158083,1000000000,180773.148706,true
video,180773153702916,1000000000,180773.15148104168,true
video,180773170369625,1000000000,180773.16888808334,true
audio,180773131158083,1000000000,180773.169965125,true
video,180773187036125,1000000000,180773.186075875,true
audio,180773151158083,1000000000,180773.191415125,true
video,180773203702708,1000000000,180773.20323541667,true
audio,180773171158083,1000000000,180773.2127354167,true
video,180773220369416,1000000000,180773.220309375,true
audio,180773191158083,1000000000,180773.23401816667,true
video,180773237035916,1000000000,180773.237181125,true
video,180773253702500,1000000000,180773.25402220833,true
audio,180773211158083,1000000000,180773.25531245835,true
video,180773278702375,1000000000,180773.27427608334,true
audio,180773231158083,1000000000,180773.27670575,true
audio,180773251158083,1000000000,180773.27674195834,true
video,180773295369000,1000000000,180773.29205408334,true
audio,180773271158083,1000000000,180773.298017375,true
video,180773312035625,1000000000,180773.3088132917,true
audio,180773291158041,1000000000,180773.31943566666,true
video,180773328702208,1000000000,180773.32561104168,true
audio,180773311158083,1000000000,180773.34074675,true
video,180773345368916,1000000000,180773.34308891668,true
video,180773362035416,1000000000,180773.36010016667,true
audio,180773331158083,1000000000,180773.3620505,true
video,180773378702000,1000000000,180773.377249,true
audio,180773351158083,1000000000,180773.3833602917,true
video,180773395368708,1000000000,180773.39420962502,true
audio,180773371158083,1000000000,180773.40474262502,true
video,180773412035125,1000000000,180773.4112624167,true
audio,180773391158083,1000000000,180773.42610116667,true
video,180773428701875,1000000000,180773.42812825,true
video,180773445368375,1000000000,180773.44551683334,true
audio,180773411158083,1000000000,180773.44734008334,true
video,180773462034958,1000000000,180773.46221441668,true
audio,180773431158083,1000000000,180773.46873395835,true
video,180773478701583,1000000000,180773.47886420836,true
audio,180773451158083,1000000000,180773.49007066668,true
video,180773495368166,1000000000,180773.495807125,true
audio,180773471158083,1000000000,180773.51140725001,true
video,180773520368208,1000000000,180773.51466291668,true
audio,180773491158083,1000000000,180773.53271312502,true
video,180773537034625,1000000000,180773.53367558334,true
video,180773553701250,1000000000,180773.55074420833,true
audio,180773511158041,1000000000,180773.55398683334,true
video,180773562034541,1000000000,180773.56783858335,true
audio,180773531158083,1000000000,180773.57538279166,true
video,180773587034375,1000000000,180773.58449112502,true
audio,180773551158083,1000000000,180773.59671275,true
audio,180773571158041,1000000000,180773.596779,true
video,180773603701041,1000000000,180773.60191395835,true
audio,180773591158083,1000000000,180773.61808745834,true
video,180773620367666,1000000000,180773.61851858333,true
video,180773637034250,1000000000,180773.63544512502,true
audio,180773611158083,1000000000,180773.63942829167,true
video,180773645367666,1000000000,180773.65212512502,true
audio,180773631158083,1000000000,180773.66073283335,true
video,180773670367375,1000000000,180773.66884441668,true
audio,180773651158083,1000000000,180773.68207195835,true
video,180773687034166,1000000000,180773.68673966668,true
video,180773703700625,1000000000,180773.70339725,true
audio,180773671158083,1000000000,180773.70344575,true
video,180773720367375,1000000000,180773.72078045833,true
audio,180773691158083,1000000000,180773.72472408335,true
video,180773737033833,1000000000,180773.7373464167,true
audio,180773711158083,1000000000,180773.74600604168,true
video,180773753700583,1000000000,180773.75417600002,true
audio,180773731158083,1000000000,180773.76739079168,true
video,180773778700333,1000000000,180773.77593441668,true
audio,180773751158083,1000000000,180773.78870633335,true
video,180773795366958,1000000000,180773.79364850002,true
audio,180773771158083,1000000000,180773.81005125,true
video,180773812033541,1000000000,180773.81118766667,true
video,180773828700125,1000000000,180773.8279129167,true
audio,180773791158041,1000000000,180773.83138787502,true
video,180773845366833,1000000000,180773.84528716668,true
audio,180773811158083,1000000000,180773.85267725002,true
video,180773862033333,1000000000,180773.86226208333,true
audio,180773831158083,1000000000,180773.87408070834,true
video,180773887033208,1000000000,180773.882778875,true
audio,180773851158083,1000000000,180773.89537066667,true
video,180773903699875,1000000000,180773.90025258335,true
audio,180773871158083,1000000000,180773.91678629167,true
video,180773920366416,1000000000,180773.9169839167,true
video,180773937033041,1000000000,180773.93456795835,true
audio,180773891158083,1000000000,180773.93810883333,true
video,180773953699583,1000000000,180773.95132320834,true
audio,180773911158083,1000000000,180773.95937766667,true
audio,180773931158083,1000000000,180773.9594136667,true
video,180773970366333,1000000000,180773.96907075,true
audio,180773951158083,1000000000,180773.98066570834,true
video,180773987032791,1000000000,180773.986949,true
audio,180773971158083,1000000000,180774.002096,true
video,180774003699500,1000000000,180774.00408616668,true
audio,180773991158083,1000000000,180774.02341904168,true
video,180774028699291,1000000000,180774.02365087502,true
video,180774045365875,1000000000,180774.04059383334,true
audio,180774011158041,1000000000,180774.04469720833,true
video,180774062032500,1000000000,180774.05868125,true
audio,180774031158083,1000000000,180774.06611429167,true
video,180774078699083,1000000000,180774.07633533335,true
audio,180774051158083,1000000000,180774.087424,true
video,180774095365791,1000000000,180774.09319220835,true
audio,180774071158041,1000000000,180774.10878345833,true
video,180774112032291,1000000000,180774.11094270836,true
video,180774128698875,1000000000,180774.12816341667,true
audio,180774091158083,1000000000,180774.13004229168,true
video,180774145365500,1000000000,180774.14580662502,true
audio,180774111158083,1000000000,180774.15144775002,true
video,180774170365375,1000000000,180774.16676933336,true
audio,180774131158083,1000000000,180774.17274058334,true
video,180774187032000,1000000000,180774.183902875,true
audio,180774151158083,1000000000,180774.1940414167,true
video,180774203698583,1000000000,180774.201452625,true
audio,180774171158083,1000000000,180774.215432375,true
video,180774220365208,1000000000,180774.21829645833,true
video,180774237031791,1000000000,180774.23569725,true
audio,180774191158083,1000000000,180774.2366662917,true
video,180774253698375,1000000000,180774.25317112502,true
audio,180774211158083,1000000000,180774.25805508334,true
video,180774270365125,1000000000,180774.2703275417,true
audio,180774231158083,1000000000,180774.2794495,true
audio,180774251158083,1000000000,180774.27950754168,true
video,180774287031583,1000000000,180774.287218,true
audio,180774271158083,1000000000,180774.30077345835,true
video,180774303698291,1000000000,180774.30389116667,true
audio,180774291158041,1000000000,180774.32204366667,true
video,180774328698083,1000000000,180774.32405541668,true
video,180774345364791,1000000000,180774.34192229167,true
audio,180774311158083,1000000000,180774.34334145836,true
video,180774362031291,1000000000,180774.35984350002,true
audio,180774331158083,1000000000,180774.364738,true
video,180774378697875,1000000000,180774.37739745833,true
audio,180774351158083,1000000000,180774.386009,true
video,180774395364583,1000000000,180774.39427979168,true
audio,180774371158083,1000000000,180774.40741345834,true
video,180774412031083,1000000000,180774.41140858334,true
audio,180774391158083,1000000000,180774.4287300417,true
video,180774428697791,1000000000,180774.42885795835,true
video,180774453697583,1000000000,180774.44981829167,true
audio,180774411158083,1000000000,180774.44997175,true
video,180774470364291,1000000000,180774.4668177917,true
audio,180774431158083,1000000000,180774.47134633333,true
video,180774487030791,1000000000,180774.48344541667,true
audio,180774451158083,1000000000,180774.49271583333,true
video,180774503697333,1000000000,180774.50136675002,true
audio,180774471158083,1000000000,180774.51403975,true
video,180774520364041,1000000000,180774.518962125,true
audio,180774491158083,1000000000,180774.535364375,true
video,180774537030541,1000000000,180774.53674,true
video,180774562030416,1000000000,180774.55627733335,true
audio,180774511158041,1000000000,180774.5565960417,true
video,180774578697041,1000000000,180774.57426704167,true
audio,180774531158083,1000000000,180774.57799479167,true
video,180774595363750,1000000000,180774.5912175,true
audio,180774551158083,1000000000,180774.599353375,true
audio,180774571158041,1000000000,180774.59939495835,true
video,180774612030250,1000000000,180774.6090552917,true
audio,180774591158083,1000000000,180774.62074595835,true
video,180774620363666,1000000000,180774.62586958334,true
audio,180774611158083,1000000000,180774.64203254168,true
video,180774645363416,1000000000,180774.64327616667,true
video,180774662030041,1000000000,180774.66039433333,true
audio,180774631158083,1000000000,180774.66333845834,true
video,180774678696750,1000000000,180774.677734125,true
audio,180774651158083,1000000000,180774.6847485,true
video,180774695363250,1000000000,180774.69519733335,true
audio,180774671158083,1000000000,180774.706096375,true
video,180774712029833,1000000000,180774.7123952917,true
audio,180774691158083,1000000000,180774.72747050002,true
video,180774737029875,1000000000,180774.73489020835,true
audio,180774711158083,1000000000,180774.748777375,true
video,180774753696333,1000000000,180774.75260475,true
audio,180774731158083,1000000000,180774.77019112502,true
video,180774770363041,1000000000,180774.77042462502,true
video,180774787029541,1000000000,180774.78722333335,true
audio,180774751158083,1000000000,180774.79145191668,true
video,180774803696250,1000000000,180774.80393866668,true
audio,180774771158083,1000000000,180774.81270625,true
video,180774828696041,1000000000,180774.82391483334,true
audio,180774791158041,1000000000,180774.83405212502,true
video,180774845362750,1000000000,180774.8405695,true
audio,180774811158083,1000000000,180774.85535504168,true
video,180774862029250,1000000000,180774.85877787502,true
video,180774878695833,1000000000,180774.87638579166,true
audio,180774831158083,1000000000,180774.876664125,true
video,180774895362541,1000000000,180774.89303620835,true
audio,180774851158083,1000000000,180774.89804741667,true
video,180774912029041,1000000000,180774.91072858335,true
audio,180774871158083,1000000000,180774.91935104167,true
video,180774928695750,1000000000,180774.92765345835,true
audio,180774891158083,1000000000,180774.94071733335,true
video,180774945362250,1000000000,180774.94497254168,true
audio,180774911158083,1000000000,180774.962034,true
audio,180774931158083,1000000000,180774.96209591668,true
video,180774962028958,1000000000,180774.96230933335,true
video,180774978695458,1000000000,180774.978953125,true
audio,180774951158083,1000000000,180774.98337241667,true
video,180775003695333,1000000000,180774.99880241667,true
audio,180774971158083,1000000000,180775.00471675,true
video,180775020362083,1000000000,180775.01714325,true
audio,180774991158083,1000000000,180775.0260345417,true
video,180775037028500,1000000000,180775.0338317917,true
audio,180775011158041,1000000000,180775.04736704167,true
video,180775053695208,1000000000,180775.0506951667,true
video,180775070361708,1000000000,180775.068379375,true
audio,180775031158083,1000000000,180775.06868304167,true
video,180775087028291,1000000000,180775.08621716668,true
audio,180775051158083,1000000000,180775.09001083334,true
video,180775103694916,1000000000,180775.10306341667,true
audio,180775071158041,1000000000,180775.11134404168,true
video,180775120361625,1000000000,180775.12007200002,true
audio,180775091158083,1000000000,180775.13271945834,true
video,180775137028083,1000000000,180775.13748375,true
audio,180775111158083,1000000000,180775.15404970833,true
video,180775162028000,1000000000,180775.15739895834,true
audio,180775131158083,1000000000,180775.17544745834,true
video,180775178694708,1000000000,180775.1757826667,true
video,180775195361208,1000000000,180775.19287691667,true
audio,180775151158083,1000000000,180775.19674508335,true
video,180775212027791,1000000000,180775.20971025,true
audio,180775171158083,1000000000,180775.2180672917,true
video,180775228694416,1000000000,180775.22656195835,true
audio,180775191158083,1000000000,180775.23945695834,true
video,180775245361000,1000000000,180775.24340354168,true
audio,180775211158083,1000000000,180775.26076870834,true
video,180775262027583,1000000000,180775.26091433334,true
video,180775278694208,1000000000,180775.278457625,true
audio,180775231158083,1000000000,180775.2820997917,true
audio,180775251158083,1000000000,180775.28215525002,true
video,180775295360791,1000000000,180775.29538804168,true
audio,180775271158083,1000000000,180775.303326625,true
video,180775312027500,1000000000,180775.31244075,true
audio,180775291158041,1000000000,180775.32469370833,true
video,180775337027291,1000000000,180775.33193641668,true
audio,180775311158083,1000000000,180775.34608158335,true
video,180775353693916,1000000000,180775.3489806667,true
video,180775370360500,1000000000,180775.3658777917,true
audio,180775331158083,1000000000,180775.36737116668,true
video,180775387027083,1000000000,180775.38345725002,true
audio,180775351158083,1000000000,180775.38875291668,true
video,180775403693708,1000000000,180775.40055729166,true
audio,180775371158083,1000000000,180775.41002025,true
video,180775420360291,1000000000,180775.41801620834,true
audio,180775391158083,1000000000,180775.43138091668,true
video,180775437027000,1000000000,180775.43568433335,true
video,180775453693500,1000000000,180775.45240941667,true
audio,180775411158083,1000000000,180775.45267295834,true
video,180775470360208,1000000000,180775.46936933335,true
audio,180775431158083,1000000000,180775.47414029168,true
video,180775487026833,1000000000,180775.486071875,true
audio,180775451158083,1000000000,180775.49535658336,true
video,180775503693291,1000000000,180775.502924875,true
audio,180775471158083,1000000000,180775.51669441667,true
video,180775520360000,1000000000,180775.52022162502,true
video,180775537026500,1000000000,180775.5372935,true
audio,180775491158083,1000000000,180775.53801991668,true
video,180775553693083,1000000000,180775.55419008335,true
audio,180775511158041,1000000000,180775.559422875,true
video,180775578693041,1000000000,180775.57447841667,true
audio,180775531158083,1000000000,180775.58076775,true
video,180775595359583,1000000000,180775.59239937502,true
audio,180775551158083,1000000000,180775.60207745834,true
audio,180775571158041,1000000000,180775.602125,true
video,180775612026291,1000000000,180775.60908795835,true
audio,180775591158083,1000000000,180775.62338704168,true
video,180775628692750,1000000000,180775.6269166667,true
video,180775645359375,1000000000,180775.64388670833,true
audio,180775611158083,1000000000,180775.64467708336,true
video,180775653692625,1000000000,180775.66073329168,true
audio,180775631158083,1000000000,180775.66605183334,true
video,180775678692458,1000000000,180775.67739583334,true
audio,180775651158083,1000000000,180775.687366625,true
video,180775695359125,1000000000,180775.69495579167,true
audio,180775671158083,1000000000,180775.708706125,true
video,180775712025875,1000000000,180775.71234283334,true
audio,180775691158083,1000000000,180775.73005641668,true
video,180775737025666,1000000000,180775.7340170417,true
audio,180775711158083,1000000000,180775.75146691667,true
video,180775753692250,1000000000,180775.751604875,true
video,180775770358958,1000000000,180775.76947883333,true
audio,180775731158083,1000000000,180775.772726625,true
video,180775787025583,1000000000,180775.786182125,true
audio,180775751158083,1000000000,180775.79405454168,true
video,180775803692041,1000000000,180775.80306870834,true
audio,180775771158083,1000000000,180775.8154775,true
video,180775820358625,1000000000,180775.82050025,true
audio,180775791158041,1000000000,180775.8366865,true
video,180775837025333,1000000000,180775.837338125,true
audio,180775811158083,1000000000,180775.847381,true
video,180775862025125,1000000000,180775.85748379168,true
audio,180775831158083,1000000000,180775.868663125,true
video,180775878691750,1000000000,180775.87525800001,true
audio,180775851158083,1000000000,180775.89012945833,true
video,180775895358458,1000000000,180775.8921362917,true
video,180775912024958,1000000000,180775.90890941667,true
audio,180775871158083,1000000000,180775.91136679167,true
video,180775928691541,1000000000,180775.92644625,true
audio,180775891158083,1000000000,180775.93277204168,true
video,180775945358250,1000000000,180775.94339725,true
audio,180775911158083,1000000000,180775.95403779167,true
audio,180775931158083,1000000000,180775.95409204168,true
video,180775962024708,1000000000,180775.96081516668,true
audio,180775951158083,1000000000,180775.97536616668,true
video,180775978691333,1000000000,180775.9780817917,true
video,180775995357916,1000000000,180775.99543116667,true
audio,180775971158083,1000000000,180775.99664366667,true
video,180776012024541,1000000000,180776.01221216668,true
audio,180775991158083,1000000000,180776.017998375,true
video,180776028691166,1000000000,180776.029224875,true
audio,180776011158041,1000000000,180776.03945895834,true
video,180776053691041,1000000000,180776.04897170834,true
audio,180776031158083,1000000000,180776.06073395835,true
video,180776070357625,1000000000,180776.06587175,true
audio,180776051158083,1000000000,180776.08210208334,true
video,180776087024333,1000000000,180776.08355291668,true
video,180776103690833,1000000000,180776.10145845835,true
audio,180776071158041,1000000000,180776.10330458335,true
video,180776120357416,1000000000,180776.11915908335,true
audio,180776091158083,1000000000,180776.12470595835,true
video,180776137023958,1000000000,180776.1358135,true
audio,180776111158083,1000000000,180776.146034875,true
video,180776153690583,1000000000,180776.15251725,true
audio,180776131158083,1000000000,180776.16736595833,true
video,180776170357208,1000000000,180776.17010591668,true
video,180776187023791,1000000000,180776.18720775002,true
audio,180776151158083,1000000000,180776.18866975,true
video,180776203690375,1000000000,180776.20394083334,true
audio,180776171158083,1000000000,180776.20999962502,true
video,180776228690291,1000000000,180776.22385620835,true
audio,180776191158083,1000000000,180776.23139354168,true
video,180776245356875,1000000000,180776.24050620836,true
audio,180776211158083,1000000000,180776.2527185,true
video,180776262023583,1000000000,180776.25734133334,true
audio,180776231158083,1000000000,180776.27409258334,true
audio,180776251158083,1000000000,180776.27415333333,true
video,180776278690083,1000000000,180776.27524620833,true
video,180776295356666,1000000000,180776.291949625,true
audio,180776271158083,1000000000,180776.29534591667,true
video,180776312023291,1000000000,180776.30886379167,true
audio,180776291158041,1000000000,180776.31671512502,true
video,180776328689875,1000000000,180776.32620445834,true
audio,180776311158083,1000000000,180776.33804075,true
video,180776345356500,1000000000,180776.342852375,true
audio,180776331158083,1000000000,180776.35946033333,true
video,180776362023208,1000000000,180776.360278125,true
video,180776378689666,1000000000,180776.37690416668,true
audio,180776351158083,1000000000,180776.38081008336,true
video,180776395356375,1000000000,180776.39377275002,true
audio,180776371158083,1000000000,180776.40204075002,true
video,180776412022875,1000000000,180776.4109379167,true
audio,180776391158083,1000000000,180776.42341120835,true
video,180776428689458,1000000000,180776.42818779167,true
audio,180776411158083,1000000000,180776.44469145834,true
video,180776445356208,1000000000,180776.44563925,true
video,180776462022666,1000000000,180776.4623001667,true
audio,180776431158083,1000000000,180776.46609241667,true
video,180776478689291,1000000000,180776.4789225,true
audio,180776451158083,1000000000,180776.48735241668,true
video,180776503689166,1000000000,180776.49921545835,true
audio,180776471158083,1000000000,180776.50870858334,true
video,180776520355875,1000000000,180776.5164695,true
audio,180776491158083,1000000000,180776.5300631667,true
video,180776537022375,1000000000,180776.53344620834,true
video,180776545355791,1000000000,180776.55069545834,true
audio,180776511158041,1000000000,180776.55130741667,true
video,180776570355500,1000000000,180776.56717737502,true
audio,180776531158083,1000000000,180776.57280154168,true
video,180776587022166,1000000000,180776.58505083335,true
audio,180776551158083,1000000000,180776.59406829168,true
audio,180776571158041,1000000000,180776.59412808335,true
video,180776603688791,1000000000,180776.60198008333,true
audio,180776591158083,1000000000,180776.61542220836,true
video,180776620355375,1000000000,180776.61919125,true
audio,180776611158083,1000000000,180776.63669145835,true
video,180776628688666,1000000000,180776.63714529166,true
video,180776653688708,1000000000,180776.65393741668,true
audio,180776631158083,1000000000,180776.65800737502,true
video,180776670355166,1000000000,180776.670893625,true
audio,180776651158083,1000000000,180776.67937825,true
video,180776695354958,1000000000,180776.68963795833,true
audio,180776671158083,1000000000,180776.70069350002,true
video,180776712021750,1000000000,180776.70939783336,true
audio,180776691158083,1000000000,180776.72207604168,true
video,180776728688250,1000000000,180776.72679487502,true
audio,180776711158083,1000000000,180776.7433934167,true
video,180776745354958,1000000000,180776.74442562502,true
video,180776762021416,1000000000,180776.76145520835,true
audio,180776731158083,1000000000,180776.76468525,true
video,180776778688041,1000000000,180776.77914700002,true
audio,180776751158083,1000000000,180776.78606795834,true
video,180776803687916,1000000000,180776.79869345835,true
audio,180776771158083,1000000000,180776.80745733334,true
video,180776820354625,1000000000,180776.81546620835,true
audio,180776791158041,1000000000,180776.82872541668,true
video,180776837021125,1000000000,180776.832387375,true
audio,180776811158083,1000000000,180776.85008070833,true
video,180776853687750,1000000000,180776.85092558333,true
video,180776870354458,1000000000,180776.86805575,true
audio,180776831158083,1000000000,180776.87141995833,true
video,180776887020916,1000000000,180776.88520175,true
audio,180776851158083,1000000000,180776.89277925002,true
video,180776903687541,1000000000,180776.90259991668,true
audio,180776871158083,1000000000,180776.91410429167,true
video,180776920354125,1000000000,180776.91947429167,true
audio,180776891158083,1000000000,180776.93542466668,true
video,180776937020708,1000000000,180776.93687920834,true
video,180776953687333,1000000000,180776.953619625,true
audio,180776911158083,1000000000,180776.95677633333,true
audio,180776931158083,1000000000,180776.95684158333,true
video,180776970354041,1000000000,180776.97053854167,true
audio,180776951158083,1000000000,180776.97810045833,true
video,180776995353833,1000000000,180776.99081620833,true
audio,180776971158083,1000000000,180776.99933700002,true
video,180777012020416,1000000000,180777.00839708335,true
audio,180776991158083,1000000000,180777.020690125,true
video,180777028687041,1000000000,180777.02633183333,true
audio,180777011158041,1000000000,180777.04201379168,true
video,180777045353625,1000000000,180777.04297125002,true
video,180777062020208,1000000000,180777.06037004167,true
audio,180777031158083,1000000000,180777.06335033334,true
video,180777078686833,1000000000,180777.07675883334,true
audio,180777051158083,1000000000,180777.084684375,true
video,180777095353541,1000000000,180777.094332125,true
audio,180777071158041,1000000000,180777.10608804168,true
video,180777112020041,1000000000,180777.11129641667,true
audio,180777091158083,1000000000,180777.12739962502,true
video,180777128686625,1000000000,180777.12817358333,true
video,180777145353333,1000000000,180777.14532945835,true
audio,180777111158083,1000000000,180777.14875120835,true
video,180777162019833,1000000000,180777.16216895834,true
audio,180777131158083,1000000000,180777.17003233335,true
video,180777178686416,1000000000,180777.17888741667,true
audio,180777151158083,1000000000,180777.19134854167,true
video,180777195353125,1000000000,180777.195547,true
audio,180777171158083,1000000000,180777.21272875002,true
video,180777220352916,1000000000,180777.21564683336,true
video,180777237019500,1000000000,180777.23237412501,true
audio,180777191158083,1000000000,180777.23399487502,true
video,180777253686083,1000000000,180777.25020295836,true
audio,180777211158083,1000000000,180777.25535820835,true
video,180777270352833,1000000000,180777.2680065,true
audio,180777231158083,1000000000,180777.2767151667,true
audio,180777251158083,1000000000,180777.27675975,true
video,180777287019291,1000000000,180777.28480366667,true
audio,180777271158083,1000000000,180777.29812379167,true
video,180777303686000,1000000000,180777.30229916668,true
audio,180777291158041,1000000000,180777.31940150002,true
video,180777320352583,1000000000,180777.31952979168,true
video,180777337019083,1000000000,180777.33722633336,true
audio,180777311158083,1000000000,180777.34065429168,true
video,180777362019000,1000000000,180777.35758120834,true
audio,180777331158083,1000000000,180777.3620295417,true
video,180777378685583,1000000000,180777.37515233335,true
audio,180777351158083,1000000000,180777.38340770834,true
video,180777395352291,1000000000,180777.39190191668,true
audio,180777371158083,1000000000,180777.40473587502,true
video,180777412018791,1000000000,180777.40874804166,true
audio,180777391158083,1000000000,180777.42607175,true
video,180777428685375,1000000000,180777.42651058335,true
video,180777445352083,1000000000,180777.44341845834,true
audio,180777411158083,1000000000,180777.447335875,true
video,180777462018583,1000000000,180777.460933375,true
audio,180777431158083,1000000000,180777.4687665,true
video,180777478685166,1000000000,180777.47872029166,true
audio,180777451158083,1000000000,180777.49009729168,true
video,180777495351875,1000000000,180777.49549583334,true
audio,180777471158083,1000000000,180777.51143412502,true
video,180777512018458,1000000000,180777.51217579166,true
audio,180777491158083,1000000000,180777.53276383335,true
video,180777537018416,1000000000,180777.533862375,true
video,180777545351750,1000000000,180777.55187650002,true
audio,180777511158041,1000000000,180777.55408358335,true
video,180777570351416,1000000000,180777.56868158333,true
audio,180777531158083,1000000000,180777.57538220834,true
audio,180777551158083,1000000000,180777.5966790417,true
audio,180777571158041,1000000000,180777.596731875,true
video,180777595351333,1000000000,180777.60380095834,true
audio,180777591158083,1000000000,180777.618091375,true
video,180777612017958,1000000000,180777.62057470836,true
video,180777637017791,1000000000,180777.63812350002,true
audio,180777611158083,1000000000,180777.63937141668,true
video,180777662017708,1000000000,180777.65640200002,true
audio,180777631158083,1000000000,180777.66075995835,true
video,180777678684375,1000000000,180777.67410875,true
audio,180777651158083,1000000000,180777.682054375,true
audio,180777671158083,1000000000,180777.70341708334,true
video,180777712017500,1000000000,180777.70831629168,true
audio,180777691158083,1000000000,180777.72475670834,true
video,180777728684166,1000000000,180777.72548400002,true
video,180777745350875,1000000000,180777.74316116667,true
audio,180777711158083,1000000000,180777.74604329167,true
video,180777762017333,1000000000,180777.76120908334,true
audio,180777731158083,1000000000,180777.76737825002,true
video,180777778684041,1000000000,180777.77840516667,true
audio,180777751158083,1000000000,180777.78876704167,true
video,180777795350625,1000000000,180777.79486770835,true
audio,180777771158083,1000000000,180777.81010395836,true
video,180777812017208,1000000000,180777.81190525,true
video,180777828683708,1000000000,180777.82902008336,true
audio,180777791158041,1000000000,180777.83141845834,true
video,180777853683625,1000000000,180777.848942375,true
audio,180777811158083,1000000000,180777.85284558334,true
video,180777870350208,1000000000,180777.86581750002,true
audio,180777831158083,1000000000,180777.87406575002,true
video,180777887016833,1000000000,180777.8834101667,true
audio,180777851158083,1000000000,180777.89547566668,true
video,180777903683416,1000000000,180777.90034716667,true
audio,180777871158083,1000000000,180777.91679050002,true
video,180777920350000,1000000000,180777.917281125,true
video,180777937016583,1000000000,180777.934803375,true
audio,180777891158083,1000000000,180777.93807795833,true
video,180777953683208,1000000000,180777.95154,true
audio,180777911158083,1000000000,180777.9593871667,true
audio,180777931158083,1000000000,180777.95942454168,true
video,180777970349791,1000000000,180777.9687974167,true
audio,180777951158083,1000000000,180777.98070629168,true
video,180777987016416,1000000000,180777.98607116667,true
audio,180777971158083,1000000000,180778.00205504167,true
video,180778003683000,1000000000,180778.00343258335,true
video,180778012016291,1000000000,180778.02053941667,true
audio,180777991158083,1000000000,180778.02338083336,true
video,180778037016166,1000000000,180778.03738920833,true
audio,180778011158041,1000000000,180778.04478058335,true
video,180778053682791,1000000000,180778.053954125,true
audio,180778031158083,1000000000,180778.06604241667,true
video,180778078682833,1000000000,180778.07425391668,true
audio,180778051158083,1000000000,180778.08736720835,true
video,180778095349291,1000000000,180778.09278250003,true
audio,180778071158041,1000000000,180778.108702625,true
video,180778103682708,1000000000,180778.10972675,true
video,180778128682458,1000000000,180778.12637658336,true
audio,180778091158083,1000000000,180778.1299899167,true
video,180778145349125,1000000000,180778.14346800002,true
audio,180778111158083,1000000000,180778.1514035,true
video,180778162015708,1000000000,180778.16073545834,true
audio,180778131158083,1000000000,180778.172728125,true
video,180778178682291,1000000000,180778.17870462502,true
audio,180778151158083,1000000000,180778.19406795833,true
video,180778195349000,1000000000,180778.19530000002,true
video,180778212015500,1000000000,180778.2122459167,true
audio,180778171158083,1000000000,180778.21539679167,true
video,180778237015416,1000000000,180778.23231758334,true
audio,180778191158083,1000000000,180778.23672158335,true
video,180778253682083,1000000000,180778.24921087502,true
audio,180778211158083,1000000000,180778.25810529166,true
video,180778270348708,1000000000,180778.26698570835,true
audio,180778231158083,1000000000,180778.2793215417,true
audio,180778251158083,1000000000,180778.2793655,true
video,180778287015208,1000000000,180778.28457616668,true
audio,180778271158083,1000000000,180778.300761875,true
video,180778303681916,1000000000,180778.30118229167,true
video,180778320348375,1000000000,180778.31840129168,true
audio,180778291158041,1000000000,180778.32202012502,true
video,180778337015083,1000000000,180778.33601891669,true
audio,180778311158083,1000000000,180778.34343025,true
video,180778353681541,1000000000,180778.3534025417,true
audio,180778331158083,1000000000,180778.36473875,true
video,180778370348125,1000000000,180778.37059991667,true
audio,180778351158083,1000000000,180778.3860822917,true
video,180778395348125,1000000000,180778.3902562917,true
video,180778412014750,1000000000,180778.40707283333,true
audio,180778371158083,1000000000,180778.4073105,true
video,180778428681208,1000000000,180778.42418966666,true
audio,180778391158083,1000000000,180778.42875104168,true
video,180778445347833,1000000000,180778.441903875,true
audio,180778411158083,1000000000,180778.45005841667,true
video,180778462014458,1000000000,180778.45936733336,true
audio,180778431158083,1000000000,180778.471369,true
video,180778478681000,1000000000,180778.47659637503,true
audio,180778451158083,1000000000,180778.49275370836,true
video,180778495347625,1000000000,180778.49337654168,true
video,180778512014208,1000000000,180778.51103679166,true
audio,180778471158083,1000000000,180778.51406345834,true
video,180778528680833,1000000000,180778.528598125,true
audio,180778491158083,1000000000,180778.53542175,true
video,180778537014083,1000000000,180778.545816125,true
audio,180778511158041,1000000000,180778.556735875,true
video,180778562013958,1000000000,180778.562715125,true
audio,180778531158083,1000000000,180778.578076875,true
video,180778578680625,1000000000,180778.58082983334,true
video,180778603680416,1000000000,180778.59803095835,true
audio,180778551158083,1000000000,180778.599369875,true
audio,180778571158041,1000000000,180778.5994065,true
video,180778620347125,1000000000,180778.61493841666,true
audio,180778591158083,1000000000,180778.62076558336,true
audio,180778611158083,1000000000,180778.64201983335,true
video,180778645346958,1000000000,180778.65073045835,true
audio,180778631158083,1000000000,180778.663355125,true
video,180778662013625,1000000000,180778.66813541666,true
audio,180778651158083,1000000000,180778.68471950002,true
video,180778687013458,1000000000,180778.68521737502,true
video,180778703680125,1000000000,180778.7026486667,true
audio,180778671158083,1000000000,180778.70602537502,true
video,180778720346708,1000000000,180778.72076666667,true
audio,180778691158083,1000000000,180778.72738829168,true
video,180778737013458,1000000000,180778.737506,true
audio,180778711158083,1000000000,180778.74867925,true
video,180778762013208,1000000000,180778.76017566668,true
audio,180778731158083,1000000000,180778.77001083334,true
video,180778778679833,1000000000,180778.77728329168,true
audio,180778751158083,1000000000,180778.7913996667,true
video,180778795346541,1000000000,180778.79388895835,true
video,180778812013000,1000000000,180778.8114375,true
audio,180778771158083,1000000000,180778.81266270834,true
video,180778828679625,1000000000,180778.82888725,true
audio,180778791158041,1000000000,180778.83407870834,true
video,180778853679500,1000000000,180778.84893225002,true
audio,180778811158083,1000000000,180778.855393625,true
video,180778870346166,1000000000,180778.86582883334,true
audio,180778831158083,1000000000,180778.87683020835,true
video,180778887012625,1000000000,180778.88262791667,true
audio,180778851158083,1000000000,180778.8980915417,true
video,180778903679375,1000000000,180778.90053450002,true
video,180778920345875,1000000000,180778.91801000002,true
audio,180778871158083,1000000000,180778.91938200002,true
video,180778937012458,1000000000,180778.935449375,true
audio,180778891158083,1000000000,180778.94073308335,true
video,180778953679083,1000000000,180778.95230820833,true
audio,180778911158083,1000000000,180778.9620626667,true
audio,180778931158083,1000000000,180778.96208854168,true
video,180778970345666,1000000000,180778.97019970833,true
audio,180778951158083,1000000000,180778.98342333335,true
video,180778987012375,1000000000,180778.98684687502,true
video,180779003678833,1000000000,180779.00390395834,true
audio,180778971158083,1000000000,180779.00469641667,true
video,180779028678750,1000000000,180779.02397275,true
audio,180778991158083,1000000000,180779.026068125,true
video,180779045345333,1000000000,180779.040665375,true
audio,180779011158041,1000000000,180779.047425875,true
video,180779062011916,1000000000,180779.05753700002,true
audio,180779031158083,1000000000,180779.06872954167,true
video,180779078678541,1000000000,180779.07527700003,true
audio,180779051158083,1000000000,180779.0901012917,true
video,180779095345125,1000000000,180779.09229479168,true
video,180779112011708,1000000000,180779.1089855,true
audio,180779071158041,1000000000,180779.11139520834,true
video,180779128678333,1000000000,180779.12654545833,true
audio,180779091158083,1000000000,180779.13271458333,true
video,180779145345041,1000000000,180779.14417933335,true
audio,180779111158083,1000000000,180779.15408279168,true
video,180779162011541,1000000000,180779.16145487502,true
audio,180779131158083,1000000000,180779.17554045835,true
video,180779178678125,1000000000,180779.17833854168,true
video,180779195344750,1000000000,180779.19556766667,true
audio,180779151158083,1000000000,180779.1967821667,true
video,180779203678166,1000000000,180779.21243395834,true
audio,180779171158083,1000000000,180779.21810416668,true
video,180779237011208,1000000000,180779.23229091667,true
audio,180779191158083,1000000000,180779.23936983335,true
video,180779245344625,1000000000,180779.24940583334,true
audio,180779211158083,1000000000,180779.260722625,true
video,180779270344583,1000000000,180779.26662645835,true
audio,180779231158083,1000000000,180779.28202450002,true
audio,180779251158083,1000000000,180779.2820736667,true
video,180779287011041,1000000000,180779.28455900002,true
video,180779303677625,1000000000,180779.30106475,true
audio,180779271158083,1000000000,180779.30341533336,true
video,180779320344333,1000000000,180779.31844408336,true
audio,180779291158041,1000000000,180779.32468375002,true
video,180779337010833,1000000000,180779.33542675,true
audio,180779311158083,1000000000,180779.3460524167,true
video,180779353677416,1000000000,180779.35326945834,true
audio,180779331158083,1000000000,180779.36738058334,true
video,180779370344125,1000000000,180779.37060808335,true
video,180779387010583,1000000000,180779.38733883333,true
audio,180779351158083,1000000000,180779.38877895835,true
video,180779412010583,1000000000,180779.4072379167,true
audio,180779371158083,1000000000,180779.41005958334,true
video,180779420343791,1000000000,180779.42477087502,true
audio,180779391158083,1000000000,180779.43134850002,true
video,180779445343625,1000000000,180779.44237933334,true
audio,180779411158083,1000000000,180779.4526910417,true
video,180779462010416,1000000000,180779.45993795834,true
audio,180779431158083,1000000000,180779.47402879168,true
video,180779478676875,1000000000,180779.47692862502,true
video,180779495343500,1000000000,180779.494354625,true
audio,180779451158083,1000000000,180779.49532308333,true
video,180779512010041,1000000000,180779.51142491668,true
audio,180779471158083,1000000000,180779.51674866668,true
video,180779528676666,1000000000,180779.52833220834,true
audio,180779491158083,1000000000,180779.53805066668,true
video,180779545343250,1000000000,180779.54533995833,true
audio,180779511158041,1000000000,180779.55941429167,true
video,180779562009958,1000000000,180779.56218537502,true
video,180779578676458,1000000000,180779.57900658334,true
audio,180779531158083,1000000000,180779.58067045835,true
video,180779595343041,1000000000,180779.59563270834,true
audio,180779551158083,1000000000,180779.60202466667,true
audio,180779571158041,1000000000,180779.60207520836,true
video,180779612009625,1000000000,180779.61257416668,true
audio,180779591158083,1000000000,180779.62335704168,true
video,180779637009541,1000000000,180779.63126258334,true
audio,180779611158083,1000000000,180779.64470029168,true
video,180779653676166,1000000000,180779.65037387502,true
audio,180779631158083,1000000000,180779.66610975002,true
video,180779670342750,1000000000,180779.66738808336,true
video,180779687009333,1000000000,180779.68510945834,true
audio,180779651158083,1000000000,180779.68735945833,true
video,180779703675958,1000000000,180779.70236820835,true
audio,180779671158083,1000000000,180779.7087226667,true
video,180779720342541,1000000000,180779.71918820834,true
audio,180779691158083,1000000000,180779.73009125,true
video,180779737009125,1000000000,180779.73690041667,true
audio,180779711158083,1000000000,180779.75138291667,true
video,180779753675750,1000000000,180779.75383308335,true
audio,180779731158083,1000000000,180779.77285270835,true
video,180779778675666,1000000000,180779.7742610417,true
video,180779795342250,1000000000,180779.79166583336,true
audio,180779751158083,1000000000,180779.79398804167,true
video,180779812008833,1000000000,180779.80960433334,true
audio,180779771158083,1000000000,180779.81535495835,true
video,180779828675458,1000000000,180779.82655716667,true
audio,180779791158041,1000000000,180779.836702125,true
video,180779845342041,1000000000,180779.84386695834,true
audio,180779811158083,1000000000,180779.84742583334,true
video,180779862008625,1000000000,180779.86142816668,true
audio,180779831158083,1000000000,180779.86871095834,true
video,180779878675250,1000000000,180779.87859354168,true
audio,180779851158083,1000000000,180779.89008854167,true
video,180779895341958,1000000000,180779.89560083335,true
audio,180779871158083,1000000000,180779.9113656667,true
video,180779912008416,1000000000,180779.912147875,true
video,180779928675000,1000000000,180779.92895858333,true
audio,180779891158083,1000000000,180779.93272395834,true
video,180779953675000,1000000000,180779.94933579167,true
audio,180779911158083,1000000000,180779.95407270835,true
audio,180779931158083,1000000000,180779.95412112502,true
video,180779970341458,1000000000,180779.96640958334,true
audio,180779951158083,1000000000,180779.975367625,true
video,180779987008041,1000000000,180779.98345241667,true
audio,180779971158083,1000000000,180779.99670916668,true
video,180780003674666,1000000000,180780.00038720833,true
video,180780020341375,1000000000,180780.01714979167,true
audio,180779991158083,1000000000,180780.01800829166,true
video,180780037007875,1000000000,180780.03488687502,true
audio,180780011158041,1000000000,180780.03944595833,true
video,180780053674458,1000000000,180780.05201645836,true
audio,180780031158083,1000000000,180780.0607851667,true
video,180780070341166,1000000000,180780.06896379168,true
audio,180780051158083,1000000000,180780.08210283334,true
video,180780078674375,1000000000,180780.08626033334,true
video,180780103674208,1000000000,180780.103141125,true
audio,180780071158041,1000000000,180780.10332650002,true
video,180780120340958,1000000000,180780.12074054166,true
audio,180780091158083,1000000000,180780.12484041668,true
video,180780137007583,1000000000,180780.13730520834,true
audio,180780111158083,1000000000,180780.14607812502,true
video,180780162007375,1000000000,180780.156922625,true
audio,180780131158083,1000000000,180780.16742220835,true
video,180780178673958,1000000000,180780.17370025002,true
audio,180780151158083,1000000000,180780.1887052917,true
video,180780195340666,1000000000,180780.1915759167,true
video,180780212007166,1000000000,180780.208397125,true
audio,180780171158083,1000000000,180780.21004141666,true
video,180780228673750,1000000000,180780.2252611667,true
audio,180780191158083,1000000000,180780.23145366667,true
video,180780245340500,1000000000,180780.24220245835,true
audio,180780211158083,1000000000,180780.2526915,true
video,180780262007083,1000000000,180780.25886470833,true
audio,180780231158083,1000000000,180780.27409416667,true
audio,180780251158083,1000000000,180780.27414558333,true
video,180780278673541,1000000000,180780.276370125,true
video,180780295340125,1000000000,180780.293463125,true
audio,180780271158083,1000000000,180780.29539454167,true
video,180780312006708,1000000000,180780.3113739167,true
audio,180780291158041,1000000000,180780.31672679167,true
video,180780328673458,1000000000,180780.32798208334,true
audio,180780311158083,1000000000,180780.3380297917,true
video,180780345339916,1000000000,180780.34548908335,true
audio,180780331158083,1000000000,180780.35942775002,true
video,180780362006500,1000000000,180780.36225195834,true
audio,180780351158083,1000000000,180780.38069820835,true
video,180780387006416,1000000000,180780.38224758336,true
video,180780403673041,1000000000,180780.39912779166,true
audio,180780371158083,1000000000,180780.40204633336,true
video,180780420339625,1000000000,180780.41686633334,true
audio,180780391158083,1000000000,180780.42345245834,true
video,180780437006208,1000000000,180780.43353345833,true
audio,180780411158083,1000000000,180780.444716125,true
video,180780453672833,1000000000,180780.450427125,true
audio,180780431158083,1000000000,180780.4660574167,true
video,180780470339541,1000000000,180780.46737354167,true
video,180780487005958,1000000000,180780.48434595834,true
audio,180780451158083,1000000000,180780.487474875,true
video,180780503672708,1000000000,180780.5020235417,true
audio,180780471158083,1000000000,180780.50878875,true
video,180780520339291,1000000000,180780.51878425002,true
audio,180780491158083,1000000000,180780.53008725002,true
video,180780537005791,1000000000,180780.53614825002,true
audio,180780511158041,1000000000,180780.55151454167,true
video,180780553672375,1000000000,180780.55395279167,true
audio,180780531158083,1000000000,180780.572755875,true
video,180780578672291,1000000000,180780.57291020834,true
video,180780595338875,1000000000,180780.5900355,true
audio,180780551158083,1000000000,180780.59407141668,true
audio,180780571158041,1000000000,180780.59412566668,true
video,180780612005541,1000000000,180780.60799645833,true
audio,180780591158083,1000000000,180780.615375625,true
video,180780628672083,1000000000,180780.62513704167,true
audio,180780611158083,1000000000,180780.63675950002,true
video,180780645338666,1000000000,180780.641956625,true
audio,180780631158083,1000000000,180780.65808325002,true
video,180780662005250,1000000000,180780.65912225,true
video,180780678671833,1000000000,180780.67701675,true
audio,180780651158083,1000000000,180780.67937270834,true
video,180780695338541,1000000000,180780.69385512502,true
audio,180780671158083,1000000000,180780.70072720834,true
video,180780712005041,1000000000,180780.711259375,true
audio,180780691158083,1000000000,180780.72205058334,true
video,180780728671625,1000000000,180780.72815408334,true
audio,180780711158083,1000000000,180780.74336458335,true
video,180780745338333,1000000000,180780.74551245835,true
audio,180780731158083,1000000000,180780.76479812502,true
video,180780770338125,1000000000,180780.76575675,true
video,180780787004750,1000000000,180780.78282670834,true
audio,180780751158083,1000000000,180780.786055875,true
video,180780803671333,1000000000,180780.80015433335,true
audio,180780771158083,1000000000,180780.807387125,true
video,180780820338041,1000000000,180780.81741462502,true
audio,180780791158041,1000000000,180780.82873716668,true
video,180780837004541,1000000000,180780.83404083335,true
audio,180780811158083,1000000000,180780.85006845836,true
video,180780853671125,1000000000,180780.8513841667,true
video,180780870337833,1000000000,180780.86847012502,true
audio,180780831158083,1000000000,180780.87142958335,true
video,180780887004333,1000000000,180780.88626783335,true
audio,180780851158083,1000000000,180780.8927315,true
video,180780903670916,1000000000,180780.9035765417,true
audio,180780871158083,1000000000,180780.91404641667,true
video,180780920337500,1000000000,180780.920270625,true
audio,180780891158083,1000000000,180780.93539208334,true
video,180780937004083,1000000000,180780.93721541666,true
audio,180780911158083,1000000000,180780.95674775002,true
audio,180780931158083,1000000000,180780.95680320833,true
video,180780962004125,1000000000,180780.9573656667,true
video,180780978670583,1000000000,180780.97442591668,true
audio,180780951158083,1000000000,180780.97802954167,true
video,180780995337291,1000000000,180780.992402125,true
audio,180780971158083,1000000000,180780.99940250002,true
video,180781012003791,1000000000,180781.00969541667,true
audio,180780991158083,1000000000,180781.02070729167,true
video,180781028670458,1000000000,180781.02707879167,true
audio,180781011158041,1000000000,180781.04205558336,true
video,180781045336958,1000000000,180781.0444536667,true
video,180781062003541,1000000000,180781.0623065,true
audio,180781031158083,1000000000,180781.06336733335,true
video,180781087003458,1000000000,180781.08228250002,true
audio,180781051158083,1000000000,180781.08472333333,true
video,180781103670041,1000000000,180781.09912300002,true
audio,180781071158041,1000000000,180781.1060845,true
video,180781120336750,1000000000,180781.11597175,true
audio,180781091158083,1000000000,180781.127352125,true
video,180781137003250,1000000000,180781.13340783335,true
audio,180781111158083,1000000000,180781.148745125,true
video,180781153669958,1000000000,180781.15034883335,true
video,180781170336458,1000000000,180781.16728258334,true
audio,180781131158083,1000000000,180781.16999416667,true
video,180781187003166,1000000000,180781.18468550002,true
audio,180781151158083,1000000000,180781.19138658335,true
video,180781203669666,1000000000,180781.20161683334,true
audio,180781171158083,1000000000,180781.21279566668,true
video,180781220336333,1000000000,180781.218357625,true
audio,180781191158083,1000000000,180781.234038375,true
video,180781237002833,1000000000,180781.23500554168,true
video,180781253669458,1000000000,180781.25235116668,true
audio,180781211158083,1000000000,180781.25536741668,true
video,180781270336041,1000000000,180781.269137625,true
audio,180781231158083,1000000000,180781.27673158335,true
audio,180781251158083,1000000000,180781.27677779167,true
video,180781287002625,1000000000,180781.28582941668,true
audio,180781271158083,1000000000,180781.29804233334,true
video,180781303669208,1000000000,180781.30275295835,true
audio,180781291158041,1000000000,180781.31939804167,true
video,180781320335958,1000000000,180781.32046958336,true
video,180781337002416,1000000000,180781.33713695835,true
audio,180781311158083,1000000000,180781.340758875,true
video,180781353669125,1000000000,180781.35385487502,true
audio,180781331158083,1000000000,180781.36201808334,true
video,180781370335708,1000000000,180781.37057658334,true
audio,180781351158083,1000000000,180781.38338245836,true
video,180781395335625,1000000000,180781.39057170835,true
audio,180781371158083,1000000000,180781.40472362502,true
video,180781412002208,1000000000,180781.40777908335,true
video,180781428668708,1000000000,180781.4254161667,true
audio,180781391158083,1000000000,180781.42600554167,true
video,180781445335458,1000000000,180781.44233154168,true
audio,180781411158083,1000000000,180781.44739766666,true
video,180781462001916,1000000000,180781.46019575,true
audio,180781431158083,1000000000,180781.46875641667,true
video,180781478668625,1000000000,180781.47687583335,true
audio,180781451158083,1000000000,180781.49006550002,true
video,180781495335125,1000000000,180781.494087125,true
video,180781512001708,1000000000,180781.51132275,true
audio,180781471158083,1000000000,180781.511386375,true
video,180781528668291,1000000000,180781.52848645835,true
audio,180781491158083,1000000000,180781.53278208335,true
video,180781545335000,1000000000,180781.54556991666,true
audio,180781511158041,1000000000,180781.55404845835,true
video,180781562001416,1000000000,180781.56225929168,true
audio,180781531158083,1000000000,180781.57538504168,true
video,180781587001333,1000000000,180781.580958125,true
audio,180781551158083,1000000000,180781.59668770834,true
audio,180781571158041,1000000000,180781.5967365,true
video,180781603668041,1000000000,180781.59858375002,true
video,180781620334541,1000000000,180781.6163942917,true
audio,180781591158083,1000000000,180781.61806325,true
video,180781637001125,1000000000,180781.6329671667,true
audio,180781611158083,1000000000,180781.63939783335,true
video,180781653667708,1000000000,180781.65061879167,true
audio,180781631158083,1000000000,180781.66076083336,true
video,180781670334416,1000000000,180781.66743733335,true
audio,180781651158083,1000000000,180781.68212241668,true
video,180781687000916,1000000000,180781.68447,true
video,180781703667541,1000000000,180781.70174066667,true
audio,180781671158083,1000000000,180781.70330058335,true
video,180781720334125,1000000000,180781.71821325002,true
audio,180781691158083,1000000000,180781.72472325002,true
video,180781737000708,1000000000,180781.73522533334,true
audio,180781711158083,1000000000,180781.74605625,true
video,180781753667333,1000000000,180781.752811125,true
audio,180781731158083,1000000000,180781.76735916667,true
video,180781770333916,1000000000,180781.77024958335,true
video,180781787000500,1000000000,180781.78729937502,true
audio,180781751158083,1000000000,180781.78875191667,true
video,180781803667083,1000000000,180781.80405095834,true
audio,180781771158083,1000000000,180781.81010320835,true
video,180781820333791,1000000000,180781.820573,true
audio,180781791158041,1000000000,180781.83147241667,true
video,180781845333583,1000000000,180781.84076216668,true
audio,180781811158083,1000000000,180781.85273325,true
video,180781862000166,1000000000,180781.85735545834,true
audio,180781831158083,1000000000,180781.87407983333,true
video,180781878666791,1000000000,180781.87501087502,true
video,180781895333500,1000000000,180781.892354125,true
audio,180781851158083,1000000000,180781.89536175,true
video,180781911999958,1000000000,180781.91008604167,true
audio,180781871158083,1000000000,180781.91674025002,true
video,180781928666583,1000000000,180781.927262,true
audio,180781891158083,1000000000,180781.938080625,true
video,180781945333291,1000000000,180781.945011125,true
audio,180781911158083,1000000000,180781.95937254166,true
audio,180781931158083,1000000000,180781.959422,true
video,180781961999791,1000000000,180781.9620740417,true
audio,180781951158083,1000000000,180781.98074779168,true
video,180781986999666,1000000000,180781.98250195835,true
video,180782003666291,1000000000,180781.99917995834,true
audio,180781971158083,1000000000,180782.0021115417,true
video,180782020332875,1000000000,180782.01738258335,true
audio,180781991158083,1000000000,180782.023440875,true
video,180782036999458,1000000000,180782.03496979168,true
audio,180782011158041,1000000000,180782.04476837502,true
video,180782053666166,1000000000,180782.05200316667,true
audio,180782031158083,1000000000,180782.06607662502,true
video,180782070332666,1000000000,180782.06979208335,true
video,180782086999375,1000000000,180782.08716275002,true
audio,180782051158083,1000000000,180782.08735883335,true
video,180782103665791,1000000000,180782.1038325,true
audio,180782071158041,1000000000,180782.10875895835,true
video,180782120332500,1000000000,180782.12064891667,true
audio,180782091158083,1000000000,180782.13004975,true
video,180782136999000,1000000000,180782.1372937917,true
audio,180782111158083,1000000000,180782.15137654167,true
video,180782161998875,1000000000,180782.15722758335,true
audio,180782131158083,1000000000,180782.17279162502,true
video,180782178665500,1000000000,180782.17416841668,true
video,180782195332208,1000000000,180782.19240025,true
audio,180782151158083,1000000000,180782.1940602917,true
video,180782211998708,1000000000,180782.2097385,true
audio,180782171158083,1000000000,180782.2154571667,true
video,180782228665291,1000000000,180782.22693375,true
audio,180782191158083,1000000000,180782.23676254167,true
video,180782245332000,1000000000,180782.24486366668,true
audio,180782211158083,1000000000,180782.25804087502,true
video,180782261998500,1000000000,180782.26224583335,true
audio,180782231158083,1000000000,180782.27940445836,true
audio,180782251158083,1000000000,180782.279461375,true
video,180782286998375,1000000000,180782.28202691668,true
video,180782303664958,1000000000,180782.29883220835,true
audio,180782271158083,1000000000,180782.30082262502,true
video,180782320331583,1000000000,180782.31603995836,true
audio,180782291158041,1000000000,180782.32202333334,true
video,180782336998166,1000000000,180782.33318495835,true
audio,180782311158083,1000000000,180782.34337683333,true
video,180782353664750,1000000000,180782.350210875,true
audio,180782331158083,1000000000,180782.36474750002,true
video,180782370331500,1000000000,180782.36720783333,true
video,180782386997958,1000000000,180782.38491362502,true
audio,180782351158083,1000000000,180782.38601920835,true
video,180782403664541,1000000000,180782.40236141667,true
audio,180782371158083,1000000000,180782.40737591666,true
video,180782420331166,1000000000,180782.419211875,true
audio,180782391158083,1000000000,180782.4286991667,true
video,180782436997875,1000000000,180782.43667020835,true
audio,180782411158083,1000000000,180782.45010841667,true
video,180782453664375,1000000000,180782.453455125,true
video,180782470330958,1000000000,180782.47050654166,true
audio,180782431158083,1000000000,180782.47129695833,true
video,180782486997541,1000000000,180782.48721516668,true
audio,180782451158083,1000000000,180782.49277320833,true
video,180782503664166,1000000000,180782.50401558334,true
audio,180782471158083,1000000000,180782.51402262502,true
video,180782528664041,1000000000,180782.52294108336,true
audio,180782491158083,1000000000,180782.53537283334,true
video,180782536997333,1000000000,180782.53977658335,true
audio,180782511158041,1000000000,180782.55675658333,true
video,180782561997166,1000000000,180782.55770725,true
video,180782578663833,1000000000,180782.5742772917,true
audio,180782531158083,1000000000,180782.5780405,true
video,180782586997083,1000000000,180782.59185720835,true
audio,180782551158083,1000000000,180782.59939275,true
audio,180782571158041,1000000000,180782.59941841668,true
video,180782611996958,1000000000,180782.609674875,true
audio,180782591158083,1000000000,180782.62068795835,true
video,180782628663625,1000000000,180782.62692770833,true
audio,180782611158083,1000000000,180782.64205904168,true
video,180782636996875,1000000000,180782.64485575,true
video,180782661996708,1000000000,180782.66145412502,true
audio,180782631158083,1000000000,180782.663349125,true
video,180782678663375,1000000000,180782.67855375,true
audio,180782651158083,1000000000,180782.68470800002,true
video,180782695330000,1000000000,180782.69576975002,true
audio,180782671158083,1000000000,180782.70614004167,true
video,180782720329875,1000000000,180782.71832954168,true
audio,180782691158083,1000000000,180782.72739087502,true
video,180782736996458,1000000000,180782.7351529167,true
audio,180782711158083,1000000000,180782.74869579167,true
video,180782753663083,1000000000,180782.75247620835,true
video,180782770329666,1000000000,180782.76952204166,true
audio,180782731158083,1000000000,180782.7700415,true
video,180782786996250,1000000000,180782.786406125,true
audio,180782751158083,1000000000,180782.791387,true
video,180782803663000,1000000000,180782.803202125,true
audio,180782771158083,1000000000,180782.81275462502,true
video,180782820329458,1000000000,180782.82047779168,true
audio,180782791158041,1000000000,180782.83410566667,true
video,180782836996041,1000000000,180782.837349625,true
video,180782853662625,1000000000,180782.85385429166,true
audio,180782811158083,1000000000,180782.85535208334,true
video,180782878662541,1000000000,180782.8741565,true
audio,180782831158083,1000000000,180782.87670183333,true
video,180782895329125,1000000000,180782.892119875,true
audio,180782851158083,1000000000,180782.89806504166,true
video,180782911995708,1000000000,180782.90984695836,true
audio,180782871158083,1000000000,180782.919383625,true
video,180782928662333,1000000000,180782.92650820836,true
audio,180782891158083,1000000000,180782.94073320835,true
video,180782945329041,1000000000,180782.94345104168,true
video,180782961995541,1000000000,180782.96067983334,true
audio,180782911158083,1000000000,180782.96198670834,true
audio,180782931158083,1000000000,180782.96202925002,true
video,180782978662125,1000000000,180782.97756683335,true
audio,180782951158083,1000000000,180782.98337991667,true
video,180782995328833,1000000000,180782.99477195836,true
audio,180782971158083,1000000000,180783.00476358333,true
video,180783011995333,1000000000,180783.01216,true
audio,180782991158083,1000000000,180783.02610241668,true
video,180783028662041,1000000000,180783.02887704168,true
video,180783045328625,1000000000,180783.0455469167,true
audio,180783011158041,1000000000,180783.04733975002,true
video,180783070328500,1000000000,180783.066696375,true
audio,180783031158083,1000000000,180783.068719625,true
video,180783086995000,1000000000,180783.08343675002,true
audio,180783051158083,1000000000,180783.09008725002,true
video,180783103661708,1000000000,180783.10132041667,true
audio,180783071158041,1000000000,180783.11134729168,true
video,180783120328291,1000000000,180783.11815729167,true
audio,180783091158083,1000000000,180783.13275408334,true
video,180783136994791,1000000000,180783.134782,true
video,180783153661375,1000000000,180783.15150983335,true
audio,180783111158083,1000000000,180783.15406458333,true
video,180783170328125,1000000000,180783.16933950002,true
audio,180783131158083,1000000000,180783.175387375,true
video,180783186994541,1000000000,180783.18699358334,true
audio,180783151158083,1000000000,180783.19673495836,true
video,180783203661166,1000000000,180783.2038876667,true
audio,180783171158083,1000000000,180783.21811104167,true
video,180783220327750,1000000000,180783.220611875,true
video,180783236994333,1000000000,180783.23730708336,true
audio,180783191158083,1000000000,180783.23939641667,true
video,180783261994250,1000000000,180783.25732145834,true
audio,180783211158083,1000000000,180783.26068033333,true
video,180783278660833,1000000000,180783.27414520836,true
audio,180783231158083,1000000000,180783.28205112502,true
audio,180783251158083,1000000000,180783.28208825,true
video,180783295327541,1000000000,180783.29175375,true
audio,180783271158083,1000000000,180783.30336400002,true
video,180783311994166,1000000000,180783.3089966667,true
audio,180783291158041,1000000000,180783.3247517917,true
video,180783328660625,1000000000,180783.32550341668,true
video,180783345327208,1000000000,180783.342905125,true
audio,180783311158083,1000000000,180783.34607304167,true
video,180783361993791,1000000000,180783.36036458335,true
audio,180783331158083,1000000000,180783.36734116668,true
video,180783378660416,1000000000,180783.37808904168,true
audio,180783351158083,1000000000,180783.38870475002,true
video,180783395327000,1000000000,180783.39542104167,true
audio,180783371158083,1000000000,180783.41012954168,true
video,180783411993708,1000000000,180783.41226283336,true
video,180783428660208,1000000000,180783.42896000002,true
audio,180783391158083,1000000000,180783.43137925002,true
video,180783445326958,1000000000,180783.44575512502,true
audio,180783411158083,1000000000,180783.45272733335,true
video,180783470326666,1000000000,180783.46763608334,true
audio,180783431158083,1000000000,180783.47402400002,true
video,180783486993250,1000000000,180783.48570241668,true
audio,180783451158083,1000000000,180783.49537566668,true
video,180783503659833,1000000000,180783.50260333336,true
audio,180783471158083,1000000000,180783.516718625,true
video,180783520326458,1000000000,180783.51963666666,true
video,180783536993041,1000000000,180783.53643233335,true
audio,180783491158083,1000000000,180783.53805379168,true
video,180783553659666,1000000000,180783.5533705,true
audio,180783511158041,1000000000,180783.559354125,true
video,180783570326375,1000000000,180783.57016262502,true
audio,180783531158083,1000000000,180783.580701125,true
video,180783586992875,1000000000,180783.58718495833,true
audio,180783551158083,1000000000,180783.602124875,true
audio,180783571158041,1000000000,180783.60221175003,true
video,180783603659583,1000000000,180783.60409058334,true
audio,180783591158083,1000000000,180783.62338754168,true
video,180783628659375,1000000000,180783.623570375,true
video,180783645325958,1000000000,180783.64067620834,true
audio,180783611158083,1000000000,180783.64466420835,true
video,180783661992541,1000000000,180783.65766325002,true
audio,180783631158083,1000000000,180783.66606658333,true
video,180783678659166,1000000000,180783.67529695833,true
audio,180783651158083,1000000000,180783.68737720835,true
video,180783686992458,1000000000,180783.69277708334,true
audio,180783671158083,1000000000,180783.70871395833,true
video,180783711992291,1000000000,180783.71008191668,true
video,180783728658875,1000000000,180783.72721325,true
audio,180783691158083,1000000000,180783.7301184167,true
video,180783745325583,1000000000,180783.74461183333,true
audio,180783711158083,1000000000,180783.751338375,true
video,180783761992083,1000000000,180783.76132258333,true
audio,180783731158083,1000000000,180783.77275679167,true
video,180783778658666,1000000000,180783.77906983334,true
audio,180783751158083,1000000000,180783.79407304167,true
video,180783803658583,1000000000,180783.79916541668,true
audio,180783771158083,1000000000,180783.81541491667,true
video,180783820325166,1000000000,180783.81680058336,true
video,180783836991791,1000000000,180783.83375775002,true
audio,180783791158041,1000000000,180783.83670929167,true
audio,180783811158083,1000000000,180783.84738770835,true
video,180783853658500,1000000000,180783.85152983334,true
video,180783870325083,1000000000,180783.86817920834,true
audio,180783831158083,1000000000,180783.86871908334,true
video,180783886991583,1000000000,180783.885999875,true
audio,180783851158083,1000000000,180783.89006991667,true
video,180783903658166,1000000000,180783.90334070835,true
audio,180783871158083,1000000000,180783.91139350002,true
video,180783920324875,1000000000,180783.92048045836,true
audio,180783891158083,1000000000,180783.93269533335,true
video,180783945324666,1000000000,180783.94105245834,true
audio,180783911158083,1000000000,180783.95407500002,true
audio,180783931158083,1000000000,180783.95413458336,true
video,180783961991250,1000000000,180783.95836804167,true
video,180783978657833,1000000000,180783.97522104168,true
audio,180783951158083,1000000000,180783.97530004167,true
video,180783995324541,1000000000,180783.992969125,true
audio,180783971158083,1000000000,180783.99666541666,true
video,180784011991166,1000000000,180784.01010862502,true
audio,180783991158083,1000000000,180784.01804920833,true
video,180784028657625,1000000000,180784.02755958334,true
audio,180784011158041,1000000000,180784.03943875,true
video,180784045324375,1000000000,180784.044303,true
audio,180784031158083,1000000000,180784.06067766668,true
video,180784061990833,1000000000,180784.06097979168,true
video,180784078657416,1000000000,180784.07824770836,true
audio,180784051158083,1000000000,180784.08211233333,true
video,180784095324000,1000000000,180784.09538195835,true
audio,180784071158041,1000000000,180784.10334391668,true
video,180784111990583,1000000000,180784.1121174167,true
audio,180784091158083,1000000000,180784.12471537502,true
video,180784128657208,1000000000,180784.12885541667,true
video,180784145323791,1000000000,180784.145603,true
audio,180784111158083,1000000000,180784.14610833334,true
video,180784161990375,1000000000,180784.162232,true
audio,180784131158083,1000000000,180784.16739875003,true
video,180784178657000,1000000000,180784.17903454168,true
audio,180784151158083,1000000000,180784.18869887502,true
video,180784203656875,1000000000,180784.19914770834,true
audio,180784171158083,1000000000,180784.210089125,true
video,180784220323500,1000000000,180784.216790375,true
audio,180784191158083,1000000000,180784.23138579167,true
video,180784236990083,1000000000,180784.2348695,true
video,180784253656708,1000000000,180784.25144379167,true
audio,180784211158083,1000000000,180784.25267395834,true
video,180784270323250,1000000000,180784.26814250002,true
audio,180784231158083,1000000000,180784.27409791667,true
audio,180784251158083,1000000000,180784.27414516668,true
video,180784286989833,1000000000,180784.28610491668,true
audio,180784271158083,1000000000,180784.2953747917,true
video,180784303656458,1000000000,180784.30265320835,true
audio,180784291158041,1000000000,180784.31674229167,true
video,180784320323041,1000000000,180784.31949516668,true
video,180784336989625,1000000000,180784.336506625,true
audio,180784311158083,1000000000,180784.33798241668,true
video,180784353656208,1000000000,180784.35318825,true
audio,180784331158083,1000000000,180784.35939858336,true
video,180784370322916,1000000000,180784.37064166667,true
audio,180784351158083,1000000000,180784.38075279168,true
video,180784386989416,1000000000,180784.38722308335,true
audio,180784371158083,1000000000,180784.40209875,true
video,180784403656000,1000000000,180784.40392533335,true
audio,180784391158083,1000000000,180784.42338470835,true
video,180784428656041,1000000000,180784.423929375,true
video,180784445322500,1000000000,180784.44081629167,true
audio,180784411158083,1000000000,180784.4447754167,true
video,180784461989083,1000000000,180784.458442875,true
audio,180784431158083,1000000000,180784.46615691666,true
video,180784478655666,1000000000,180784.47578245835,true
audio,180784451158083,1000000000,180784.487394625,true
video,180784495322250,1000000000,180784.49319754168,true
audio,180784471158083,1000000000,180784.5087049167,true
video,180784511988875,1000000000,180784.51085437502,true
video,180784520322166,1000000000,180784.52814025,true
audio,180784491158083,1000000000,180784.5300195,true
video,180784536988750,1000000000,180784.54530341667,true
audio,180784511158041,1000000000,180784.55136970835,true
video,180784561988625,1000000000,180784.56229041668,true
audio,180784531158083,1000000000,180784.57275633333,true
video,180784586988500,1000000000,180784.58158645834,true
audio,180784551158083,1000000000,180784.59409041668,true
audio,180784571158041,1000000000,180784.5941412917,true
video,180784603655166,1000000000,180784.59899583334,true
audio,180784591158083,1000000000,180784.61538287502,true
video,180784611988416,1000000000,180784.61645187502,true
video,180784636988333,1000000000,180784.63298308334,true
audio,180784611158083,1000000000,180784.63665508333,true
video,180784653655083,1000000000,180784.65027670836,true
audio,180784631158083,1000000000,180784.658052125,true
video,180784661988416,1000000000,180784.667418625,true
audio,180784651158083,1000000000,180784.67943633333,true
video,180784686988291,1000000000,180784.684935875,true
audio,180784671158083,1000000000,180784.700734125,true
video,180784703654750,1000000000,180784.70322508336,true
video,180784720321333,1000000000,180784.72011366667,true
audio,180784691158083,1000000000,180784.7220769167,true
video,180784736988041,1000000000,180784.7371155,true
audio,180784711158083,1000000000,180784.74342229168,true
video,180784753654541,1000000000,180784.75377279168,true
audio,180784731158083,1000000000,180784.76475275002,true
video,180784770321125,1000000000,180784.7705040417,true
audio,180784751158083,1000000000,180784.78605012503,true
video,180784795321125,1000000000,180784.79062787502,true
audio,180784771158083,1000000000,180784.80743970835,true
video,180784811987583,1000000000,180784.8090231667,true
video,180784828654166,1000000000,180784.82688320836,true
audio,180784791158041,1000000000,180784.828695375,true
video,180784845320750,1000000000,180784.84398020833,true
audio,180784811158083,1000000000,180784.85007775002,true
video,180784861987333,1000000000,180784.86076120834,true
audio,180784831158083,1000000000,180784.871405,true
video,180784878653958,1000000000,180784.87820004168,true
audio,180784851158083,1000000000,180784.892717625,true
video,180784895320666,1000000000,180784.89514775,true
video,180784911987125,1000000000,180784.91211529166,true
audio,180784871158083,1000000000,180784.91408033334,true
video,180784928653750,1000000000,180784.92893404167,true
audio,180784891158083,1000000000,180784.93540916668,true
video,180784953653625,1000000000,180784.94896566667,true
audio,180784911158083,1000000000,180784.95670550002,true
audio,180784931158083,1000000000,180784.95674733334,true
video,180784970320250,1000000000,180784.96696145835,true
audio,180784951158083,1000000000,180784.97804400002,true
video,180784986986833,1000000000,180784.984043875,true
audio,180784971158083,1000000000,180784.99939195835,true
video,180785003653416,1000000000,180785.00145950002,true
video,180785020320041,1000000000,180785.01913429168,true
audio,180784991158083,1000000000,180785.02086220833,true
video,180785036986583,1000000000,180785.03630020833,true
audio,180785011158041,1000000000,180785.04206,true
video,180785053653208,1000000000,180785.05376529167,true
audio,180785031158083,1000000000,180785.063338875,true
video,180785070319916,1000000000,180785.07045866668,true
audio,180785051158083,1000000000,180785.08474375002,true
video,180785086986500,1000000000,180785.08731662502,true
audio,180785071158041,1000000000,180785.106063,true
video,180785111986291,1000000000,180785.10689533333,true
video,180785128652916,1000000000,180785.1238892917,true
audio,180785091158083,1000000000,180785.12736704168,true
video,180785145319500,1000000000,180785.140889625,true
audio,180785111158083,1000000000,180785.14878450002,true
video,180785161986083,1000000000,180785.15871079167,true
audio,180785131158083,1000000000,180785.17006245835,true
video,180785178652750,1000000000,180785.17590579166,true
audio,180785151158083,1000000000,180785.19138758336,true
video,180785195319416,1000000000,180785.19272079167,true
video,180785211986041,1000000000,180785.20978770836,true
audio,180785171158083,1000000000,180785.2126970417,true
video,180785228652458,1000000000,180785.22746170833,true
audio,180785191158083,1000000000,180785.23402600002,true
video,180785245319083,1000000000,180785.2442527917,true
audio,180785211158083,1000000000,180785.2554085,true
video,180785261985666,1000000000,180785.26107995835,true
audio,180785231158083,1000000000,180785.27671916666,true
audio,180785251158083,1000000000,180785.27675541668,true
video,180785278652250,1000000000,180785.278587125,true
video,180785295318958,1000000000,180785.29549554168,true
audio,180785271158083,1000000000,180785.29806283335,true
video,180785311985458,1000000000,180785.31224545834,true
audio,180785291158041,1000000000,180785.31939825002,true
video,180785328652041,1000000000,180785.32884825,true
audio,180785311158083,1000000000,180785.340754375,true
video,180785353651875,1000000000,180785.34914200002,true
audio,180785331158083,1000000000,180785.36208433335,true
video,180785370318500,1000000000,180785.3660195,true
video,180785386985083,1000000000,180785.38341229167,true
audio,180785351158083,1000000000,180785.38347279167,true
video,180785403651666,1000000000,180785.40133541668,true
audio,180785371158083,1000000000,180785.40475008334,true
video,180785420318416,1000000000,180785.41906395834,true
audio,180785391158083,1000000000,180785.42607087502,true
video,180785436984875,1000000000,180785.43628670834,true
audio,180785411158083,1000000000,180785.44741945833,true
video,180785453651458,1000000000,180785.45390708334,true
audio,180785431158083,1000000000,180785.46874529167,true
video,180785470318083,1000000000,180785.470561875,true
audio,180785451158083,1000000000,180785.49002945833,true
video,180785495318083,1000000000,180785.49066195835,true
video,180785511984583,1000000000,180785.50847670835,true
audio,180785471158083,1000000000,180785.51138654168,true
video,180785528651125,1000000000,180785.5255604167,true
audio,180785491158083,1000000000,180785.53273920834,true
video,180785536984416,1000000000,180785.542587125,true
audio,180785511158041,1000000000,180785.5540962917,true
video,180785553651041,1000000000,180785.55918941667,true
audio,180785531158083,1000000000,180785.57539466667,true
video,180785578650916,1000000000,180785.57597883334,true
video,180785595317666,1000000000,180785.59343266668,true
audio,180785551158083,1000000000,180785.59677404168,true
audio,180785571158041,1000000000,180785.596822625,true
video,180785603651000,1000000000,180785.61056687502,true
audio,180785591158083,1000000000,180785.6180336667,true
video,180785628650875,1000000000,180785.62733041667,true
audio,180785611158083,1000000000,180785.63944341667,true
video,180785645317458,1000000000,180785.6444965,true
audio,180785631158083,1000000000,180785.660738625,true
video,180785661983916,1000000000,180785.66136833336,true
video,180785670317166,1000000000,180785.67848970834,true
audio,180785651158083,1000000000,180785.68201762502,true
video,180785695317083,1000000000,180785.6957729167,true
audio,180785671158083,1000000000,180785.70338183336,true
video,180785720317125,1000000000,180785.71601308335,true
audio,180785691158083,1000000000,180785.72477433336,true
video,180785736983583,1000000000,180785.7346435,true
audio,180785711158083,1000000000,180785.74606416668,true
video,180785753650208,1000000000,180785.75177950002,true
audio,180785731158083,1000000000,180785.76738741668,true
video,180785770316916,1000000000,180785.76964429166,true
video,180785786983375,1000000000,180785.78621216668,true
audio,180785751158083,1000000000,180785.78868783335,true
video,180785803650000,1000000000,180785.803146875,true
audio,180785771158083,1000000000,180785.81005183334,true
video,180785820316708,1000000000,180785.82003316667,true
audio,180785791158041,1000000000,180785.83139775,true
video,180785836983291,1000000000,180785.83721975,true
audio,180785811158083,1000000000,180785.85272420835,true
video,180785861983041,1000000000,180785.85835695834,true
audio,180785831158083,1000000000,180785.874087375,true
video,180785878649666,1000000000,180785.87546425,true
video,180785895316250,1000000000,180785.893128625,true
audio,180785851158083,1000000000,180785.89538370835,true
video,180785911982791,1000000000,180785.90988604169,true
audio,180785871158083,1000000000,180785.91671554168,true
video,180785928649416,1000000000,180785.92712887502,true
audio,180785891158083,1000000000,180785.938085875,true
video,180785945316000,1000000000,180785.9444655,true
audio,180785911158083,1000000000,180785.95936604167,true
audio,180785931158083,1000000000,180785.95941166667,true
video,180785961982708,1000000000,180785.96131883335,true
video,180785978649333,1000000000,180785.97839408336,true
audio,180785951158083,1000000000,180785.98073683336,true
video,180785995315791,1000000000,180785.99521954168,true
audio,180785971158083,1000000000,180786.00204458335,true
video,180786011982375,1000000000,180786.0121714167,true
audio,180785991158083,1000000000,180786.02344225,true
video,180786036982250,1000000000,180786.032442125,true
audio,180786011158041,1000000000,180786.04478925,true
video,180786053648875,1000000000,180786.04919275,true
audio,180786031158083,1000000000,180786.06609670835,true
video,180786070315583,1000000000,180786.06720383334,true
video,180786086982166,1000000000,180786.084423625,true
audio,180786051158083,1000000000,180786.08741512502,true
video,180786103648666,1000000000,180786.10134066668,true
audio,180786071158041,1000000000,180786.10871204166,true
video,180786120315250,1000000000,180786.11794779167,true
audio,180786091158083,1000000000,180786.13002554167,true
video,180786128648541,1000000000,180786.13520404167,true
audio,180786111158083,1000000000,180786.15140308335,true
video,180786153648541,1000000000,180786.15230683333,true
video,180786170315041,1000000000,180786.16926779167,true
audio,180786131158083,1000000000,180786.17276854167,true
video,180786186981625,1000000000,180786.186175,true
audio,180786151158083,1000000000,180786.19408745834,true
video,180786203648208,1000000000,180786.20327458336,true
audio,180786171158083,1000000000,180786.21537816667,true
video,180786220314958,1000000000,180786.220482375,true
audio,180786191158083,1000000000,180786.23672308333,true
video,180786236981416,1000000000,180786.23711012502,true
video,180786253648041,1000000000,180786.25383258334,true
audio,180786211158083,1000000000,180786.25809308334,true
video,180786270314583,1000000000,180786.27081120835,true
audio,180786231158083,1000000000,180786.27941645833,true
audio,180786251158083,1000000000,180786.27945366668,true
video,180786295314500,1000000000,180786.29062666668,true
audio,180786271158083,1000000000,180786.30070216669,true
video,180786311981083,1000000000,180786.3084732917,true
audio,180786291158041,1000000000,180786.32205762502,true
video,180786328647666,1000000000,180786.32546129168,true
video,180786345314291,1000000000,180786.34297804168,true
audio,180786311158083,1000000000,180786.34336454168,true
video,180786361980875,1000000000,180786.360097625,true
audio,180786331158083,1000000000,180786.36478912501,true
video,180786378647500,1000000000,180786.376987625,true
audio,180786351158083,1000000000,180786.38611833335,true
video,180786395314083,1000000000,180786.39427070835,true
audio,180786371158083,1000000000,180786.40742233334,true
video,180786411980666,1000000000,180786.41128958334,true
video,180786428647250,1000000000,180786.42797320834,true
audio,180786391158083,1000000000,180786.428641375,true
video,180786445313791,1000000000,180786.44583720833,true
audio,180786411158083,1000000000,180786.45003258335,true
video,180786470313708,1000000000,180786.46665516667,true
audio,180786431158083,1000000000,180786.47137133335,true
video,180786486980291,1000000000,180786.483384875,true
audio,180786451158083,1000000000,180786.49272154167,true
video,180786503647000,1000000000,180786.50077579168,true
audio,180786471158083,1000000000,180786.51403008334,true
video,180786520313625,1000000000,180786.51774433334,true
video,180786536980083,1000000000,180786.53528166667,true
audio,180786491158083,1000000000,180786.53536325,true
video,180786553646708,1000000000,180786.55252558333,true
audio,180786511158041,1000000000,180786.55677120836,true
video,180786570313291,1000000000,180786.56956083333,true
audio,180786531158083,1000000000,180786.57812800002,true
video,180786586980000,1000000000,180786.58707150002,true
audio,180786551158083,1000000000,180786.59940112501,true
audio,180786571158041,1000000000,180786.599438875,true
video,180786603646458,1000000000,180786.6041545,true
audio,180786591158083,1000000000,180786.62074,true
video,180786628646458,1000000000,180786.622886625,true
video,180786636979791,1000000000,180786.64043316667,true
audio,180786611158083,1000000000,180786.64199912501,true
video,180786661979500,1000000000,180786.6576164167,true
audio,180786631158083,1000000000,180786.663428625,true
video,180786678646291,1000000000,180786.67535608335,true
audio,180786651158083,1000000000,180786.6847839167,true
video,180786695312750,1000000000,180786.69295733335,true
audio,180786671158083,1000000000,180786.70607258336,true
video,180786711979375,1000000000,180786.7105762917,true
audio,180786691158083,1000000000,180786.72737716668,true
video,180786728645958,1000000000,180786.728523625,true
video,180786745312500,1000000000,180786.74555875,true
audio,180786711158083,1000000000,180786.748712625,true
video,180786761979125,1000000000,180786.76241608334,true
audio,180786731158083,1000000000,180786.77003058334,true
video,180786786979000,1000000000,180786.78238379167,true
audio,180786751158083,1000000000,180786.79145850003,true
video,180786803645625,1000000000,180786.79992941668,true
audio,180786771158083,1000000000,180786.81272000002,true
video,180786820312208,1000000000,180786.81687666668,true
video,180786836978916,1000000000,180786.834034875,true
audio,180786791158041,1000000000,180786.83414445835,true
video,180786853645416,1000000000,180786.8511969167,true
audio,180786811158083,1000000000,180786.855400875,true
video,180786870312000,1000000000,180786.86789875,true
audio,180786831158083,1000000000,180786.8767330417,true
video,180786886978583,1000000000,180786.88477666667,true
audio,180786851158083,1000000000,180786.89805400002,true
video,180786903645166,1000000000,180786.90229608334,true
video,180786920311875,1000000000,180786.9194076667,true
audio,180786871158083,1000000000,180786.91946225002,true
video,180786936978375,1000000000,180786.93637170835,true
audio,180786891158083,1000000000,180786.94069166668,true
video,180786953644958,1000000000,180786.95364695834,true
audio,180786911158083,1000000000,180786.96206695834,true
audio,180786931158083,1000000000,180786.96209708333,true
video,180786970311666,1000000000,180786.970601625,true
audio,180786951158083,1000000000,180786.98345275002,true
video,180786995311416,1000000000,180786.99031816667,true
audio,180786971158083,1000000000,180787.004755875,true
video,180787011978000,1000000000,180787.00734904167,true
video,180787028644583,1000000000,180787.02530862502,true
audio,180786991158083,1000000000,180787.02606962502,true
video,180787045311291,1000000000,180787.042672375,true
audio,180787011158041,1000000000,180787.04737929167,true
video,180787061977791,1000000000,180787.05982262501,true
audio,180787031158083,1000000000,180787.06876104168,true
video,180787078644375,1000000000,180787.07673612502,true
audio,180787051158083,1000000000,180787.09009116667,true
video,180787095311000,1000000000,180787.09440629167,true
audio,180787071158041,1000000000,180787.11148058335,true
video,180787111977583,1000000000,180787.11160520834,true
video,180787128644166,1000000000,180787.12833975002,true
audio,180787091158083,1000000000,180787.13269704167,true
video,180787145310875,1000000000,180787.14547029167,true
audio,180787111158083,1000000000,180787.15403250002,true
video,180787161977333,1000000000,180787.16229516666,true
audio,180787131158083,1000000000,180787.175387375,true
video,180787186977250,1000000000,180787.18270225002,true
audio,180787151158083,1000000000,180787.19672845834,true
video,180787203643833,1000000000,180787.20006420836,true
video,180787220310458,1000000000,180787.217429125,true
audio,180787171158083,1000000000,180787.21802758335,true
video,180787236977041,1000000000,180787.23476091668,true
audio,180787191158083,1000000000,180787.23940270834,true
video,180787253643625,1000000000,180787.25193491668,true
audio,180787211158083,1000000000,180787.26075995836,true
video,180787270310208,1000000000,180787.26918404168,true
audio,180787231158083,1000000000,180787.282145625,true
audio,180787251158083,1000000000,180787.282183375,true
video,180787286976791,1000000000,180787.28595229168,true
video,180787303643416,1000000000,180787.30316162502,true
audio,180787271158083,1000000000,180787.30337858334,true
video,180787320310000,1000000000,180787.32060570834,true
audio,180787291158041,1000000000,180787.32472333335,true
video,180787345310041,1000000000,180787.340422,true
audio,180787311158083,1000000000,180787.34603916667,true
video,180787361976500,1000000000,180787.35752225,true
audio,180787331158083,1000000000,180787.367368875,true
video,180787378643083,1000000000,180787.3753720417,true
audio,180787351158083,1000000000,180787.38873733336,true
video,180787395309666,1000000000,180787.39307966668,true
video,180787411976250,1000000000,180787.41001175,true
audio,180787371158083,1000000000,180787.41007191667,true
video,180787428642875,1000000000,180787.42679295834,true
audio,180787391158083,1000000000,180787.4313742917,true
video,180787445309458,1000000000,180787.44336250002,true
audio,180787411158083,1000000000,180787.45266475002,true
video,180787461976166,1000000000,180787.46141000002,true
audio,180787431158083,1000000000,180787.47406895834,true
video,180787478642666,1000000000,180787.47828995835,true
video,180787495309250,1000000000,180787.4948110417,true
audio,180787451158083,1000000000,180787.49544858336,true
video,180787511975958,1000000000,180787.51225116669,true
audio,180787471158083,1000000000,180787.51677204168,true
video,180787520309125,1000000000,180787.529004,true
audio,180787491158083,1000000000,180787.53810625002,true
video,180787553642291,1000000000,180787.54792133335,true
audio,180787511158041,1000000000,180787.55933391667,true
video,180787570308916,1000000000,180787.56528162502,true
audio,180787531158083,1000000000,180787.58067804168,true
video,180787578642166,1000000000,180787.58259391668,true
video,180787595308916,1000000000,180787.59941379167,true
audio,180787551158083,1000000000,180787.60205933335,true
audio,180787571158041,1000000000,180787.60210454167,true
video,180787611975375,1000000000,180787.61639275,true
audio,180787591158083,1000000000,180787.623348875,true
video,180787628642000,1000000000,180787.63446558334,true
audio,180787611158083,1000000000,180787.64467895834,true
video,180787645308541,1000000000,180787.65143066668,true
audio,180787631158083,1000000000,180787.666076875,true
video,180787661975125,1000000000,180787.66856929168,true
video,180787686975000,1000000000,180787.68639045834,true
audio,180787651158083,1000000000,180787.68738108335,true
video,180787703641625,1000000000,180787.703455375,true
audio,180787671158083,1000000000,180787.70871775,true
video,180787720308250,1000000000,180787.72067575002,true
audio,180787691158083,1000000000,180787.73006983334,true
video,180787736974833,1000000000,180787.73729558336,true
audio,180787711158083,1000000000,180787.75141570834,true
video,180787761974833,1000000000,180787.75927516667,true
audio,180787731158083,1000000000,180787.772726625,true
video,180787778641291,1000000000,180787.77662420835,true
video,180787795308041,1000000000,180787.79387404167,true
audio,180787751158083,1000000000,180787.79407433333,true
video,180787811974625,1000000000,180787.81081637501,true
audio,180787771158083,1000000000,180787.8154945,true
video,180787828641083,1000000000,180787.8277520417,true
audio,180787791158041,1000000000,180787.83677595833,true
video,180787845307708,1000000000,180787.84496425002,true
audio,180787811158083,1000000000,180787.847415875,true
video,180787861974291,1000000000,180787.86183925002,true
audio,180787831158083,1000000000,180787.86869145834,true
video,180787878640875,1000000000,180787.87879879167,true
audio,180787851158083,1000000000,180787.89005025002,true
video,180787895307500,1000000000,180787.8954769167,true
audio,180787871158083,1000000000,180787.91137858335,true
video,180787903640750,1000000000,180787.91246125,true
video,180787936973958,1000000000,180787.93218108334,true
audio,180787891158083,1000000000,180787.93269487502,true
video,180787945307250,1000000000,180787.949296375,true
audio,180787911158083,1000000000,180787.95403095835,true
audio,180787931158083,1000000000,180787.95409604168,true
video,180787970307291,1000000000,180787.96600791666,true
audio,180787951158083,1000000000,180787.9753785,true
video,180787986973875,1000000000,180787.98389408336,true
audio,180787971158083,1000000000,180787.99667354167,true
video,180787995307041,1000000000,180788.00089825,true
audio,180787991158083,1000000000,180788.01811716668,true
video,180788020307083,1000000000,180788.01838529168,true
video,180788036973541,1000000000,180788.03561895835,true
audio,180788011158041,1000000000,180788.03944754167,true
video,180788053640125,1000000000,180788.0524267917,true
audio,180788031158083,1000000000,180788.06072500002,true
video,180788070306708,1000000000,180788.0702417917,true
audio,180788051158083,1000000000,180788.0820675,true
video,180788086973375,1000000000,180788.08712729168,true
audio,180788071158041,1000000000,180788.1034672917,true
video,180788111973166,1000000000,180788.106807125,true
audio,180788091158083,1000000000,180788.12471820833,true
video,180788128639750,1000000000,180788.1258215,true
video,180788145306375,1000000000,180788.14361375,true
audio,180788111158083,1000000000,180788.14607529168,true
video,180788153639625,1000000000,180788.160576875,true
audio,180788131158083,1000000000,180788.16739758334,true
video,180788178639666,1000000000,180788.1771934167,true
audio,180788151158083,1000000000,180788.18875079168,true
video,180788195306125,1000000000,180788.19521575002,true
audio,180788171158083,1000000000,180788.210027875,true
video,180788203639541,1000000000,180788.21238541667,true
audio,180788191158083,1000000000,180788.23145791667,true
video,180788236972625,1000000000,180788.23248295835,true
video,180788253639333,1000000000,180788.250979625,true
audio,180788211158083,1000000000,180788.25263483333,true
video,180788270305833,1000000000,180788.26804458335,true
audio,180788231158083,1000000000,180788.27407654168,true
audio,180788251158083,1000000000,180788.27411908333,true
video,180788278639083,1000000000,180788.28601341668,true
audio,180788271158083,1000000000,180788.295385875,true
video,180788303639125,1000000000,180788.30282437502,true
audio,180788291158041,1000000000,180788.3167285417,true
video,180788311972291,1000000000,180788.32004891668,true
video,180788336972333,1000000000,180788.33729791667,true
audio,180788311158083,1000000000,180788.33803725,true
video,180788361972083,1000000000,180788.35781820834,true
audio,180788331158083,1000000000,180788.35936983334,true
video,180788378638666,1000000000,180788.37572641668,true
audio,180788351158083,1000000000,180788.38070216667,true
video,180788395305250,1000000000,180788.39306600002,true
audio,180788371158083,1000000000,180788.40207458334,true
video,180788411971833,1000000000,180788.40991183335,true
audio,180788391158083,1000000000,180788.42341854167,true
video,180788428638458,1000000000,180788.427886875,true
video,180788445305041,1000000000,180788.44452804167,true
audio,180788411158083,1000000000,180788.44476570835,true
video,180788461971750,1000000000,180788.462395,true
audio,180788431158083,1000000000,180788.46607916668,true
video,180788486971625,1000000000,180788.48266475002,true
audio,180788451158083,1000000000,180788.487361125,true
video,180788503638125,1000000000,180788.5004409167,true
audio,180788471158083,1000000000,180788.50872558335,true
video,180788511971416,1000000000,180788.51780583334,true
audio,180788491158083,1000000000,180788.53007191667,true
video,180788536971250,1000000000,180788.5345766667,true
audio,180788511158041,1000000000,180788.55141520835,true
video,180788545304625,1000000000,180788.552318125,true
video,180788561971208,1000000000,180788.569836375,true
audio,180788531158083,1000000000,180788.57277254167,true
video,180788578637791,1000000000,180788.58682916668,true
audio,180788551158083,1000000000,180788.59405225,true
audio,180788571158041,1000000000,180788.594082125,true
video,180788595304541,1000000000,180788.60394533334,true
audio,180788591158083,1000000000,180788.61539012502,true
video,180788628637500,1000000000,180788.62301625,true
audio,180788611158083,1000000000,180788.63676475,true
video,180788645304125,1000000000,180788.64045275,true
video,180788661970750,1000000000,180788.65716666667,true
audio,180788631158083,1000000000,180788.65804045834,true
video,180788678637333,1000000000,180788.67517041668,true
audio,180788651158083,1000000000,180788.67939133334,true
video,180788695303875,1000000000,180788.692101875,true
audio,180788671158083,1000000000,180788.70073375,true
video,180788711970500,1000000000,180788.70982395834,true
audio,180788691158083,1000000000,180788.722068,true
video,180788728637083,1000000000,180788.72680345835,true
audio,180788711158083,1000000000,180788.74340304168,true
video,180788745303666,1000000000,180788.74427354167,true
video,180788761970375,1000000000,180788.76113879168,true
audio,180788731158083,1000000000,180788.76474579168,true
video,180788778636875,1000000000,180788.77787312501,true
audio,180788751158083,1000000000,180788.7861021667,true
video,180788795303500,1000000000,180788.79536595836,true
audio,180788771158083,1000000000,180788.80748166668,true
video,180788811970083,1000000000,180788.81237083336,true
audio,180788791158041,1000000000,180788.82874458336,true
video,180788836970041,1000000000,180788.83236975002,true
audio,180788811158083,1000000000,180788.85009770835,true
video,180788853636541,1000000000,180788.85027079168,true
video,180788870303125,1000000000,180788.8681625,true
audio,180788831158083,1000000000,180788.87137370833,true
video,180788886969833,1000000000,180788.885105625,true
audio,180788851158083,1000000000,180788.89271695833,true
video,180788903636333,1000000000,180788.90281375,true
audio,180788871158083,1000000000,180788.91403416666,true
video,180788920302916,1000000000,180788.92065020834,true
audio,180788891158083,1000000000,180788.93539820836,true
video,180788945302791,1000000000,180788.94097970834,true
audio,180788911158083,1000000000,180788.95682725002,true
audio,180788931158083,1000000000,180788.95689241667,true
video,180788961969500,1000000000,180788.95833295834,true
video,180788978636000,1000000000,180788.97548708334,true
audio,180788951158083,1000000000,180788.97811416668,true
video,180788995302583,1000000000,180788.99194758333,true
audio,180788971158083,1000000000,180788.9994515,true
video,180789011969291,1000000000,180789.00957908336,true
audio,180788991158083,1000000000,180789.02072758335,true
video,180789028635791,1000000000,180789.02628870835,true
audio,180789011158041,1000000000,180789.04206266667,true
video,180789045302375,1000000000,180789.04397325002,true
video,180789061968958,1000000000,180789.060886625,true
audio,180789031158083,1000000000,180789.06336658334,true
video,180789078635541,1000000000,180789.07820191668,true
audio,180789051158083,1000000000,180789.08473212502,true
video,180789095302166,1000000000,180789.09519883335,true
audio,180789071158041,1000000000,180789.10606583333,true
video,180789111968750,1000000000,180789.11223783335,true
audio,180789091158083,1000000000,180789.12746133335,true
video,180789128635333,1000000000,180789.12888420833,true
audio,180789111158083,1000000000,180789.1488057917,true
video,180789153635250,1000000000,180789.14906754167,true
video,180789170301833,1000000000,180789.16694225,true
audio,180789131158083,1000000000,180789.17013954167,true
video,180789186968375,1000000000,180789.18348545834,true
audio,180789151158083,1000000000,180789.19137495835,true
video,180789203634958,1000000000,180789.20154129167,true
audio,180789171158083,1000000000,180789.2127659167,true
video,180789220301583,1000000000,180789.21789216666,true
audio,180789191158083,1000000000,180789.23409266668,true
video,180789236968166,1000000000,180789.2350799167,true
video,180789253634750,1000000000,180789.2521456667,true
audio,180789211158083,1000000000,180789.25536487502,true
video,180789270301333,1000000000,180789.26905287502,true
audio,180789231158083,1000000000,180789.27672816667,true
audio,180789251158083,1000000000,180789.27675958336,true
video,180789286967916,1000000000,180789.28605125,true
audio,180789271158083,1000000000,180789.29809641666,true
video,180789303634625,1000000000,180789.30319120834,true
audio,180789291158041,1000000000,180789.3194540417,true
video,180789320301125,1000000000,180789.32023108334,true
video,180789336967833,1000000000,180789.33704925003,true
audio,180789311158083,1000000000,180789.34070291667,true
video,180789353634333,1000000000,180789.35385141667,true
audio,180789331158083,1000000000,180789.36206733334,true
video,180789378634166,1000000000,180789.373597375,true
audio,180789351158083,1000000000,180789.38354162502,true
video,180789395300791,1000000000,180789.39050795833,true
audio,180789371158083,1000000000,180789.40474725002,true
video,180789411967375,1000000000,180789.408039625,true
video,180789428634083,1000000000,180789.4256340417,true
audio,180789391158083,1000000000,180789.42597595835,true
video,180789445300583,1000000000,180789.44331233334,true
audio,180789411158083,1000000000,180789.44737675,true
video,180789461967250,1000000000,180789.460446125,true
audio,180789431158083,1000000000,180789.46875783335,true
video,180789478633750,1000000000,180789.47810166667,true
audio,180789451158083,1000000000,180789.49003420834,true
video,180789486967041,1000000000,180789.495642625,true
audio,180789471158083,1000000000,180789.51141795833,true
video,180789520300250,1000000000,180789.515331125,true
video,180789536966958,1000000000,180789.53215125002,true
audio,180789491158083,1000000000,180789.53266254166,true
video,180789553633541,1000000000,180789.55003258336,true
audio,180789511158041,1000000000,180789.554003625,true
video,180789570300000,1000000000,180789.566911375,true
audio,180789531158083,1000000000,180789.57543820835,true
video,180789586966625,1000000000,180789.58369083336,true
audio,180789551158083,1000000000,180789.59677191667,true
audio,180789571158041,1000000000,180789.596823125,true
video,180789603633208,1000000000,180789.600619375,true
audio,180789591158083,1000000000,180789.618144625,true
video,180789620299916,1000000000,180789.618274625,true
video,180789636966500,1000000000,180789.63523487502,true
audio,180789611158083,1000000000,180789.63937891668,true
video,180789645299708,1000000000,180789.65278375,true
audio,180789631158083,1000000000,180789.66076741667,true
video,180789661966291,1000000000,180789.6694610417,true
audio,180789651158083,1000000000,180789.68203808335,true
video,180789678632875,1000000000,180789.68615712502,true
video,180789695299458,1000000000,180789.703269875,true
audio,180789671158083,1000000000,180789.70342229167,true
video,180789720299291,1000000000,180789.72031533334,true
audio,180789691158083,1000000000,180789.72473483335,true
video,180789736965916,1000000000,180789.73736041668,true
audio,180789711158083,1000000000,180789.74605629168,true
video,180789761965750,1000000000,180789.75736229168,true
audio,180789731158083,1000000000,180789.7674384167,true
video,180789778632416,1000000000,180789.77607825,true
audio,180789751158083,1000000000,180789.78874491667,true
video,180789795299000,1000000000,180789.7931044167,true
audio,180789771158083,1000000000,180789.8100444167,true
video,180789811965583,1000000000,180789.81134879167,true
video,180789828632166,1000000000,180789.82810558335,true
audio,180789791158041,1000000000,180789.831309125,true
video,180789845298791,1000000000,180789.8455925,true
audio,180789811158083,1000000000,180789.85269304167,true
video,180789870298666,1000000000,180789.86579854166,true
audio,180789831158083,1000000000,180789.87406441668,true
video,180789886965250,1000000000,180789.88331920834,true
audio,180789851158083,1000000000,180789.8953431667,true
video,180789903631958,1000000000,180789.90114262502,true
audio,180789871158083,1000000000,180789.91678720835,true
video,180789920298541,1000000000,180789.918963125,true
video,180789936965125,1000000000,180789.93660575,true
audio,180789891158083,1000000000,180789.93799345836,true
video,180789953631625,1000000000,180789.95376816668,true
audio,180789911158083,1000000000,180789.95938616668,true
audio,180789931158083,1000000000,180789.95943120835,true
video,180789970298250,1000000000,180789.97051454167,true
audio,180789951158083,1000000000,180789.98075412502,true
video,180789986964791,1000000000,180789.98730391669,true
audio,180789971158083,1000000000,180790.0021382917,true
video,180790003631375,1000000000,180790.00395120835,true
audio,180789991158083,1000000000,180790.023468,true
video,180790028631291,1000000000,180790.02431716668,true
video,180790045297875,1000000000,180790.04217133333,true
audio,180790011158041,1000000000,180790.04473712502,true
video,180790053631291,1000000000,180790.05956491668,true
audio,180790031158083,1000000000,180790.066039375,true
video,180790078631000,1000000000,180790.07608379168,true
audio,180790051158083,1000000000,180790.0873382917,true
video,180790095297666,1000000000,180790.09388329167,true
audio,180790071158041,1000000000,180790.10879158333,true
video,180790111964250,1000000000,180790.11126320835,true
video,180790128630833,1000000000,180790.12838495834,true
audio,180790091158083,1000000000,180790.1300430417,true
video,180790145297458,1000000000,180790.14510458335,true
audio,180790111158083,1000000000,180790.151367125,true
video,180790161964041,1000000000,180790.162042125,true
audio,180790131158083,1000000000,180790.17274225,true
video,180790178630625,1000000000,180790.17895429168,true
audio,180790151158083,1000000000,180790.19411466666,true
video,180790195297208,1000000000,180790.19551495835,true
audio,180790171158083,1000000000,180790.21542925,true
video,180790220297250,1000000000,180790.21554420833,true
video,180790236963708,1000000000,180790.23219175002,true
audio,180790191158083,1000000000,180790.2367405,true
video,180790253630250,1000000000,180790.25020654168,true
audio,180790211158083,1000000000,180790.25807725,true
video,180790270296916,1000000000,180790.26717900002,true
audio,180790231158083,1000000000,180790.27939937502,true
audio,180790251158083,1000000000,180790.27944083334,true
video,180790286963416,1000000000,180790.28404104168,true
audio,180790271158083,1000000000,180790.30078820835,true
video,180790303630000,1000000000,180790.3014899167,true
video,180790320296625,1000000000,180790.31808895833,true
audio,180790291158041,1000000000,180790.32206533334,true
video,180790336963375,1000000000,180790.335972875,true
audio,180790311158083,1000000000,180790.34341704167,true
video,180790353629833,1000000000,180790.3526074167,true
audio,180790331158083,1000000000,180790.36470908334,true
video,180790370296375,1000000000,180790.36977870835,true
audio,180790351158083,1000000000,180790.38607920834,true
video,180790386963000,1000000000,180790.38716241668,true
video,180790403629708,1000000000,180790.40412429167,true
audio,180790371158083,1000000000,180790.40742608334,true
video,180790428629458,1000000000,180790.42409383334,true
audio,180790391158083,1000000000,180790.428750625,true
video,180790445296083,1000000000,180790.44190425,true
audio,180790411158083,1000000000,180790.45008158335,true
video,180790461962666,1000000000,180790.45956437502,true
audio,180790431158083,1000000000,180790.47135691668,true
video,180790478629250,1000000000,180790.476253875,true
audio,180790451158083,1000000000,180790.49274108335,true
video,180790495295833,1000000000,180790.49329075002,true
video,180790511962458,1000000000,180790.51035320834,true
audio,180790471158083,1000000000,180790.5140635,true
video,180790528629041,1000000000,180790.52813479168,true
audio,180790491158083,1000000000,180790.53537495833,true
video,180790536962333,1000000000,180790.5453214167,true
audio,180790511158041,1000000000,180790.55674470833,true
video,180790553628916,1000000000,180790.56211129169,true
audio,180790531158083,1000000000,180790.57809779167,true
video,180790578628791,1000000000,180790.57932850003,true
video,180790595295416,1000000000,180790.59747150002,true
audio,180790551158083,1000000000,180790.59935054168,true
audio,180790571158041,1000000000,180790.599404375,true
video,180790620295250,1000000000,180790.614831125,true
audio,180790591158083,1000000000,180790.6207495,true
video,180790636961916,1000000000,180790.63163454167,true
audio,180790611158083,1000000000,180790.6420677917,true
audio,180790631158083,1000000000,180790.66336433333,true
video,180790661961750,1000000000,180790.66660712502,true
video,180790678628375,1000000000,180790.6837020417,true
audio,180790651158083,1000000000,180790.68473408333,true
video,180790703628208,1000000000,180790.70037616667,true
audio,180790671158083,1000000000,180790.7060541667,true
video,180790720294875,1000000000,180790.71786645835,true
audio,180790691158083,1000000000,180790.72739220836,true
video,180790736961458,1000000000,180790.73548016668,true
audio,180790711158083,1000000000,180790.74868816667,true
video,180790753628041,1000000000,180790.75218087502,true
video,180790770294625,1000000000,180790.76971083335,true
audio,180790731158083,1000000000,180790.76997466668,true
video,180790786961208,1000000000,180790.78673329166,true
audio,180790751158083,1000000000,180790.79136658335,true
video,180790803627750,1000000000,180790.80394125002,true
audio,180790771158083,1000000000,180790.812695125,true
video,180790820294500,1000000000,180790.82065150002,true
audio,180790791158041,1000000000,180790.83412412502,true
video,180790836961125,1000000000,180790.83730466667,true
audio,180790811158083,1000000000,180790.85541733334,true
video,180790861960833,1000000000,180790.85766254168,true
video,180790878627458,1000000000,180790.87546841666,true
audio,180790831158083,1000000000,180790.87680016668,true
video,180790895294041,1000000000,180790.89267333335,true
audio,180790851158083,1000000000,180790.89813395834,true
video,180790911960625,1000000000,180790.90977337502,true
audio,180790871158083,1000000000,180790.91939645834,true
video,180790928627208,1000000000,180790.92736029168,true
audio,180790891158083,1000000000,180790.94093595835,true
video,180790945293958,1000000000,180790.94427883334,true
video,180790961960416,1000000000,180790.96104395835,true
audio,180790911158083,1000000000,180790.9620735,true
audio,180790931158083,1000000000,180790.9621129167,true
video,180790978627000,1000000000,180790.97861733334,true
audio,180790951158083,1000000000,180790.98341266668,true
video,180790995293583,1000000000,180790.99540191668,true
audio,180790971158083,1000000000,180791.00480287502,true
video,180791011960333,1000000000,180791.01212229166,true
audio,180790991158083,1000000000,180791.026195,true
video,180791020293500,1000000000,180791.02892433334,true
audio,180791011158041,1000000000,180791.04739508335,true
video,180791053626666,1000000000,180791.04927829167,true
video,180791061959958,1000000000,180791.06709404167,true
audio,180791031158083,1000000000,180791.068718375,true
video,180791086959791,1000000000,180791.08435675,true
audio,180791051158083,1000000000,180791.09007325,true
video,180791103626458,1000000000,180791.101097625,true
audio,180791071158041,1000000000,180791.11137766668,true
video,180791120293166,1000000000,180791.11895954167,true
audio,180791091158083,1000000000,180791.13284020833,true
video,180791136959708,1000000000,180791.13630325,true
video,180791153626208,1000000000,180791.154007125,true
audio,180791111158083,1000000000,180791.15405158335,true
video,180791170292791,1000000000,180791.17048200002,true
audio,180791131158083,1000000000,180791.17544058335,true
video,180791195292708,1000000000,180791.19040233333,true
audio,180791151158083,1000000000,180791.196743625,true
video,180791211959291,1000000000,180791.20825154168,true
audio,180791171158083,1000000000,180791.21818816668,true
video,180791228625875,1000000000,180791.22564945836,true
audio,180791191158083,1000000000,180791.23944670835,true
video,180791245292458,1000000000,180791.24252483333,true
video,180791261959166,1000000000,180791.26011354168,true
audio,180791211158083,1000000000,180791.26072458335,true
video,180791278625791,1000000000,180791.277000625,true
audio,180791231158083,1000000000,180791.282061,true
audio,180791251158083,1000000000,180791.28211133333,true
video,180791295292250,1000000000,180791.29410679167,true
audio,180791271158083,1000000000,180791.30343008335,true
video,180791311958958,1000000000,180791.3112285417,true
audio,180791291158041,1000000000,180791.32478687502,true
video,180791328625458,1000000000,180791.32842333335,true
video,180791345292000,1000000000,180791.34567045834,true
audio,180791311158083,1000000000,180791.34606095834,true
video,180791361958583,1000000000,180791.36246133334,true
audio,180791331158083,1000000000,180791.36742016667,true
video,180791386958583,1000000000,180791.3827416667,true
audio,180791351158083,1000000000,180791.38874750002,true
video,180791403625083,1000000000,180791.39938458335,true
audio,180791371158083,1000000000,180791.41017558335,true
video,180791420291791,1000000000,180791.4173511667,true
audio,180791391158083,1000000000,180791.43143858336,true
video,180791436958250,1000000000,180791.4344475,true
video,180791453624833,1000000000,180791.45171495836,true
audio,180791411158083,1000000000,180791.45269416668,true
video,180791470291541,1000000000,180791.46951391667,true
audio,180791431158083,1000000000,180791.47403833334,true
video,180791486958041,1000000000,180791.48650466668,true
audio,180791451158083,1000000000,180791.49538108334,true
video,180791503624625,1000000000,180791.5034071667,true
audio,180791471158083,1000000000,180791.51673958334,true
video,180791520291208,1000000000,180791.52057258334,true
audio,180791491158083,1000000000,180791.53811670834,true
video,180791545291083,1000000000,180791.54105654167,true
video,180791561957791,1000000000,180791.55900945835,true
audio,180791511158041,1000000000,180791.55935258334,true
video,180791578624291,1000000000,180791.57590829168,true
audio,180791531158083,1000000000,180791.58069587502,true
video,180791595290875,1000000000,180791.59317887502,true
audio,180791551158083,1000000000,180791.60206575002,true
audio,180791571158041,1000000000,180791.60209783335,true
video,180791611957458,1000000000,180791.610091375,true
audio,180791591158083,1000000000,180791.6233959167,true
video,180791628624041,1000000000,180791.62714679167,true
audio,180791611158083,1000000000,180791.64476058335,true
video,180791645290666,1000000000,180791.644918125,true
video,180791661957250,1000000000,180791.66230091668,true
audio,180791631158083,1000000000,180791.6660476667,true
video,180791686957250,1000000000,180791.68241183335,true
audio,180791651158083,1000000000,180791.687400875,true
video,180791703623750,1000000000,180791.70014520834,true
audio,180791671158083,1000000000,180791.70873620835,true
video,180791720290333,1000000000,180791.71709566668,true
audio,180791691158083,1000000000,180791.73006841668,true
video,180791736956916,1000000000,180791.73427958335,true
audio,180791711158083,1000000000,180791.75146616666,true
video,180791753623500,1000000000,180791.75160616668,true
video,180791770290125,1000000000,180791.7693721667,true
audio,180791731158083,1000000000,180791.77278316667,true
video,180791786956666,1000000000,180791.78615979166,true
audio,180791751158083,1000000000,180791.79408420835,true
video,180791803623333,1000000000,180791.803132375,true
audio,180791771158083,1000000000,180791.81545454168,true
video,180791820289875,1000000000,180791.82053408335,true
audio,180791791158041,1000000000,180791.83676204167,true
video,180791836956458,1000000000,180791.83716341667,true
audio,180791811158083,1000000000,180791.847358875,true
video,180791861956333,1000000000,180791.857228,true
audio,180791831158083,1000000000,180791.86877175,true
video,180791878622875,1000000000,180791.87531275002,true
audio,180791851158083,1000000000,180791.89002570836,true
video,180791895289500,1000000000,180791.89218808335,true
video,180791911956083,1000000000,180791.9090800417,true
